cat_id,img_id,override_caption
7470652003027255296,7470595713714356260,
7470652003027255296,7470595713714356292,
7470652003027255296,7470595713714356293,
7470652003027255296,7470595713714356294,
7470652003027255296,7470595713714356295,
7470652003027255296,7470595713714356296,
7470652003027255296,7470595713714356297,
7470652003027255296,7470595713714356298,
7470652003027255296,7470595713714356299,
7470652003027255296,7470595713714356300,
7470652003027255296,7470595713714356301,
7470652003027255296,7470595713714356302,
7470652003027255296,7470595713714356303,
7470652003027255296,7470595713714356304,
7470652003027255296,7470595713714356305,
7470652003027255296,7470595713714356306,
7470652003027255296,7470595713714356307,
7470652003027255296,7470595713714356308,
7470652003027255296,7470595713714356309,
7470652003027255296,7470595713714356310,
7470652003027255296,7470595713714356311,
7470652003027255296,7470595713714356312,
7470652003027255296,7470595713714356313,
7470652003027255296,7470595713714356314,
7470652003027255296,7470595713714356315,
7470652003027255296,7470595713714356316,
7470652003027255296,7470595713714356317,
7470652003027255296,7470595713714356318,
7470652003027255296,7470595713714356319,
7470652003027255296,7470595713714356320,
7470652003027255296,7470595713714356321,
7470652003027255296,7470595713714356322,
7470652003027255296,7470595713714356323,
7470652003027255296,7470595713714356324,
7470652003027255296,7470595713714356325,
7470652003027255296,7470595713714356326,
7470652003027255296,7470595713714356327,
7470652003027255296,7470595713714356328,
7470652003027255296,7470595713714356329,
7470652003027255296,7470595713714356330,
7470652003027255296,7470595713714356331,
7470652003027255296,7470595713714356332,
7470652003027255296,7470595713714356333,
7470652003027255296,7470595713714356334,
7470652003027255296,7470595713714356335,
7470652003027255296,7470595713714356336,
7470652003027255296,7470595713714356337,
7470652003027255296,7470595713714356338,
7470652003027255296,7470595713714356339,
7470652003027255296,7470595713714356340,
7470652003027255296,7470595713714356341,
7470652003027255296,7470595713714356342,
7470652003027255296,7470595713714356343,
7470652003027255296,7470595713714356344,
7470652003027255296,7470595713714356345,
7470652003027255296,7470595713714356346,
7470652003027255296,7470595713714356347,
7470652003027255296,7470595713714356348,
7470652003027255296,7470595713714356349,
7470652003027255296,7470595713714356350,
7470652003027255296,7470595713714356351,
7470652003027255296,7470595713714356352,
7470652003027255296,7470595713714356353,
7470652003027255296,7470595713714356354,
7470652003027255296,7470595713714356355,
7470652003027255296,7470595713714356356,
7470652003027255296,7470595713714356357,
7470652003027255296,7470595713714356358,
7470652003027255296,7470595713714356359,
7470652003027255296,7470595713714356360,
7470652003027255296,7471648281170801511,
7470652003027255296,7471648320886222810,
7470652003027255296,7471649501717255138,
7470652003027255296,7471649560338952021,
7470652003027255296,7471649605427249289,
7470652003027255296,7471649645076961028,
7470652003027255297,7470595713714356261,
7470652003027255297,7470595713714356262,
7470652003027255297,7470595713714356263,
7470652003027255297,7470595713714356264,
7470652003027255297,7470595713714356265,
7470652003027255297,7470595713714356266,
7470652003027255297,7470595713714356267,
7470652003027255297,7470595713714356268,
7470652003027255297,7470595713714356269,
7470652003027255297,7470595713714356270,
7470652003027255297,7470595713714356271,
7470652003027255297,7470595713714356272,
7470652003027255297,7470595713714356273,
7470652003027255297,7470595713714356274,
7470652003027255297,7470595713714356275,
7470652003027255297,7470595713714356276,
7470652003027255297,7470595713714356277,
7470652003027255297,7470595713714356278,
7470652003027255297,7470595713714356279,
7470652003027255297,7470595713714356280,
7470652003027255297,7470595713714356281,
7470652003027255297,7470595713714356282,
7470652003027255297,7470595713714356283,
7470652003027255297,7470595713714356284,
7470652003027255297,7470595713714356285,
7470652003027255297,7470595713714356286,
7470652003027255297,7470595713714356287,
7470652003027255297,7470595713714356288,
7470652003027255297,7470595713714356289,
7470652003027255297,7470595713714356290,
7470652003027255297,7470595713714356291,
7470652003027255297,7470595713781465365,
7470652003027255297,7470595713781465380,
7470652003027255298,7470595713689190668,
7470652003027255298,7470595713689190669,
7470652003027255298,7470595713689190670,
7470652003027255298,7470595713689190671,
7470652003027255298,7470595713689190672,
7470652003027255298,7470595713689190673,
7470652003027255298,7470595713689190674,
7470652003027255298,7470595713689190675,
7470652003027255298,7470595713689190676,
7470652003027255298,7470595713689190677,
7470652003027255298,7470595713689190678,
7470652003027255298,7470595713689190679,
7470652003027255298,7470595713689190680,
7470652003027255298,7470595713689190681,
7470652003027255298,7470595713689190682,
7470652003027255298,7470595713689190683,
7470652003027255298,7470595713689190684,
7470652003027255298,7470595713693384704,
7470652003027255298,7470595713693384705,
7470652003027255298,7470595713693384706,
7470652003027255298,7470595713693384707,
7470652003027255298,7470595713693384708,
7470652003027255298,7470595713693384709,
7470652003027255298,7470595713693384710,
7470652003027255298,7470595713693384711,
7470652003027255298,7470595713693384712,
7470652003027255298,7470595713693384713,
7470652003027255298,7470595713693384714,
7470652003027255298,7470595713693384715,
7470652003027255298,7470595713693384716,
7470652003027255298,7470595713693384717,
7470652003027255298,7470595713693384718,
7470652003027255298,7470595713693384719,
7470652003027255298,7470595713693384720,
7470652003027255298,7470595713693384721,
7470652003027255298,7470595713693384722,
7470652003027255298,7470595713693384723,
7470652003027255298,7470595713693384724,
7470652003027255298,7470595713693384725,
7470652003027255298,7470595713693384726,
7470652003027255298,7470595713693384727,
7470652003027255298,7470595713693384728,
7470652003027255298,7470595713693384729,
7470652003027255298,7470595713693384730,
7470652003027255298,7470595713693384731,
7470652003027255298,7470595713693384732,
7470652003027255298,7470595713693384733,
7470652003027255298,7470595713693384734,
7470652003027255298,7470595713693384735,
7470652003027255298,7470595713693384736,
7470652003027255298,7470595713693384737,
7470652003027255298,7470595713693384738,
7470652003027255298,7470595713693384739,
7470652003027255298,7470595713693384740,
7470652003027255298,7470595713693384741,
7470652003027255298,7470595713693384742,
7470652003027255298,7470595713693384743,
7470652003027255298,7470595713693384744,
7470652003027255298,7470595713693384745,
7470652003027255298,7470595713693384746,
7470652003027255298,7470595713693384747,
7470652003027255298,7470595713693384748,
7470652003027255298,7470595713693384749,
7470652003027255298,7470595713693384750,
7470652003027255298,7470595713693384751,
7470652003027255298,7470595713693384752,
7470652003027255298,7470595713693384753,
7470652003027255298,7470595713693384754,
7470652003027255298,7470595713693384755,
7470652003027255298,7470595713693384756,
7470652003027255298,7470595713693384757,
7470652003027255298,7470595713693384758,
7470652003027255298,7470595713693384759,
7470652003027255298,7470595713693384760,
7470652003027255298,7470595713693384761,
7470652003027255298,7470595713693384762,
7470652003027255298,7470595713693384763,
7470652003027255298,7470595713693384764,
7470652003027255298,7470595713693384765,
7470652003027255298,7470595713693384766,
7470652003027255298,7470595713693384767,
7470652003027255298,7470595713693384768,
7470652003027255298,7470595713693384769,
7470652003027255298,7470595713693384770,
7470652003027255298,7470595713693384771,
7470652003027255298,7470595713693384772,
7470652003027255298,7470595713693384773,
7470652003027255298,7470595713693384774,
7470652003027255298,7470595713693384775,
7470652003027255298,7470595713693384776,
7470652003027255298,7470595713693384777,
7470652003027255298,7470595713693384778,
7470652003027255298,7470595713693384779,
7470652003027255298,7470595713693384780,
7470652003027255298,7470595713693384781,
7470652003027255298,7470595713693384782,
7470652003027255298,7470595713693384783,
7470652003027255298,7470595713693384784,
7470652003027255298,7470595713693384785,
7470652003027255298,7470595713693384786,
7470652003027255298,7470595713693384787,
7470652003027255298,7470595713693384788,
7470652003027255298,7470595713693384789,
7470652003027255298,7470595713693384790,
7470652003027255298,7470595713693384791,
7470652003027255298,7470595713693384792,
7470652003027255298,7470595713693384793,
7470652003027255298,7470595713693384794,
7470652003027255298,7470595713693384795,
7470652003027255298,7470595713693384796,
7470652003027255298,7470595713693384797,
7470652003027255298,7470595713693384798,
7470652003027255298,7470595713693384799,
7470652003027255298,7470595713693384800,
7470652003027255298,7470595713693384801,
7470652003027255298,7470595713693384802,
7470652003027255298,7470595713693384803,
7470652003027255298,7470595713693384804,
7470652003027255298,7470595713693384805,
7470652003027255298,7470595713693384806,
7470652003027255298,7470595713693384807,
7470652003027255298,7470595713693384808,
7470652003027255298,7470595713693384809,
7470652003027255298,7470595713693384810,
7470652003027255298,7470595713693384811,
7470652003027255298,7470595713693384812,
7470652003027255298,7470595713693384813,
7470652003027255298,7470595713693384814,
7470652003027255298,7470595713693384815,
7470652003027255298,7470595713693384816,
7470652003027255298,7470595713693384817,
7470652003027255298,7470595713693384818,
7470652003027255298,7470595713693384819,
7470652003027255298,7470595713693384820,
7470652003027255298,7470595713693384821,
7470652003027255298,7470595713693384822,
7470652003027255298,7470595713693384823,
7470652003027255298,7470595713693384824,
7470652003027255298,7470595713693384825,
7470652003027255298,7470595713693384826,
7470652003027255298,7470595713693384827,
7470652003027255298,7470595713693384828,
7470652003027255298,7473208335412704999,
7470652003027255298,7473208335416542664,
7470652003027255299,7470595713773076662,
7470652003027255299,7470595713773076664,
7470652003027255299,7470595713773076665,
7470652003027255299,7470595713806631176,
7470652003027255299,7470595713806631177,
7470652003027255299,7470595713806631178,
7470652003027255299,7470595713806631179,
7470652003027255299,7470595713806631180,
7470652003027255299,7470595713806631181,
7470652003027255299,7470595713806631182,
7470652003027255299,7470595713806631183,
7470652003027255299,7470595713806631184,
7470652003027255299,7470595713806631185,
7470652003027255299,7470595713806631186,
7470652003027255299,7470595713806631187,
7470652003027255299,7470595713806631188,
7470652003027255299,7470595713806631189,
7470652003027255299,7470595713806631190,
7470652003027255299,7470595713806631191,
7470652003027255299,7470595713806631192,
7470652003027255299,7470595713806631193,
7470652003027255299,7470595713806631220,
7470652003027255299,7470595713806631221,
7470652003027255299,7470595713806631222,
7470652003027255299,7470595713806631223,
7470652003027255299,7470595713806631224,
7470652003027255299,7470595713806631225,
7470652003027255299,7470595713806631226,
7470652003027255299,7470595713810825216,
7470652003027255299,7470595713810825217,
7470652003027255299,7470595713810825218,
7470652003027255299,7470595713810825219,
7470652003027255299,7470595713810825220,
7470652003027255299,7470595713810825221,
7470652003027255299,7470595713810825222,
7470652003027255299,7470595713810825223,
7470652003027255299,7470595713810825224,
7470652003027255299,7470595713810825225,
7470652003027255299,7470595713810825226,
7470652003027255299,7470595713810825227,
7470652003027255299,7470595713810825228,
7470652003027255299,7470595713810825229,
7470652003027255299,7470595713810825230,
7470652003027255299,7470595713810825231,
7470652003027255299,7470595713810825232,
7470652003027255299,7470595713810825233,
7470652003027255299,7470595713810825234,
7470652003027255299,7470595713810825235,
7470652003027255299,7470595713810825236,
7470652003027255299,7470595713810825237,
7470652003027255299,7470595713810825238,
7470652003027255299,7470595713810825239,
7470652003027255299,7470595713810825240,
7470652003027255299,7470595713810825241,
7470652003027255299,7470595713810825242,
7470652003027255299,7470595713810825243,
7470652003027255299,7470595713810825244,
7470652003027255299,7470595713810825245,
7470652003027255299,7470595713810825246,
7470652003027255299,7470595713810825247,
7470652003027255299,7470595713810825248,
7470652003027255299,7470595713810825249,
7470652003027255299,7470595713810825250,
7470652003027255299,7470595713810825251,
7470652003027255299,7470595713810825252,
7470652003027255299,7470595713810825253,
7470652003027255299,7470595713810825254,
7470652003027255299,7470595713810825255,
7470652003027255299,7470595713810825256,
7470652003027255299,7470595713810825257,
7470652003027255299,7470595713810825258,
7470652003027255299,7470595713810825259,
7470652003027255299,7470595713810825260,
7470652003027255299,7470595713810825261,
7470652003027255299,7470595713810825262,
7470652003027255299,7470595713810825263,
7470652003027255299,7470595713810825264,
7470652003027255299,7470595713810825265,
7470652003027255299,7470595713810825266,
7470652003027255299,7470595713810825267,
7470652003027255299,7470595713810825268,
7470652003027255299,7470595713810825269,
7470652003027255299,7470595713810825270,
7470652003027255299,7470595713810825271,
7470652003027255299,7470595713810825272,
7470652003027255299,7470595713810825273,
7470652003027255299,7470595713810825274,
7470652003027255299,7470595713810825275,
7470652003027255299,7470595713810825276,
7470652003027255299,7470595713810825277,
7470652003027255299,7470595713810825278,
7470652003027255299,7470595713810825279,
7470652003027255299,7470595713810825280,
7470652003027255299,7470595713810825281,
7470652003027255299,7470595713810825282,
7470652003027255299,7470595713810825283,
7470652003027255299,7470595713810825284,
7470652003027255299,7470595713810825285,
7470652003027255299,7470595713810825286,
7470652003027255299,7470595713810825287,
7470652003027255299,7470595713810825288,
7470652003027255299,7470595713810825289,
7470652003027255299,7470595713810825290,
7470652003027255299,7470595713810825291,
7470652003027255299,7470595713810825292,
7470652003027255299,7470595713810825293,
7470652003027255299,7470595713810825294,
7470652003027255299,7470595713810825295,
7470652003027255299,7470595713810825296,
7470652003027255299,7470595713810825297,
7470652003027255299,7470595713810825298,
7470652003027255299,7470595713810825299,
7470652003027255299,7470595713810825300,
7470652003027255299,7470595713810825301,
7470652003027255299,7470595713810825302,
7470652003027255299,7470595713810825303,
7470652003027255299,7470595713810825304,
7470652003027255299,7470595713810825400,
7470652003027255299,7470595713810825401,
7470652003027255299,7470595713810825402,
7470652003027255299,7470595713810825403,
7470652003027255299,7470595713810825404,
7470652003027255299,7470595713810825405,
7470652003027255299,7470595713810825406,
7470652003027255299,7470595713810825407,
7470652003027255299,7470595713810825408,
7470652003027255299,7470595713810825409,
7470652003027255299,7470595713810825410,
7470652003027255299,7470595713810825411,
7470652003027255299,7470595713810825412,
7470652003027255299,7470595713810825413,
7470652003027255299,7470595713810825414,
7470652003027255299,7470595713810825415,
7470652003027255299,7470595713810825416,
7470652003027255299,7470595713810825417,
7470652003027255299,7470595713810825418,
7470652003027255299,7470595713810825419,
7470652003027255299,7470595713810825420,
7470652003027255299,7470595713810825421,
7470652003027255299,7470595713810825422,
7470652003027255299,7470595713810825423,
7470652003027255299,7470595713810825424,
7470652003027255299,7470595713810825425,
7470652003027255299,7470595713810825426,
7470652003027255299,7470595713810825427,
7470652003027255299,7470595713810825428,
7470652003027255299,7470595713810825429,
7470652003027255299,7470595713810825430,
7470652003027255299,7470595713810825431,
7470652003027255299,7470595713810825432,
7470652003027255299,7470595713810825433,
7470652003027255299,7470595713810825434,
7470652003027255299,7470595713810825435,
7470652003027255299,7470595713810825436,
7470652003027255299,7470595713810825437,
7470652003027255299,7470595713810825438,
7470652003027255299,7470595713810825439,
7470652003027255299,7470595713810825440,
7470652003027255299,7470595713810825441,
7470652003027255299,7470595713810825442,
7470652003027255299,7470595713810825443,
7470652003027255299,7470595713810825444,
7470652003027255299,7470595713810825445,
7470652003027255299,7470595713810825446,
7470652003027255299,7470595713810825447,
7470652003027255299,7470595713810825448,
7470652003027255299,7470595713810825449,
7470652003027255299,7470595713810825450,
7470652003027255299,7470595713810825451,
7470652003027255299,7470595713810825452,
7470652003027255299,7470595713810825453,
7470652003027255299,7470595713810825454,
7470652003027255299,7470595713810825455,
7470652003027255299,7470595713810825456,
7470652003027255299,7470595713810825457,
7470652003027255299,7470595713810825458,
7470652003027255299,7470595713810825459,
7470652003027255299,7470595713810825460,
7470652003027255299,7471647546650883260,
7470652003027255299,7471647575360395662,
7470652003027255299,7472313540515698561,
7470652003027255299,7472371116858291258,
7470652003027255299,7472371116863582888,
7470652003027255299,7472371116864225290,
7470652003027255299,7473208335299639943,
7470652003027255299,7473208335401699034,
7470652003027255300,7470595713810825305,
7470652003027255300,7470595713810825306,
7470652003027255300,7470595713810825307,
7470652003027255300,7470595713810825308,
7470652003027255300,7470595713810825309,
7470652003027255300,7470595713810825310,
7470652003027255300,7470595713810825311,
7470652003027255300,7470595713810825312,
7470652003027255300,7470595713810825313,
7470652003027255300,7470595713810825314,
7470652003027255300,7470595713810825315,
7470652003027255300,7470595713810825316,
7470652003027255300,7470595713810825317,
7470652003027255300,7470595713810825318,
7470652003027255300,7470595713810825319,
7470652003027255300,7470595713810825320,
7470652003027255300,7470595713810825321,
7470652003027255300,7470595713810825322,
7470652003027255300,7470595713810825323,
7470652003027255300,7470595713810825324,
7470652003027255300,7470595713810825325,
7470652003027255300,7470595713810825326,
7470652003027255300,7470595713810825327,
7470652003027255300,7470595713810825328,
7470652003027255300,7470595713810825329,
7470652003027255300,7470595713810825330,
7470652003027255300,7470595713810825331,
7470652003027255300,7470595713810825332,
7470652003027255300,7470595713810825333,
7470652003027255300,7470595713810825334,
7470652003027255300,7470595713810825335,
7470652003027255300,7470595713810825336,
7470652003027255300,7470595713810825337,
7470652003027255300,7470595713810825338,
7470652003027255300,7470595713810825339,
7470652003027255300,7470595713810825340,
7470652003027255300,7470595713810825341,
7470652003027255300,7470595713810825342,
7470652003027255300,7470595713810825343,
7470652003027255300,7470595713810825344,
7470652003027255300,7470595713810825345,
7470652003027255300,7470595713810825346,
7470652003027255300,7470595713810825347,
7470652003027255300,7470595713810825348,
7470652003027255300,7470595713810825349,
7470652003027255300,7470595713810825350,
7470652003027255300,7470595713810825351,
7470652003027255300,7470595713810825352,
7470652003027255300,7470595713810825353,
7470652003027255300,7470595713810825354,
7470652003027255300,7470595713810825355,
7470652003027255300,7470595713810825356,
7470652003027255300,7470595713810825357,
7470652003027255300,7470595713810825358,
7470652003027255300,7470595713810825359,
7470652003027255300,7470595713810825360,
7470652003027255300,7470595713810825361,
7470652003027255300,7470595713810825362,
7470652003027255300,7470595713810825363,
7470652003027255300,7470595713810825364,
7470652003027255300,7470595713810825365,
7470652003027255300,7470595713810825366,
7470652003027255300,7470595713810825367,
7470652003027255300,7470595713810825368,
7470652003027255300,7470595713810825369,
7470652003027255300,7470595713810825370,
7470652003027255300,7470595713810825371,
7470652003027255300,7470595713810825372,
7470652003027255300,7470595713810825373,
7470652003027255300,7470595713810825374,
7470652003027255300,7470595713810825375,
7470652003027255300,7470595713810825376,
7470652003027255300,7470595713810825377,
7470652003027255300,7470595713810825378,
7470652003027255300,7470595713810825379,
7470652003027255300,7470595713810825380,
7470652003027255300,7470595713810825381,
7470652003027255300,7470595713810825382,
7470652003027255300,7470595713810825383,
7470652003027255300,7470595713810825384,
7470652003027255300,7470595713810825385,
7470652003027255300,7470595713810825386,
7470652003027255300,7470595713810825387,
7470652003027255300,7470595713810825388,
7470652003027255300,7470595713810825389,
7470652003027255300,7470595713810825390,
7470652003027255300,7470595713810825391,
7470652003027255300,7470595713810825392,
7470652003027255300,7470595713810825393,
7470652003027255300,7470595713810825394,
7470652003027255300,7470595713810825395,
7470652003027255300,7470595713810825396,
7470652003027255300,7470595713810825397,
7470652003027255300,7470595713810825398,
7470652003027255300,7470595713810825399,
7470652003031449600,7470595713806631194,
7470652003031449600,7470595713806631195,
7470652003031449600,7470595713806631196,
7470652003031449600,7470595713806631197,
7470652003031449600,7470595713806631198,
7470652003031449600,7470595713806631199,
7470652003031449600,7470595713806631200,
7470652003031449600,7470595713806631201,
7470652003031449600,7470595713806631202,
7470652003031449600,7470595713806631203,
7470652003031449600,7470595713806631204,
7470652003031449600,7470595713806631205,
7470652003031449600,7470595713806631206,
7470652003031449600,7470595713806631207,
7470652003031449600,7470595713806631208,
7470652003031449600,7470595713806631209,
7470652003031449600,7470595713806631210,
7470652003031449600,7470595713806631211,
7470652003031449600,7470595713806631212,
7470652003031449600,7470595713806631213,
7470652003031449600,7470595713806631214,
7470652003031449600,7470595713806631215,
7470652003031449600,7470595713806631216,
7470652003031449600,7470595713806631217,
7470652003031449600,7470595713806631218,
7470652003031449600,7470595713806631219,
7470652003031449601,7470595713659830507,
7470652003031449601,7470595713659830508,
7470652003031449601,7470595713659830509,
7470652003031449601,7470595713659830510,
7470652003031449601,7470595713659830511,
7470652003031449601,7470595713659830512,
7470652003031449601,7470595713659830513,
7470652003031449601,7470595713659830514,
7470652003031449601,7470595713659830515,
7470652003031449601,7470595713659830516,
7470652003031449601,7470595713659830517,
7470652003031449601,7470595713659830518,
7470652003031449601,7470595713659830519,
7470652003031449601,7470595713659830520,
7470652003031449601,7470595713659830521,
7470652003031449601,7470595713659830522,
7470652003031449601,7470595713659830523,
7470652003031449601,7470595713659830524,
7470652003031449601,7470595713659830525,
7470652003031449601,7470595713659830526,
7470652003031449601,7470595713659830527,
7470652003031449601,7470595713659830528,
7470652003031449601,7470595713659830529,
7470652003031449601,7470595713659830530,
7470652003031449601,7470595713659830531,
7470652003031449601,7470595713659830532,
7470652003031449601,7470595713659830533,
7470652003031449601,7470595713659830534,
7470652003031449601,7470595713659830535,
7470652003031449601,7470595713659830536,
7470652003031449601,7470595713659830537,
7470652003031449601,7470595713659830538,
7470652003031449601,7470595713659830539,
7470652003031449601,7470595713659830540,
7470652003031449601,7470595713659830541,
7470652003031449601,7470595713659830542,
7470652003031449601,7470595713659830543,
7470652003031449601,7470595713659830544,
7470652003031449601,7470595713659830545,
7470652003031449601,7470595713659830546,
7470652003031449601,7470595713664024576,
7470652003031449601,7470595713664024577,
7470652003031449601,7470595713664024578,
7470652003031449601,7470595713664024579,
7470652003031449601,7470595713664024580,
7470652003031449601,7470595713664024581,
7470652003031449601,7470595713664024582,
7470652003031449601,7470595713664024583,
7470652003031449601,7470595713664024584,
7470652003031449601,7470595713664024585,
7470652003031449601,7470595713664024586,
7470652003031449601,7470595713664024587,
7470652003031449601,7470595713664024588,
7470652003031449601,7470595713664024589,
7470652003031449601,7470595713664024590,
7470652003031449601,7470595713664024591,
7470652003031449601,7470595713664024592,
7470652003031449601,7470595713664024593,
7470652003031449601,7470595713664024594,
7470652003031449601,7470595713664024595,
7470652003031449601,7470595713664024596,
7470652003031449601,7470595713664024597,
7470652003031449601,7470595713664024598,
7470652003031449601,7470595713664024599,
7470652003031449601,7470595713664024600,
7470652003031449601,7470595713664024601,
7470652003031449601,7470595713664024602,
7470652003031449601,7470595713664024603,
7470652003031449601,7470595713664024604,
7470652003031449601,7470595713664024605,
7470652003031449601,7470595713664024606,
7470652003031449601,7470595713664024607,
7470652003031449601,7470595713664024608,
7470652003031449601,7470595713664024609,
7470652003031449601,7470595713664024610,
7470652003031449601,7470595713664024611,
7470652003031449601,7470595713664024612,
7470652003031449601,7470595713664024613,
7470652003031449601,7470595713664024614,
7470652003031449601,7470595713664024615,
7470652003031449601,7470595713664024616,
7470652003031449601,7470595713664024617,
7470652003031449601,7470595713664024618,
7470652003031449601,7470595713664024619,
7470652003031449601,7470595713664024620,
7470652003031449601,7470595713664024621,
7470652003031449601,7470595713664024622,
7470652003031449601,7470595713664024623,
7470652003031449601,7470595713664024624,
7470652003031449601,7470595713664024625,
7470652003031449601,7470595713664024626,
7470652003031449601,7470595713664024627,
7470652003031449601,7470595713664024628,
7470652003031449601,7470595713664024629,
7470652003031449601,7470595713664024630,
7470652003031449601,7470595713664024631,
7470652003031449601,7470595713664024632,
7470652003031449601,7470595713664024633,
7470652003031449601,7470595713664024634,
7470652003031449601,7470595713664024635,
7470652003031449601,7470595713664024636,
7470652003031449601,7470595713664024637,
7470652003031449601,7470595713664024638,
7470652003031449601,7470595713664024639,
7470652003031449601,7470595713664024640,
7470652003031449601,7470595713664024641,
7470652003031449601,7470595713664024642,
7470652003031449601,7470595713664024643,
7470652003031449601,7470595713664024644,
7470652003031449601,7470595713664024645,
7470652003031449601,7470595713664024646,
7470652003031449601,7470595713664024647,
7470652003031449601,7470595713664024648,
7470652003031449601,7470595713664024649,
7470652003031449601,7470595713664024650,
7470652003031449601,7470595713664024651,
7470652003031449601,7470595713664024652,
7470652003031449601,7470595713664024653,
7470652003031449601,7470595713664024654,
7470652003031449601,7470595713664024655,
7470652003031449601,7470595713664024656,
7470652003031449601,7470595713664024657,
7470652003031449601,7470595713664024658,
7470652003031449601,7470595713664024659,
7470652003031449601,7470595713664024660,
7470652003031449601,7470595713664024661,
7470652003031449601,7470595713664024662,
7470652003031449601,7470595713664024663,
7470652003031449601,7470595713664024664,
7470652003031449601,7470595713664024665,
7470652003031449601,7470595713664024666,
7470652003031449601,7470595713664024667,
7470652003031449601,7470595713664024668,
7470652003031449601,7470595713664024669,
7470652003031449601,7470595713664024670,
7470652003031449601,7470595713664024671,
7470652003031449601,7470595713664024672,
7470652003031449601,7470595713664024673,
7470652003031449601,7470595713664024674,
7470652003031449601,7470595713664024675,
7470652003031449601,7470595713664024676,
7470652003031449601,7470595713664024677,
7470652003031449601,7470595713664024678,
7470652003031449601,7470595713664024679,
7470652003031449601,7470595713664024680,
7470652003031449601,7470595713664024681,
7470652003031449601,7470595713664024682,
7470652003031449601,7470595713664024683,
7470652003031449601,7470595713664024684,
7470652003031449601,7470595713664024685,
7470652003031449601,7470595713664024686,
7470652003031449601,7470595713664024687,
7470652003031449601,7470595713664024688,
7470652003031449601,7470595713664024689,
7470652003031449601,7470595713664024690,
7470652003031449601,7470595713664024691,
7470652003031449601,7470595713664024692,
7470652003031449601,7470595713664024693,
7470652003031449601,7470595713664024694,
7470652003031449601,7470595713664024695,
7470652003031449601,7470595713664024780,
7470652003031449601,7470595713664024781,
7470652003031449601,7470595713664024782,
7470652003031449601,7471500354774090415,
7470652003031449601,7471611380370330308,
7470652003031449601,7471614849834580845,
7470652003031449601,7472313540452520249,
7470652003031449601,7472313540452612696,
7470652003031449601,7472313540480790086,
7470652003031449601,7472313540481127809,
7470652003031449601,7472313540496440518,
7470652003031449601,7472313540497398360,
7470652003031449601,7472313540497859810,
7470652003031449601,7472313540528052024,
7470652003031449601,7472313540531892030,
7470652003031449601,7472371116874262479,
7470652003031449601,7472762259850901620,
7470652003031449601,7472815276459787798,
7470652003031449601,7472815276468323584,
7470652003031449601,7472815276468560190,
7470652003031449601,7472815276468788558,
7470652003031449601,7472815276468976489,
7470652003031449601,7472815276468997005,
7470652003031449601,7472815276469004462,
7470652003031449601,7472815276469201371,
7470652003031449601,7472815276469337775,
7470652003031449601,7472815276470355321,
7470652003031449601,7472815276470477176,
7470652003031449601,7472815276470499527,
7470652003031449601,7472815276470499686,
7470652003031449601,7472815276470654191,
7470652003031449601,7472815276470756816,
7470652003031449601,7472815276471234365,
7470652003031449601,7472815276471817502,
7470652003031449601,7472815276503657750,
7470652003031449601,7472966923893901662,
7470652003031449601,7472966923920418085,
7470652003031449601,7472966923920679321,
7470652003031449601,7472966923920956112,
7470652003031449601,7472966923927073825,
7470652003031449601,7472966923930370059,
7470652003031449601,7472966923942445051,
7470652003031449601,7472966923953159150,
7470652003031449601,7472966923965399163,
7470652003031449601,7472966923965616565,
7470652003031449601,7473208335349738716,
7470652003031449601,7473208335350256954,
7470652003031449601,7473208335350697738,
7470652003031449601,7473208335353402412,
7470652003031449602,7470595713664024696,
7470652003031449602,7470595713664024697,
7470652003031449602,7470595713664024698,
7470652003031449602,7470595713664024699,
7470652003031449602,7470595713664024700,
7470652003031449602,7470595713664024701,
7470652003031449602,7470595713664024702,
7470652003031449602,7470595713664024703,
7470652003031449602,7470595713664024704,
7470652003031449602,7470595713664024705,
7470652003031449602,7470595713664024706,
7470652003031449602,7470595713664024707,
7470652003031449602,7470595713664024708,
7470652003031449602,7470595713664024709,
7470652003031449602,7470595713664024710,
7470652003031449602,7470595713664024711,
7470652003031449602,7470595713664024712,
7470652003031449602,7470595713664024713,
7470652003031449602,7470595713664024714,
7470652003031449602,7470595713664024715,
7470652003031449602,7470595713664024716,
7470652003031449602,7470595713664024717,
7470652003031449602,7470595713664024718,
7470652003031449602,7470595713664024719,
7470652003031449602,7470595713664024720,
7470652003031449602,7470595713664024721,
7470652003031449602,7470595713664024722,
7470652003031449602,7470595713664024723,
7470652003031449602,7470595713664024724,
7470652003031449602,7470595713664024725,
7470652003031449602,7470595713664024726,
7470652003031449602,7470595713664024727,
7470652003031449602,7470595713664024728,
7470652003031449602,7470595713664024729,
7470652003031449602,7470595713664024730,
7470652003031449602,7470595713664024731,
7470652003031449602,7470595713664024732,
7470652003031449602,7470595713664024733,
7470652003031449602,7470595713664024734,
7470652003031449602,7470595713664024735,
7470652003031449602,7470595713664024736,
7470652003031449602,7470595713664024737,
7470652003031449602,7470595713664024738,
7470652003031449602,7470595713664024739,
7470652003031449602,7470595713664024740,
7470652003031449602,7470595713664024741,
7470652003031449602,7470595713664024742,
7470652003031449602,7470595713664024743,
7470652003031449602,7470595713664024744,
7470652003031449602,7470595713664024745,
7470652003031449602,7470595713664024746,
7470652003031449602,7470595713664024747,
7470652003031449602,7470595713664024748,
7470652003031449602,7470595713664024749,
7470652003031449602,7470595713664024750,
7470652003031449602,7470595713664024751,
7470652003031449602,7470595713664024752,
7470652003031449602,7470595713664024753,
7470652003031449602,7470595713664024754,
7470652003031449602,7470595713664024755,
7470652003031449602,7470595713664024756,
7470652003031449602,7470595713664024757,
7470652003031449602,7470595713664024758,
7470652003031449602,7470595713664024759,
7470652003031449602,7470595713664024760,
7470652003031449602,7470595713664024761,
7470652003031449602,7470595713664024762,
7470652003031449602,7470595713664024763,
7470652003031449602,7470595713664024764,
7470652003031449602,7470595713664024765,
7470652003031449602,7470595713664024766,
7470652003031449602,7470595713664024767,
7470652003031449602,7470595713664024768,
7470652003031449602,7470595713664024769,
7470652003031449602,7470595713664024770,
7470652003031449602,7470595713664024771,
7470652003031449602,7470595713664024772,
7470652003031449602,7470595713664024773,
7470652003031449602,7470595713664024774,
7470652003031449602,7470595713664024775,
7470652003031449602,7470595713664024776,
7470652003031449602,7470595713664024777,
7470652003031449602,7470595713664024778,
7470652003031449602,7470595713664024779,
7470652003031449602,7472313540521618354,
7470652003031449602,7472313540522816342,
7470652003031449602,7472371116909412322,
7470652003031449602,7472371116911517799,
7470652003031449602,7472371116912739184,
7470652003031449602,7472966923962280552,
7470652003031449602,7473208335349684959,
7470652003031449602,7473208335352533123,
7470652003031449603,7470595713726939148,
7470652003031449603,7470595713726939149,
7470652003031449603,7470595713726939150,
7470652003031449603,7470595713726939151,
7470652003031449603,7470595713726939152,
7470652003031449603,7470595713726939153,
7470652003031449603,7470595713726939154,
7470652003031449603,7470595713726939155,
7470652003031449603,7470595713726939156,
7470652003031449603,7470595713726939157,
7470652003031449603,7470595713726939158,
7470652003031449603,7470595713726939159,
7470652003031449603,7470595713726939160,
7470652003031449603,7470595713726939161,
7470652003031449603,7470595713726939162,
7470652003031449603,7470595713726939163,
7470652003031449603,7470595713726939164,
7470652003031449603,7470595713726939165,
7470652003031449603,7470595713726939166,
7470652003031449603,7470595713726939167,
7470652003031449603,7470595713726939168,
7470652003031449603,7470595713726939169,
7470652003031449603,7470595713726939170,
7470652003031449603,7470595713726939171,
7470652003031449603,7470595713726939172,
7470652003031449603,7470595713726939173,
7470652003031449603,7470595713726939174,
7470652003031449603,7470595713726939175,
7470652003031449603,7470595713726939176,
7470652003031449603,7470595713726939177,
7470652003031449603,7470595713726939178,
7470652003031449603,7470595713726939179,
7470652003031449603,7470595713726939180,
7470652003031449603,7470595713726939181,
7470652003031449603,7470595713726939182,
7470652003031449603,7470595713726939183,
7470652003031449603,7470595713726939184,
7470652003031449603,7470595713726939185,
7470652003031449603,7470595713726939186,
7470652003031449603,7470595713726939187,
7470652003031449603,7470595713726939188,
7470652003031449603,7470595713726939189,
7470652003031449603,7470595713726939190,
7470652003031449603,7470595713726939191,
7470652003031449603,7470595713726939192,
7470652003031449603,7470595713726939193,
7470652003031449603,7470595713726939194,
7470652003031449603,7470595713726939195,
7470652003031449603,7470595713726939196,
7470652003031449603,7470595713726939197,
7470652003031449603,7470595713726939198,
7470652003031449603,7470595713726939199,
7470652003031449603,7470595713726939200,
7470652003031449603,7470595713726939201,
7470652003031449603,7470595713726939202,
7470652003031449603,7470595713726939203,
7470652003031449603,7470595713726939204,
7470652003031449603,7470595713726939205,
7470652003031449603,7470595713726939206,
7470652003031449603,7470595713726939207,
7470652003031449603,7470595713726939208,
7470652003031449603,7470595713726939209,
7470652003031449603,7470595713726939210,
7470652003031449603,7470595713726939211,
7470652003031449603,7470595713726939212,
7470652003031449603,7470595713726939213,
7470652003031449603,7470595713726939214,
7470652003031449603,7470595713726939215,
7470652003031449603,7470595713726939216,
7470652003031449603,7470595713726939217,
7470652003031449603,7470595713726939218,
7470652003031449603,7470595713726939219,
7470652003031449603,7470595713726939220,
7470652003031449603,7470595713823408128,
7470652003031449603,7472120337154610730,
7470652003031449603,7472120337161588875,
7470652003031449603,7472120337170650413,
7470652003031449603,7472120337170955243,
7470652003031449603,7472120337171749560,
7470652003031449603,7472120337171754391,
7470652003031449603,7472120337172002144,
7470652003031449603,7472120337172792757,
7470652003031449603,7472120337212495916,
7470652003031449603,7472120337213563291,
7470652003031449603,7472120337215376973,
7470652003031449603,7472120337215399496,
7470652003031449603,7472120337215751166,
7470652003031449603,7472120337215794986,
7470652003031449603,7472313540470400328,
7470652003031449603,7472313540472783331,
7470652003031449603,7472313540473068784,
7470652003031449603,7472313540473223620,
7470652003031449603,7472313540473953845,
7470652003031449603,7472313540475053906,
7470652003031449603,7472313540478122750,
7470652003031449603,7472313540478251729,
7470652003031449603,7472313540478603368,
7470652003031449603,7472313540479104270,
7470652003031449603,7472313540479610425,
7470652003031449603,7472313540479734270,
7470652003031449603,7472313540479829718,
7470652003031449603,7472313540480494197,
7470652003031449603,7472313540481577472,
7470652003031449603,7472313540482248737,
7470652003031449603,7472313540482527420,
7470652003031449603,7472313540482810931,
7470652003031449603,7472313540483100962,
7470652003031449603,7472313540483163311,
7470652003031449603,7472313540483455865,
7470652003031449603,7472313540483481972,
7470652003031449603,7472313540483736533,
7470652003031449603,7472313540483787989,
7470652003031449603,7472313540483875186,
7470652003031449603,7472313540484091209,
7470652003031449603,7472313540484515156,
7470652003031449603,7472313540484744030,
7470652003031449603,7472313540484826238,
7470652003031449603,7472313540484910409,
7470652003031449603,7472313540484961006,
7470652003031449603,7472313540485514958,
7470652003031449603,7472313540485550277,
7470652003031449603,7472313540488740596,
7470652003031449603,7472313540489320165,
7470652003031449603,7472313540491239569,
7470652003031449603,7472371116868283862,
7470652003031449603,7472374827692373866,
7470652003031449603,7472374827693400896,
7470652003031449603,7472762259834402898,
7470652003031449603,7472762259834883418,
7470652003031449603,7472815276494027747,
7470652003031449603,7472815276494205871,
7470652003031449603,7472815276494399659,
7470652003031449603,7472815276495020386,
7470652003031449604,7470595713781465227,
7470652003031449604,7470595713802436892,
7470652003031449604,7470595713802436893,
7470652003031449604,7470595713802436894,
7470652003031449604,7470595713802436895,
7470652003031449604,7470595713802436896,
7470652003031449604,7470595713802436897,
7470652003031449604,7470595713802436898,
7470652003031449604,7470595713802436899,
7470652003031449604,7470595713802436900,
7470652003031449604,7470595713802436901,
7470652003031449604,7470595713802436902,
7470652003031449604,7470595713802436903,
7470652003031449604,7470595713802436904,
7470652003031449604,7470595713802436905,
7470652003031449604,7470595713802436906,
7470652003031449604,7470595713802436907,
7470652003031449604,7470595713806630956,
7470652003031449604,7470595713806630957,
7470652003031449604,7470595713806630958,
7470652003031449604,7470595713806630959,
7470652003031449604,7470595713806630960,
7470652003031449604,7470595713806630961,
7470652003031449604,7470595713806630962,
7470652003031449604,7470595713806630963,
7470652003031449604,7470595713806630964,
7470652003031449604,7470595713806630965,
7470652003031449604,7470595713806630966,
7470652003031449604,7470595713806630967,
7470652003031449604,7470595713806630968,
7470652003031449604,7470595713806630969,
7470652003031449604,7470595713806630970,
7470652003031449604,7470595713806630971,
7470652003031449604,7470595713806630972,
7470652003031449604,7470595713806630973,
7470652003031449604,7470595713806630974,
7470652003031449604,7470595713806630975,
7470652003031449604,7470595713806630976,
7470652003031449604,7470595713806630977,
7470652003031449604,7470595713806630978,
7470652003031449604,7470595713806630979,
7470652003031449604,7470595713806630980,
7470652003031449604,7470595713806630981,
7470652003031449604,7470595713806630982,
7470652003031449604,7470595713806630983,
7470652003031449604,7470595713806630984,
7470652003031449604,7470595713806630985,
7470652003031449604,7470595713806630986,
7470652003031449604,7470595713806630987,
7470652003031449604,7470595713806630988,
7470652003031449604,7470595713806630989,
7470652003031449604,7470595713806630990,
7470652003031449604,7470595713806630991,
7470652003031449604,7470595713806630992,
7470652003031449604,7470595713806630993,
7470652003031449604,7470595713806630994,
7470652003031449604,7470595713806630995,
7470652003031449604,7470595713806630996,
7470652003031449604,7470595713806630997,
7470652003031449604,7470595713806630998,
7470652003031449604,7470595713806630999,
7470652003031449604,7470595713806631000,
7470652003031449604,7470595713806631001,
7470652003031449604,7470595713806631002,
7470652003031449604,7470595713806631003,
7470652003031449604,7470595713806631004,
7470652003031449604,7470595713806631005,
7470652003031449604,7470595713806631006,
7470652003031449604,7470595713806631007,
7470652003031449604,7470595713806631008,
7470652003031449604,7470595713806631009,
7470652003031449604,7470595713806631010,
7470652003031449604,7470595713806631011,
7470652003031449604,7470595713806631012,
7470652003031449604,7470595713806631013,
7470652003031449604,7470595713806631014,
7470652003031449604,7470595713806631015,
7470652003031449604,7470595713806631016,
7470652003031449604,7470595713806631017,
7470652003031449604,7470595713806631018,
7470652003031449604,7470595713806631019,
7470652003031449604,7470595713806631020,
7470652003031449604,7470595713806631021,
7470652003031449604,7470595713806631022,
7470652003031449604,7470595713806631023,
7470652003031449604,7470595713806631024,
7470652003031449604,7470595713806631025,
7470652003031449604,7470595713806631026,
7470652003031449604,7470595713806631027,
7470652003031449604,7470595713806631028,
7470652003031449604,7470595713806631029,
7470652003031449604,7470595713806631030,
7470652003031449604,7470595713806631031,
7470652003031449604,7470595713806631032,
7470652003031449604,7470595713806631033,
7470652003031449604,7470595713806631034,
7470652003031449604,7470595713806631035,
7470652003031449604,7470595713806631036,
7470652003031449604,7470595713806631037,
7470652003031449604,7470595713806631038,
7470652003031449604,7470595713806631039,
7470652003031449604,7470595713806631040,
7470652003031449604,7470595713806631041,
7470652003031449604,7470595713806631042,
7470652003031449604,7470595713806631043,
7470652003031449604,7470595713806631044,
7470652003031449604,7470595713806631045,
7470652003031449604,7470595713806631046,
7470652003031449604,7470595713806631047,
7470652003031449604,7470595713806631048,
7470652003031449604,7470595713806631049,
7470652003031449604,7470595713806631050,
7470652003031449604,7470595713806631051,
7470652003031449604,7470595713806631052,
7470652003031449604,7470595713806631053,
7470652003031449604,7470595713806631054,
7470652003031449604,7470595713806631055,
7470652003031449604,7470595713806631056,
7470652003031449604,7470595713806631057,
7470652003031449604,7470595713806631058,
7470652003031449604,7470595713806631059,
7470652003031449604,7470595713806631060,
7470652003031449604,7470595713806631061,
7470652003031449604,7470595713806631062,
7470652003031449604,7470595713806631063,
7470652003031449604,7470595713806631163,
7470652003031449604,7470595713806631164,
7470652003031449604,7470595713806631165,
7470652003031449604,7470595713806631166,
7470652003031449604,7470595713806631167,
7470652003031449604,7470595713806631168,
7470652003031449604,7470595713806631169,
7470652003031449604,7470595713806631170,
7470652003031449604,7470595713806631171,
7470652003031449604,7470595713806631172,
7470652003031449604,7470595713806631173,
7470652003031449604,7470595713806631174,
7470652003031449604,7470595713806631175,
7470652003031449604,7471483969543260926,
7470652003031449604,7472120337123327669,
7470652003031449604,7472120337140844924,
7470652003031449604,7472120337142505905,
7470652003031449604,7472120337183028807,
7470652003031449604,7472120337183367379,
7470652003031449604,7472120337184131284,
7470652003031449604,7472120337185336363,
7470652003031449604,7472120337185939252,
7470652003031449604,7472313540480586157,
7470652003031449604,7472313540509688882,
7470652003031449604,7472371116876137172,
7470652003031449604,7472371116876655633,
7470652003031449604,7472371116908925473,
7470652003031449604,7472815276502679381,
7470652003031449604,7472815276503212099,
7470652003031449604,7472966923920398784,
7470652003031449604,7472966923920531200,
7470652003031449604,7472966923921213988,
7470652003031449604,7472966923922451338,
7470652003031449604,7472966923922656189,
7470652003031449604,7472966923929838998,
7470652003031449604,7472966923930543622,
7470652003031449604,7472966923958278858,
7470652003031449604,7472966923959357549,
7470652003031449604,7472966923961190704,
7470652003031449605,7470595713802436908,
7470652003031449605,7470595713802436909,
7470652003031449605,7470595713802436910,
7470652003031449605,7470595713802436911,
7470652003031449605,7470595713802436912,
7470652003031449605,7470595713802436913,
7470652003031449605,7470595713806630912,
7470652003031449605,7470595713806630913,
7470652003031449605,7470595713806630914,
7470652003031449605,7470595713806630915,
7470652003031449605,7470595713806630916,
7470652003031449605,7470595713806630917,
7470652003031449605,7470595713806630918,
7470652003031449605,7470595713806630919,
7470652003031449605,7470595713806630920,
7470652003031449605,7470595713806630921,
7470652003031449605,7470595713806630922,
7470652003031449605,7470595713806630923,
7470652003031449605,7470595713806630924,
7470652003031449605,7470595713806630925,
7470652003031449605,7470595713806630926,
7470652003031449605,7470595713806630927,
7470652003031449605,7470595713806630928,
7470652003031449605,7470595713806630929,
7470652003031449605,7470595713806630930,
7470652003031449605,7470595713806630931,
7470652003031449605,7470595713806630932,
7470652003031449605,7470595713806630933,
7470652003031449605,7470595713806630934,
7470652003031449605,7470595713806630935,
7470652003031449605,7470595713806630936,
7470652003031449605,7470595713806630937,
7470652003031449605,7470595713806630938,
7470652003031449605,7470595713806630939,
7470652003031449605,7470595713806630940,
7470652003031449605,7470595713806630941,
7470652003031449605,7470595713806630942,
7470652003031449605,7470595713806630943,
7470652003031449605,7470595713806630944,
7470652003031449605,7470595713806630945,
7470652003031449605,7470595713806630946,
7470652003031449606,7470595713806631064,
7470652003031449606,7470595713806631065,
7470652003031449606,7470595713806631066,
7470652003031449606,7470595713806631067,
7470652003031449606,7470595713806631068,
7470652003031449606,7470595713806631069,
7470652003031449606,7470595713806631070,
7470652003031449606,7470595713806631071,
7470652003031449606,7470595713806631072,
7470652003031449606,7470595713806631073,
7470652003031449606,7470595713806631074,
7470652003031449606,7470595713806631075,
7470652003031449606,7470595713806631076,
7470652003031449606,7470595713806631077,
7470652003031449606,7470595713806631078,
7470652003031449606,7470595713806631079,
7470652003031449606,7470595713806631080,
7470652003031449606,7470595713806631081,
7470652003031449606,7470595713806631082,
7470652003031449606,7470595713806631083,
7470652003031449606,7470595713806631084,
7470652003031449606,7470595713806631085,
7470652003031449606,7470595713806631086,
7470652003031449606,7470595713806631087,
7470652003031449606,7470595713806631088,
7470652003031449606,7470595713806631089,
7470652003031449606,7470595713806631090,
7470652003031449606,7470595713806631091,
7470652003031449606,7470595713806631092,
7470652003031449606,7470595713806631093,
7470652003031449606,7470595713806631094,
7470652003031449606,7470595713806631095,
7470652003031449606,7470595713806631096,
7470652003031449606,7470595713806631097,
7470652003031449606,7470595713806631098,
7470652003031449606,7470595713806631099,
7470652003031449606,7470595713806631100,
7470652003031449606,7470595713806631101,
7470652003031449606,7470595713806631102,
7470652003031449606,7470595713806631103,
7470652003031449606,7470595713806631104,
7470652003031449606,7470595713806631105,
7470652003031449606,7470595713806631106,
7470652003031449606,7470595713806631107,
7470652003031449606,7470595713806631108,
7470652003031449606,7470595713806631109,
7470652003031449606,7470595713806631110,
7470652003031449606,7470595713806631111,
7470652003031449606,7470595713806631112,
7470652003031449606,7470595713806631113,
7470652003031449606,7470595713806631114,
7470652003031449606,7470595713806631115,
7470652003031449606,7470595713806631116,
7470652003031449606,7470595713806631117,
7470652003031449606,7470595713806631118,
7470652003031449606,7470595713806631119,
7470652003031449606,7470595713806631120,
7470652003031449606,7470595713806631121,
7470652003031449606,7470595713806631122,
7470652003031449606,7470595713806631123,
7470652003031449606,7470595713806631124,
7470652003031449606,7470595713806631125,
7470652003031449606,7470595713806631126,
7470652003031449606,7470595713806631127,
7470652003031449606,7470595713806631128,
7470652003031449606,7470595713806631129,
7470652003031449606,7470595713806631130,
7470652003031449606,7470595713806631131,
7470652003031449606,7470595713806631132,
7470652003031449606,7470595713806631133,
7470652003031449606,7470595713806631134,
7470652003031449606,7470595713806631135,
7470652003031449606,7470595713806631136,
7470652003031449606,7470595713806631137,
7470652003031449606,7470595713806631138,
7470652003031449606,7470595713806631139,
7470652003031449606,7470595713806631140,
7470652003031449606,7470595713806631141,
7470652003031449606,7470595713806631142,
7470652003031449606,7470595713806631143,
7470652003031449606,7470595713806631144,
7470652003031449606,7470595713806631145,
7470652003031449606,7470595713806631146,
7470652003031449606,7470595713806631147,
7470652003031449606,7470595713806631148,
7470652003031449606,7470595713806631149,
7470652003031449606,7470595713806631150,
7470652003031449606,7470595713806631151,
7470652003031449606,7470595713806631152,
7470652003031449606,7470595713806631153,
7470652003031449606,7470595713806631154,
7470652003031449606,7470595713806631155,
7470652003031449606,7470595713806631156,
7470652003031449606,7470595713806631157,
7470652003031449606,7470595713806631158,
7470652003031449606,7470595713806631159,
7470652003031449606,7470595713806631160,
7470652003031449606,7470595713806631161,
7470652003031449606,7470595713806631162,
7470652003031449606,7472120337184060731,
7470652003031449606,7472120337185019884,
7470652003031449606,7472120337189229279,
7470652003031449606,7472120337190017865,
7470652003031449606,7472120337190110158,
7470652003031449606,7472120337190487860,
7470652003031449606,7472120337200318071,
7470652003031449606,7472120337200563134,
7470652003031449606,7472120337201053094,
7470652003031449606,7472120337201215016,
7470652003031449606,7472120337202423415,
7470652003031449606,7472120337202993965,
7470652003031449606,7472120337203441293,
7470652003031449606,7472966923912545630,
7470652003031449606,7472966923913066356,
7470652003031449606,7472966923913470914,
7470652003031449606,7472966923913889842,
7470652003031449606,7472966923914053290,
7470652003031449606,7472966923915014271,
7470652003031449606,7472966923915327149,
7470652003031449606,7472966923915472941,
7470652003031449606,7472966923915533367,
7470652003031449606,7472966923915538189,
7470652003031449606,7472966923928474519,
7470652003031449606,7472966923955049655,
7470652003031449606,7472966923955208091,
7470652003031449606,7472966923956185185,
7470652003031449606,7472966923957813169,
7470652003031449606,7473208335395856622,
7470652003031449606,7473208335396029228,
7470652003031449606,7473208335396061346,
7470652003031449606,7473208335396172263,
7470652003031449606,7473208335396287987,
7470652003031449606,7473208335396646637,
7470652003031449606,7473208335396744382,
7470652003031449606,7473208335396943898,
7470652003031449606,7473208335397015810,
7470652003031449606,7473208335397080989,
7470652003031449606,7473208335397986461,
7470652003031449606,7473208335398030460,
7470652003031449606,7473208335398211772,
7470652003031449606,7473208335398832430,
7470652003031449606,7473208335398948088,
7470652003031449606,7473208335398988947,
7470652003031449606,7473208335399188248,
7470652003031449606,7473208335399860320,
7470652003031449607,7470595713806630947,
7470652003031449607,7470595713806630948,
7470652003031449607,7470595713806630949,
7470652003031449607,7470595713806630950,
7470652003031449607,7470595713806630951,
7470652003031449607,7470595713806630952,
7470652003031449607,7470595713806630953,
7470652003031449607,7470595713806630954,
7470652003031449607,7470595713806630955,
7470652003031449607,7472120337141864321,
7470652003031449607,7472313540494652119,
7470652003031449607,7472313540495884933,
7470652003031449607,7472313540498193991,
7470652003031449608,7470595713718550654,
7470652003031449608,7470595713794048138,
7470652003031449608,7470595713794048139,
7470652003031449608,7470595713794048140,
7470652003031449608,7470595713794048141,
7470652003031449608,7470595713794048142,
7470652003031449608,7470595713794048143,
7470652003031449608,7470595713794048144,
7470652003031449608,7470595713794048145,
7470652003031449608,7470595713794048146,
7470652003031449608,7470595713794048147,
7470652003031449608,7470595713794048148,
7470652003031449608,7470595713794048149,
7470652003031449608,7470595713794048150,
7470652003031449608,7470595713794048151,
7470652003031449608,7470595713794048152,
7470652003031449608,7470595713794048153,
7470652003031449608,7470595713794048154,
7470652003031449608,7470595713794048155,
7470652003031449608,7470595713794048156,
7470652003031449608,7470595713794048157,
7470652003031449608,7470595713794048158,
7470652003031449608,7470595713794048159,
7470652003031449608,7470595713794048160,
7470652003031449608,7470595713794048161,
7470652003031449608,7470595713794048162,
7470652003031449608,7470595713794048163,
7470652003031449608,7470595713794048164,
7470652003031449608,7470595713794048165,
7470652003031449608,7470595713794048166,
7470652003031449608,7470595713794048167,
7470652003031449608,7470595713794048168,
7470652003031449608,7470595713794048169,
7470652003031449608,7470595713794048170,
7470652003031449608,7470595713794048171,
7470652003031449608,7470595713794048172,
7470652003031449608,7470595713794048173,
7470652003031449608,7470595713794048174,
7470652003031449608,7470595713794048175,
7470652003031449608,7470595713794048176,
7470652003031449608,7470595713794048177,
7470652003031449608,7470595713794048178,
7470652003031449608,7470595713794048179,
7470652003031449608,7470595713794048180,
7470652003031449608,7470595713794048181,
7470652003031449608,7470595713794048182,
7470652003031449608,7470595713794048183,
7470652003031449608,7470595713794048184,
7470652003031449608,7470595713794048185,
7470652003031449608,7470595713794048186,
7470652003031449608,7470595713794048187,
7470652003031449608,7470595713794048188,
7470652003031449608,7470595713794048189,
7470652003031449608,7470595713794048190,
7470652003031449608,7470595713794048191,
7470652003031449608,7470595713794048192,
7470652003031449608,7470595713794048193,
7470652003031449608,7470595713794048194,
7470652003031449608,7470595713794048195,
7470652003031449608,7470595713794048196,
7470652003031449608,7470595713794048197,
7470652003031449608,7470595713794048198,
7470652003031449608,7470595713794048199,
7470652003031449608,7470595713794048200,
7470652003031449608,7470595713794048201,
7470652003031449608,7470595713794048202,
7470652003031449608,7470595713794048203,
7470652003031449608,7470595713794048204,
7470652003031449608,7470595713794048205,
7470652003031449608,7470595713794048206,
7470652003031449608,7470595713794048207,
7470652003031449608,7470595713794048208,
7470652003031449608,7470595713794048209,
7470652003031449608,7470595713794048210,
7470652003031449608,7470595713794048211,
7470652003031449608,7470595713794048212,
7470652003031449608,7470595713794048213,
7470652003031449608,7470595713794048214,
7470652003031449608,7470595713794048215,
7470652003031449608,7470595713794048216,
7470652003031449608,7470595713794048217,
7470652003031449608,7470595713794048218,
7470652003031449608,7470595713794048219,
7470652003031449608,7470595713794048220,
7470652003031449608,7470595713794048221,
7470652003031449608,7470595713794048222,
7470652003031449608,7470595713794048223,
7470652003031449608,7470595713794048224,
7470652003031449608,7470595713794048225,
7470652003031449608,7470595713794048226,
7470652003031449608,7470595713794048227,
7470652003031449608,7470595713794048228,
7470652003031449608,7470595713794048229,
7470652003031449608,7470595713794048230,
7470652003031449608,7470595713794048231,
7470652003031449608,7470595713794048232,
7470652003031449608,7470595713794048233,
7470652003031449608,7470595713794048234,
7470652003031449608,7470595713798242304,
7470652003031449608,7470595713798242305,
7470652003031449608,7470595713798242306,
7470652003031449608,7470595713798242307,
7470652003031449608,7470595713798242308,
7470652003031449608,7470595713798242309,
7470652003031449608,7470595713798242310,
7470652003031449608,7470595713798242311,
7470652003031449609,7470595713777270828,
7470652003031449609,7470595713777270829,
7470652003031449609,7470595713777270830,
7470652003031449609,7470595713777270831,
7470652003031449609,7470595713777270832,
7470652003031449609,7470595713777270833,
7470652003031449609,7470595713777270834,
7470652003031449609,7470595713777270835,
7470652003031449609,7470595713777270836,
7470652003031449609,7470595713777270837,
7470652003031449609,7470595713777270838,
7470652003031449609,7470595713777270839,
7470652003031449609,7470595713777270840,
7470652003031449609,7470595713777270841,
7470652003031449609,7470595713777270842,
7470652003031449609,7470595713777270843,
7470652003031449609,7470595713777270844,
7470652003031449609,7470595713777270845,
7470652003031449609,7470595713777270846,
7470652003031449609,7470595713777270847,
7470652003031449609,7470595713777270848,
7470652003031449609,7470595713777270849,
7470652003031449609,7470595713777270850,
7470652003031449609,7470595713777270851,
7470652003031449609,7470595713777270852,
7470652003031449609,7470595713777270853,
7470652003031449609,7470595713777270854,
7470652003031449609,7470595713777270855,
7470652003031449609,7470595713777270856,
7470652003031449609,7470595713777270857,
7470652003031449609,7470595713777270858,
7470652003031449609,7470595713777270859,
7470652003031449609,7470595713777270860,
7470652003031449609,7470595713777270861,
7470652003031449609,7470595713777270862,
7470652003031449609,7470595713777270863,
7470652003031449609,7470595713777270864,
7470652003031449609,7470595713777270865,
7470652003031449609,7470595713777270866,
7470652003031449609,7470595713777270867,
7470652003031449609,7470595713777270868,
7470652003031449609,7470595713777270869,
7470652003031449609,7470595713777270870,
7470652003031449609,7470595713777270871,
7470652003031449609,7470595713777270872,
7470652003031449609,7470595713777270873,
7470652003031449609,7470595713777270874,
7470652003031449609,7470595713777270875,
7470652003031449609,7470595713777270876,
7470652003031449609,7470595713777270877,
7470652003031449609,7470595713777270878,
7470652003031449609,7470595713777270879,
7470652003031449609,7470595713777270880,
7470652003031449609,7470595713777270881,
7470652003031449609,7470595713777270882,
7470652003031449609,7470595713777270883,
7470652003031449609,7470595713777270884,
7470652003031449609,7470595713777270885,
7470652003031449609,7470595713777270886,
7470652003031449609,7470595713777270887,
7470652003031449609,7470595713777270888,
7470652003031449609,7470595713777270889,
7470652003031449609,7470595713777270890,
7470652003031449609,7470595713777270891,
7470652003031449609,7470595713777270892,
7470652003031449609,7470595713777270896,
7470652003031449609,7470595713777270897,
7470652003031449609,7470595713777270898,
7470652003031449609,7470595713777270899,
7470652003031449609,7470595713777270900,
7470652003031449609,7470595713777270901,
7470652003031449609,7470595713777270902,
7470652003031449609,7470595713777270903,
7470652003031449609,7470595713777270904,
7470652003031449609,7470595713777270905,
7470652003031449609,7470595713777270906,
7470652003031449609,7470595713777270907,
7470652003031449609,7470595713777270908,
7470652003031449609,7470595713777270909,
7470652003031449609,7470595713777270910,
7470652003031449609,7470595713777270911,
7470652003031449609,7470595713777270912,
7470652003031449609,7470595713777270913,
7470652003031449609,7470595713777270914,
7470652003031449609,7470595713777270915,
7470652003031449609,7470595713777270916,
7470652003031449609,7470595713777270917,
7470652003031449609,7470595713777271025,
7470652003031449609,7470595713777271026,
7470652003031449609,7470595713777271027,
7470652003031449609,7470595713777271028,
7470652003031449609,7470595713777271029,
7470652003031449609,7470595713777271030,
7470652003031449609,7470595713777271031,
7470652003031449609,7470595713777271032,
7470652003031449609,7470595713777271033,
7470652003031449609,7470595713777271034,
7470652003031449609,7470595713777271035,
7470652003031449609,7470595713777271036,
7470652003031449609,7470595713777271037,
7470652003031449609,7470595713777271038,
7470652003031449609,7470595713777271039,
7470652003031449609,7470595713777271040,
7470652003031449609,7470595713777271041,
7470652003031449609,7470595713777271042,
7470652003031449609,7470595713777271043,
7470652003031449609,7470595713777271044,
7470652003031449609,7470595713777271045,
7470652003031449609,7470595713777271046,
7470652003031449609,7470595713777271047,
7470652003031449609,7470595713777271048,
7470652003031449609,7470595713777271049,
7470652003031449609,7470595713777271050,
7470652003031449609,7471506293604607015,
7470652003031449609,7471506341413756057,
7470652003031449609,7471506394871994781,
7470652003031449609,7471506442385826463,
7470652003031449609,7471506494187747924,
7470652003031449609,7471616183369017536,
7470652003031449609,7471642554228407642,
7470652003031449609,7471642580791844798,
7470652003031449609,7471644288631201375,
7470652003031449609,7472120337118241823,
7470652003031449609,7472120337125029010,
7470652003031449609,7472120337184598446,
7470652003031449609,7472313540494486917,
7470652003031449609,7472313540497238339,
7470652003031449609,7472313540497777812,
7470652003031449609,7472966923928629721,
7470652003031449609,7472966923928792883,
7470652003031449609,7472966923931124287,
7470652003031449609,7472966923931153436,
7470652003031449609,7472966923931176312,
7470652003031449609,7472966923931746686,
7470652003031449609,7472966923932145828,
7470652003031449609,7472966923932645273,
7470652003031449609,7473208335337784266,
7470652003031449609,7473208335366728968,
7470652003031449609,7473208335367820644,
7470652003031449609,7473208335367881033,
7470652003031449609,7473208335368502885,
7470652003031449609,7473208335368920583,
7470652003031449609,7473208335369259721,
7470652003031449609,7473208335369511678,
7470652003031449609,7473208335370346615,
7470652003031449609,7473208335418089160,
7470652003031449609,7473208335418354033,
7470652003031449609,7473208335419853446,
7470652003031449609,7473208335421752386,
7470652003031449609,7473208335430092525,
7470652003031449610,7470595713714356329,
7470652003031449610,7470595713777270918,
7470652003031449610,7470595713777270919,
7470652003031449610,7470595713777270920,
7470652003031449610,7470595713777270921,
7470652003031449610,7470595713777270922,
7470652003031449610,7470595713777270923,
7470652003031449610,7470595713777270924,
7470652003031449610,7470595713777270925,
7470652003031449610,7470595713777270926,
7470652003031449610,7470595713777270927,
7470652003031449610,7470595713777270928,
7470652003031449610,7470595713777270929,
7470652003031449610,7470595713777270930,
7470652003031449610,7470595713777270931,
7470652003031449610,7470595713777270932,
7470652003031449610,7470595713777270933,
7470652003031449610,7470595713777270934,
7470652003031449610,7470595713777270935,
7470652003031449610,7470595713777270936,
7470652003031449610,7470595713777270937,
7470652003031449610,7470595713777270938,
7470652003031449610,7470595713777270939,
7470652003031449610,7470595713777270940,
7470652003031449610,7470595713777270941,
7470652003031449610,7470595713777270942,
7470652003031449610,7470595713777270943,
7470652003031449610,7470595713777270944,
7470652003031449610,7470595713777270945,
7470652003031449610,7470595713777270946,
7470652003031449610,7470595713777270947,
7470652003031449610,7470595713777270948,
7470652003031449610,7470595713777270949,
7470652003031449610,7470595713777270950,
7470652003031449610,7470595713777270951,
7470652003031449610,7470595713777270952,
7470652003031449610,7470595713777270953,
7470652003031449610,7470595713777270954,
7470652003031449610,7470595713777270955,
7470652003031449610,7470595713777270956,
7470652003031449610,7470595713777270957,
7470652003031449610,7470595713777270958,
7470652003031449610,7470595713777270959,
7470652003031449610,7470595713777270960,
7470652003031449610,7470595713777270961,
7470652003031449610,7470595713777270962,
7470652003031449610,7470595713777270963,
7470652003031449610,7470595713777270964,
7470652003031449610,7470595713777270965,
7470652003031449610,7470595713777270966,
7470652003031449610,7470595713777270967,
7470652003031449610,7470595713777270968,
7470652003031449610,7470595713777270969,
7470652003031449610,7470595713777270970,
7470652003031449610,7470595713777270971,
7470652003031449610,7470595713777270972,
7470652003031449610,7470595713777270973,
7470652003031449610,7470595713777270974,
7470652003031449610,7470595713777270975,
7470652003031449610,7470595713777270976,
7470652003031449610,7470595713777270977,
7470652003031449610,7470595713777270978,
7470652003031449610,7470595713777270979,
7470652003031449610,7470595713777270980,
7470652003031449610,7470595713777270981,
7470652003031449610,7470595713777270982,
7470652003031449610,7470595713777270983,
7470652003031449610,7470595713777270984,
7470652003031449610,7470595713777270985,
7470652003031449610,7470595713777270986,
7470652003031449610,7470595713777270987,
7470652003031449610,7470595713777270988,
7470652003031449610,7470595713777270989,
7470652003031449610,7470595713777270990,
7470652003031449610,7470595713777270991,
7470652003031449610,7470595713777270992,
7470652003031449610,7470595713777270993,
7470652003031449610,7470595713777270994,
7470652003031449610,7470595713777270995,
7470652003031449610,7470595713777270996,
7470652003031449610,7470595713777270997,
7470652003031449610,7470595713777270998,
7470652003031449610,7470595713777270999,
7470652003031449610,7470595713777271000,
7470652003031449610,7470595713777271001,
7470652003031449610,7470595713777271002,
7470652003031449610,7470595713777271003,
7470652003031449610,7470595713777271004,
7470652003031449610,7470595713777271005,
7470652003031449610,7470595713777271006,
7470652003031449610,7470595713777271007,
7470652003031449610,7470595713777271008,
7470652003031449610,7470595713777271009,
7470652003031449610,7470595713777271010,
7470652003031449610,7470595713777271011,
7470652003031449610,7470595713777271012,
7470652003031449610,7470595713777271013,
7470652003031449610,7470595713777271014,
7470652003031449610,7470595713777271015,
7470652003031449610,7470595713777271016,
7470652003031449610,7470595713777271017,
7470652003031449610,7470595713777271018,
7470652003031449610,7470595713777271019,
7470652003031449610,7470595713777271020,
7470652003031449610,7470595713777271021,
7470652003031449610,7470595713777271022,
7470652003031449610,7470595713777271023,
7470652003031449610,7470595713777271024,
7470652003031449610,7471367308479275787,
7470652003031449610,7471367443573347636,
7470652003031449610,7471367548778120949,
7470652003031449610,7471507151409751285,
7470652003031449610,7471507209722164274,
7470652003031449610,7471507268804046320,
7470652003031449610,7471507321965913761,
7470652003031449610,7471507386234285089,
7470652003031449610,7471507449465380996,
7470652003031449610,7471643154706759346,
7470652003031449610,7471643186236613299,
7470652003031449610,7471643502547876045,
7470652003031449610,7471649091737901106,
7470652003031449610,7471649129323738384,
7470652003031449610,7471649144273977315,
7470652003031449610,7471649174075265548,
7470652003031449610,7471649189942345526,
7470652003031449610,7471649234700059971,
7470652003031449610,7471649250322719766,
7470652003031449610,7472380118917453148,
7470652003031449610,7472762259821424844,
7470652003031449610,7472762259822319760,
7470652003031449610,7472762259822346682,
7470652003031449610,7472762259822357390,
7470652003031449610,7472762259823602972,
7470652003031449610,7473049686459708235,
7470652003031449610,7473049686460461722,
7470652003031449610,7473049686461899982,
7470652003031449611,7470595713777270893,
7470652003031449611,7470595713777270894,
7470652003031449611,7470595713777270895,
7470652003031449612,7470595713718550742,
7470652003031449612,7470595713718550743,
7470652003031449612,7470595713718550744,
7470652003031449612,7470595713718550745,
7470652003031449612,7470595713718550746,
7470652003031449612,7470595713718550747,
7470652003031449612,7470595713718550748,
7470652003031449612,7470595713718550749,
7470652003031449612,7470595713718550750,
7470652003031449612,7470595713718550751,
7470652003031449612,7470595713718550752,
7470652003031449612,7470595713718550753,
7470652003031449612,7470595713718550754,
7470652003031449612,7470595713718550755,
7470652003031449612,7470595713718550756,
7470652003031449612,7470595713718550757,
7470652003031449612,7470595713718550758,
7470652003031449612,7470595713718550759,
7470652003031449612,7470595713718550760,
7470652003031449612,7470595713718550761,
7470652003031449612,7470595713718550762,
7470652003031449612,7470595713718550763,
7470652003031449612,7470595713718550764,
7470652003031449612,7470595713718550765,
7470652003031449612,7470595713718550766,
7470652003031449612,7470595713718550767,
7470652003031449612,7470595713718550768,
7470652003031449612,7470595713718550769,
7470652003031449612,7470595713718550770,
7470652003031449612,7470595713718550771,
7470652003031449612,7470595713718550777,
7470652003031449612,7470595713718550778,
7470652003031449612,7470595713718550779,
7470652003031449612,7470595713718550780,
7470652003031449612,7470595713718550781,
7470652003031449612,7470595713718550782,
7470652003031449612,7470595713718550783,
7470652003031449612,7470595713718550784,
7470652003031449612,7470595713718550785,
7470652003031449612,7470595713718550786,
7470652003031449612,7470595713718550787,
7470652003031449612,7470595713718550788,
7470652003031449612,7470595713718550789,
7470652003031449612,7470595713718550790,
7470652003031449612,7470595713718550791,
7470652003031449612,7470595713718550792,
7470652003031449612,7470595713718550793,
7470652003031449612,7470595713718550794,
7470652003031449612,7470595713718550795,
7470652003031449612,7470595713718550796,
7470652003031449612,7470595713718550797,
7470652003031449612,7470595713718550798,
7470652003031449612,7470595713718550799,
7470652003031449612,7470595713718550800,
7470652003031449612,7470595713718550801,
7470652003031449612,7470595713722744832,
7470652003031449612,7470595713722744833,
7470652003031449612,7470595713722744834,
7470652003031449612,7470595713722744835,
7470652003031449612,7470595713722744836,
7470652003031449612,7470595713722744837,
7470652003031449612,7470595713722744838,
7470652003031449612,7470595713722744839,
7470652003031449612,7470595713722744840,
7470652003031449612,7470595713722744841,
7470652003031449612,7472371116875890229,
7470652003031449612,7472371116876475712,
7470652003031449612,7473208335357730897,
7470652003031449612,7473208335387892125,
7470652003031449612,7473208335429408762,
7470652003031449612,7473208335430760722,
7470652003031449612,7473208335431160166,
7470652003031449613,7470595713718550772,
7470652003031449613,7470595713718550773,
7470652003031449613,7470595713718550774,
7470652003031449613,7470595713718550775,
7470652003031449613,7470595713718550776,
7470652003031449613,7472120337149514062,
7470652003031449613,7472120337150743156,
7470652003031449613,7472120337152155757,
7470652003031449613,7472120337152219448,
7470652003031449613,7472120337153880438,
7470652003031449613,7472120337154743311,
7470652003031449613,7472120337155271276,
7470652003031449613,7472120337155505568,
7470652003031449613,7472120337156337963,
7470652003031449613,7472120337157067319,
7470652003031449613,7472313540527122135,
7470652003031449613,7472313540527289037,
7470652003031449613,7472313540527420386,
7470652003031449614,7470595713705967757,
7470652003031449614,7470595713705967758,
7470652003031449614,7470595713705967759,
7470652003031449614,7470595713705967760,
7470652003031449614,7470595713705967761,
7470652003031449614,7470595713705967762,
7470652003031449614,7470595713705967763,
7470652003031449614,7470595713705967764,
7470652003031449614,7470595713705967765,
7470652003031449614,7470595713705967766,
7470652003031449614,7470595713705967767,
7470652003031449614,7470595713705967768,
7470652003031449614,7470595713705967769,
7470652003031449614,7470595713705967770,
7470652003031449614,7470595713705967771,
7470652003031449614,7470595713705967772,
7470652003031449614,7470595713705967773,
7470652003031449614,7470595713705967774,
7470652003031449614,7470595713705967775,
7470652003031449614,7470595713705967776,
7470652003031449614,7470595713705967777,
7470652003031449614,7470595713705967778,
7470652003031449614,7470595713705967779,
7470652003031449614,7470595713705967780,
7470652003031449614,7470595713705967781,
7470652003031449614,7470595713705967782,
7470652003031449614,7470595713705967783,
7470652003031449614,7470595713705967784,
7470652003031449614,7470595713705967785,
7470652003031449614,7470595713705967786,
7470652003031449614,7470595713705967787,
7470652003031449614,7470595713705967788,
7470652003031449614,7470595713705967789,
7470652003031449614,7470595713705967790,
7470652003031449614,7470595713705967791,
7470652003031449614,7470595713705967792,
7470652003031449614,7470595713705967793,
7470652003031449614,7470595713705967794,
7470652003031449614,7470595713705967795,
7470652003031449614,7470595713705967796,
7470652003031449614,7470595713705967797,
7470652003031449614,7470595713705967798,
7470652003031449614,7470595713705967799,
7470652003031449614,7470595713705967800,
7470652003031449614,7470595713705967801,
7470652003031449614,7470595713705967802,
7470652003031449614,7470595713705967803,
7470652003031449614,7470595713705967804,
7470652003031449614,7470595713705967805,
7470652003031449614,7470595713705967806,
7470652003031449614,7470595713705967807,
7470652003031449614,7470595713705967834,
7470652003031449614,7470595713705967835,
7470652003031449614,7470595713705967836,
7470652003031449614,7470595713705967837,
7470652003031449614,7470595713705967838,
7470652003031449614,7470595713705967839,
7470652003031449614,7470595713705967840,
7470652003031449614,7470595713705967841,
7470652003031449614,7470595713705967842,
7470652003031449614,7470595713705967843,
7470652003031449614,7470595713705967844,
7470652003031449614,7470595713705967845,
7470652003031449614,7470595713705967846,
7470652003031449614,7470595713705967847,
7470652003031449614,7470595713705967848,
7470652003031449614,7470595713705967849,
7470652003031449614,7470595713705967850,
7470652003031449614,7470595713705967851,
7470652003031449614,7470595713710161946,
7470652003031449614,7470595713710161947,
7470652003031449614,7470595713710161948,
7470652003031449614,7470595713710161949,
7470652003031449614,7470595713710161950,
7470652003031449614,7470595713710161951,
7470652003031449614,7470595713710161952,
7470652003031449614,7470595713710161953,
7470652003031449614,7470595713710161954,
7470652003031449614,7470595713710161955,
7470652003031449614,7470595713710161956,
7470652003031449614,7470595713710161957,
7470652003031449614,7470595713710161958,
7470652003031449614,7470595713710161959,
7470652003031449614,7470595713710161960,
7470652003031449614,7470595713710161961,
7470652003031449614,7470595713710161962,
7470652003031449614,7470595713710161963,
7470652003031449614,7470595713710161964,
7470652003031449614,7470595713710161965,
7470652003031449614,7470595713710161966,
7470652003031449614,7470595713710161967,
7470652003031449614,7471504259873990710,
7470652003031449614,7472120337133897512,
7470652003031449614,7472120337135570803,
7470652003031449614,7472120337137594586,
7470652003031449614,7472120337137874587,
7470652003031449614,7472120337140855323,
7470652003031449614,7472120337140925485,
7470652003031449614,7472120337141432649,
7470652003031449614,7472120337144709163,
7470652003031449614,7472120337145617573,
7470652003031449614,7472120337167420195,
7470652003031449614,7472120337169612695,
7470652003031449614,7472120337170648025,
7470652003031449614,7472120337173247073,
7470652003031449614,7472120337174029071,
7470652003031449614,7472313540471015313,
7470652003031449614,7472313540472005942,
7470652003031449614,7472313540472254744,
7470652003031449614,7472313540491147021,
7470652003031449614,7472313540494785089,
7470652003031449614,7472313540494866973,
7470652003031449614,7472313540495570673,
7470652003031449614,7472313540495984091,
7470652003031449614,7472313540496167301,
7470652003031449614,7472313540497724336,
7470652003031449614,7472313540497949926,
7470652003031449614,7472313540498279630,
7470652003031449614,7472313540499990044,
7470652003031449614,7472313540500027007,
7470652003031449614,7472313540500325497,
7470652003031449614,7472313540500675542,
7470652003031449614,7472313540500940354,
7470652003031449614,7472313540500978343,
7470652003031449614,7472313540501225125,
7470652003031449614,7472313540501303913,
7470652003031449614,7472313540501466859,
7470652003031449614,7472313540502137750,
7470652003031449614,7472313540502213293,
7470652003031449614,7472313540502447334,
7470652003031449614,7472313540502470084,
7470652003031449614,7472313540502508863,
7470652003031449614,7472313540506062902,
7470652003031449614,7472313540507076559,
7470652003031449614,7472313540508009763,
7470652003031449614,7472313540508050805,
7470652003031449614,7472313540513525503,
7470652003031449614,7472313540515389979,
7470652003031449614,7472313540517471659,
7470652003031449614,7472313540519344401,
7470652003031449614,7472313540521650176,
7470652003031449614,7472318225912391389,
7470652003031449614,7472374827691978962,
7470652003031449614,7472815276504101032,
7470652003031449614,7472966923927036796,
7470652003031449614,7472966923927599962,
7470652003031449614,7472966923948324571,
7470652003031449614,7473208335303665316,
7470652003031449614,7473208335304277861,
7470652003031449614,7473208335305129020,
7470652003031449614,7473208335305903218,
7470652003031449614,7473208335307189775,
7470652003031449614,7473208335307445009,
7470652003031449614,7473208335387373507,
7470652003031449614,7473208335388888731,
7470652003031449614,7473208335391461483,
7470652003031449614,7473208335421534596,
7470652003031449614,7473208335422005499,
7470652003031449615,7470595713705967852,
7470652003031449615,7470595713705967853,
7470652003031449615,7470595713705967854,
7470652003031449615,7470595713705967855,
7470652003031449615,7470595713705967856,
7470652003031449615,7470595713705967857,
7470652003031449615,7470595713705967858,
7470652003031449615,7470595713705967859,
7470652003031449615,7470595713705967860,
7470652003031449615,7470595713705967861,
7470652003031449615,7470595713705967862,
7470652003031449615,7470595713705967863,
7470652003031449615,7470595713705967864,
7470652003031449615,7470595713705967865,
7470652003031449615,7470595713705967866,
7470652003031449615,7470595713705967867,
7470652003031449615,7470595713705967868,
7470652003031449615,7470595713705967869,
7470652003031449615,7470595713710161920,
7470652003031449615,7470595713710161921,
7470652003031449615,7470595713710161922,
7470652003031449615,7470595713710161923,
7470652003031449615,7470595713710161924,
7470652003031449615,7470595713710161925,
7470652003031449615,7470595713710161926,
7470652003031449615,7470595713710161927,
7470652003031449615,7470595713710161928,
7470652003031449615,7470595713710161929,
7470652003031449615,7470595713710161930,
7470652003031449615,7470595713710161931,
7470652003031449615,7470595713710161932,
7470652003031449615,7470595713710161933,
7470652003031449615,7470595713710161934,
7470652003031449615,7470595713710161935,
7470652003031449615,7470595713710161936,
7470652003031449615,7470595713710161937,
7470652003031449615,7470595713710161938,
7470652003031449615,7470595713710161939,
7470652003031449615,7470595713710161940,
7470652003031449615,7470595713710161941,
7470652003031449615,7470595713710161942,
7470652003031449615,7470595713710161943,
7470652003031449615,7470595713710161944,
7470652003031449615,7470595713710161945,
7470652003031449615,7473049686468479659,
7470652003031449615,7473049686471070840,
7470652003031449615,7473049686471380946,
7470652003031449615,7473208335387604453,
7470652003031449615,7473208335388608884,
7470652003031449615,7473208335390607542,
7470652003031449616,7470595713705967808,
7470652003031449616,7470595713705967809,
7470652003031449616,7470595713705967810,
7470652003031449616,7470595713705967811,
7470652003031449616,7470595713705967812,
7470652003031449616,7470595713705967813,
7470652003031449616,7470595713705967814,
7470652003031449616,7470595713705967815,
7470652003031449616,7470595713705967816,
7470652003031449616,7470595713705967817,
7470652003031449616,7470595713705967818,
7470652003031449616,7470595713705967819,
7470652003031449616,7470595713705967820,
7470652003031449616,7470595713705967821,
7470652003031449616,7470595713705967822,
7470652003031449616,7470595713705967823,
7470652003031449616,7470595713705967824,
7470652003031449616,7470595713705967825,
7470652003031449616,7470595713705967826,
7470652003031449616,7470595713705967827,
7470652003031449616,7470595713705967828,
7470652003031449616,7470595713705967829,
7470652003031449616,7470595713705967830,
7470652003031449616,7470595713705967831,
7470652003031449616,7470595713705967832,
7470652003031449616,7470595713705967833,
7470652003031449616,7472120337123060823,
7470652003031449616,7473208335354453814,
7470652003031449616,7473208335357312468,
7470652003031449617,7470595713680801955,
7470652003031449617,7470595713680801956,
7470652003031449617,7470595713680801957,
7470652003031449617,7470595713680801958,
7470652003031449617,7470595713680801959,
7470652003031449617,7470595713680801960,
7470652003031449617,7470595713680801961,
7470652003031449617,7470595713680801962,
7470652003031449617,7470595713680801963,
7470652003031449617,7470595713680801964,
7470652003031449617,7470595713680801965,
7470652003031449617,7470595713680801966,
7470652003031449617,7470595713680801967,
7470652003031449617,7470595713680801968,
7470652003031449617,7470595713680801969,
7470652003031449617,7470595713680801970,
7470652003031449617,7470595713680801971,
7470652003031449617,7470595713680801972,
7470652003031449617,7470595713680802001,
7470652003031449617,7470595713680802002,
7470652003031449617,7470595713680802003,
7470652003031449617,7470595713680802004,
7470652003031449617,7470595713680802005,
7470652003031449617,7470595713680802061,
7470652003031449617,7470595713680802062,
7470652003031449617,7470595713680802063,
7470652003031449617,7470595713680802064,
7470652003031449617,7470595713680802065,
7470652003031449617,7470595713680802066,
7470652003031449617,7470595713680802067,
7470652003031449617,7470595713680802068,
7470652003031449617,7470595713680802069,
7470652003031449617,7470595713680802070,
7470652003031449617,7470595713680802093,
7470652003031449617,7470595713680802094,
7470652003031449617,7470595713684996116,
7470652003031449617,7470595713684996117,
7470652003031449617,7470595713684996118,
7470652003031449617,7470595713684996119,
7470652003031449617,7470595713684996120,
7470652003031449617,7470595713684996121,
7470652003031449617,7470595713684996122,
7470652003031449617,7470595713684996123,
7470652003031449617,7470595713684996124,
7470652003031449617,7470595713684996125,
7470652003031449617,7470595713684996126,
7470652003031449617,7470595713684996127,
7470652003031449617,7470595713684996128,
7470652003031449617,7470595713684996129,
7470652003031449617,7470595713684996130,
7470652003031449617,7470595713684996131,
7470652003031449617,7470595713684996132,
7470652003031449617,7470595713684996133,
7470652003031449617,7470595713684996134,
7470652003031449617,7470595713684996135,
7470652003031449617,7470595713684996136,
7470652003031449617,7470595713684996137,
7470652003031449617,7470595713684996138,
7470652003031449617,7470595713684996139,
7470652003031449617,7470595713684996140,
7470652003031449617,7470595713684996141,
7470652003031449617,7470595713684996142,
7470652003031449617,7470595713684996143,
7470652003031449617,7470595713684996144,
7470652003031449617,7470595713684996145,
7470652003031449617,7470595713684996146,
7470652003031449617,7470595713684996147,
7470652003031449617,7470595713684996148,
7470652003031449617,7470595713684996149,
7470652003031449617,7470595713684996150,
7470652003031449617,7470595713684996187,
7470652003031449617,7470595713684996188,
7470652003031449617,7470595713684996189,
7470652003031449617,7470595713684996190,
7470652003031449617,7470595713684996191,
7470652003031449617,7470595713684996192,
7470652003031449617,7470595713684996193,
7470652003031449617,7470595713684996194,
7470652003031449617,7470595713684996195,
7470652003031449617,7470595713684996196,
7470652003031449617,7470595713684996197,
7470652003031449617,7470595713684996198,
7470652003031449617,7470595713684996199,
7470652003031449617,7470595713684996200,
7470652003031449617,7470595713684996201,
7470652003031449617,7470595713684996202,
7470652003031449617,7470595713684996203,
7470652003031449617,7470595713684996204,
7470652003031449617,7470595713684996205,
7470652003031449617,7470595713684996206,
7470652003031449617,7470595713684996207,
7470652003031449617,7470595713684996208,
7470652003031449617,7470595713684996209,
7470652003031449617,7470595713684996210,
7470652003031449617,7470595713684996211,
7470652003031449617,7470595713684996212,
7470652003031449617,7470595713684996213,
7470652003031449617,7470595713684996214,
7470652003031449617,7470595713684996215,
7470652003031449617,7470595713684996216,
7470652003031449617,7470595713684996217,
7470652003031449617,7470595713684996218,
7470652003031449617,7470595713684996219,
7470652003031449617,7470595713684996220,
7470652003031449617,7470595713684996221,
7470652003031449617,7470595713684996222,
7470652003031449617,7470595713684996223,
7470652003031449617,7470595713684996224,
7470652003031449617,7470595713684996225,
7470652003031449617,7470595713684996226,
7470652003031449617,7470595713684996227,
7470652003031449617,7470595713684996228,
7470652003031449617,7470595713684996229,
7470652003031449617,7470595713684996230,
7470652003031449617,7470595713684996231,
7470652003031449617,7470595713684996232,
7470652003031449617,7470595713684996233,
7470652003031449617,7470595713684996234,
7470652003031449617,7470595713684996235,
7470652003031449617,7470595713684996236,
7470652003031449617,7470595713684996237,
7470652003031449617,7470595713684996238,
7470652003031449617,7470595713684996239,
7470652003031449617,7470595713684996240,
7470652003031449617,7471648091071468420,
7470652003031449617,7471648130543699435,
7470652003031449617,7471648172556668820,
7470652003031449617,7472120337168009696,
7470652003031449617,7472120337212192180,
7470652003031449617,7472120337212408370,
7470652003031449617,7472120337212836949,
7470652003031449617,7472120337213899743,
7470652003031449617,7472120337213995058,
7470652003031449617,7472120337214375990,
7470652003031449617,7472120337214711395,
7470652003031449617,7472120337215602061,
7470652003031449617,7472120337215686198,
7470652003031449617,7472120337215697689,
7470652003031449617,7472120337216403379,
7470652003031449617,7472120337218360136,
7470652003031449617,7472120337219181571,
7470652003031449617,7472313540469744324,
7470652003031449617,7472313540469761129,
7470652003031449617,7472313540469821205,
7470652003031449617,7472313540471174023,
7470652003031449617,7472313540471358763,
7470652003031449617,7472313540472319759,
7470652003031449617,7472313540473024654,
7470652003031449617,7472313540475271762,
7470652003031449617,7472313540475997492,
7470652003031449617,7472313540477936378,
7470652003031449617,7472313540480647821,
7470652003031449617,7472313540483449071,
7470652003031449617,7472313540490643101,
7470652003031449617,7472313540495057669,
7470652003031449617,7472313540495466239,
7470652003031449617,7472313540500431955,
7470652003031449617,7472313540500496039,
7470652003031449617,7472313540501557408,
7470652003031449617,7472371116867263823,
7470652003031449617,7472371116867837976,
7470652003031449617,7472374827648757871,
7470652003031449617,7472374827683002912,
7470652003031449617,7472374827685519716,
7470652003031449617,7472374827696164062,
7470652003031449617,7472815276504972489,
7470652003031449617,7472966923933006369,
7470652003031449617,7472966923935630073,
7470652003031449617,7472966923935985528,
7470652003031449617,7472966923936213222,
7470652003031449617,7472966923946604728,
7470652003031449617,7472966923952733618,
7470652003031449617,7473208335283906464,
7470652003031449617,7473208335417116239,
7470652003031449617,7473208335417560893,
7470652003031449617,7473208335420748748,
7470652003031449617,7473208335431474348,
7470652003031449617,7473208335431796251,
7470652003031449617,7473208335432587576,
7470652003031449617,7473208335435221133,
7470652003031449618,7470595713680802071,
7470652003031449618,7470595713680802072,
7470652003031449618,7470595713680802073,
7470652003031449618,7470595713680802074,
7470652003031449618,7470595713680802075,
7470652003031449618,7470595713680802076,
7470652003031449618,7470595713680802077,
7470652003031449618,7470595713680802078,
7470652003031449618,7470595713680802079,
7470652003031449618,7470595713680802080,
7470652003031449618,7470595713680802081,
7470652003031449618,7470595713680802082,
7470652003031449618,7470595713680802083,
7470652003031449618,7470595713680802084,
7470652003031449618,7470595713680802085,
7470652003031449618,7470595713680802086,
7470652003031449618,7470595713680802087,
7470652003031449618,7470595713680802088,
7470652003031449618,7470595713680802089,
7470652003031449618,7470595713680802090,
7470652003031449618,7470595713680802091,
7470652003031449618,7470595713680802092,
7470652003031449619,7470595713684996151,
7470652003031449619,7470595713684996152,
7470652003031449619,7470595713684996153,
7470652003031449619,7470595713684996154,
7470652003031449619,7470595713684996155,
7470652003031449619,7470595713684996156,
7470652003031449619,7470595713684996157,
7470652003031449619,7470595713684996158,
7470652003031449619,7470595713684996159,
7470652003031449619,7470595713684996160,
7470652003031449619,7470595713684996161,
7470652003031449619,7470595713684996162,
7470652003031449619,7470595713684996163,
7470652003031449619,7470595713684996164,
7470652003031449619,7470595713684996165,
7470652003031449619,7470595713684996166,
7470652003031449619,7470595713684996167,
7470652003031449619,7470595713684996168,
7470652003031449619,7470595713684996169,
7470652003031449619,7470595713684996170,
7470652003031449619,7470595713684996171,
7470652003031449619,7470595713684996172,
7470652003031449619,7470595713684996173,
7470652003031449619,7470595713684996174,
7470652003031449619,7470595713684996175,
7470652003031449619,7470595713684996176,
7470652003031449619,7470595713684996177,
7470652003031449619,7470595713684996178,
7470652003031449619,7470595713684996179,
7470652003031449619,7470595713684996180,
7470652003031449619,7470595713684996181,
7470652003031449619,7470595713684996182,
7470652003031449619,7470595713684996183,
7470652003031449619,7470595713684996184,
7470652003031449619,7470595713684996185,
7470652003031449619,7470595713684996186,
7470652003031449619,7472313540504774947,
7470652003031449619,7472371116876665939,
7470652003031449619,7472371116877550326,
7470652003031449619,7472815276484549780,
7470652003031449620,7470595713680802006,
7470652003031449620,7470595713680802007,
7470652003031449620,7470595713680802008,
7470652003031449620,7470595713680802009,
7470652003031449620,7470595713680802010,
7470652003031449620,7470595713680802011,
7470652003031449620,7470595713680802012,
7470652003031449620,7470595713680802013,
7470652003031449620,7470595713680802014,
7470652003031449620,7470595713680802015,
7470652003031449620,7470595713680802016,
7470652003031449620,7470595713680802017,
7470652003031449620,7470595713680802018,
7470652003031449620,7470595713680802019,
7470652003031449620,7470595713680802020,
7470652003031449620,7470595713680802021,
7470652003031449620,7470595713680802022,
7470652003031449620,7470595713680802023,
7470652003031449620,7470595713680802024,
7470652003031449620,7470595713680802025,
7470652003031449620,7470595713680802026,
7470652003031449620,7470595713680802027,
7470652003031449620,7470595713680802028,
7470652003031449620,7470595713680802029,
7470652003031449620,7470595713680802030,
7470652003031449620,7470595713680802031,
7470652003031449620,7470595713680802032,
7470652003031449620,7470595713680802033,
7470652003031449620,7470595713680802034,
7470652003031449620,7470595713680802035,
7470652003031449620,7470595713680802036,
7470652003031449620,7470595713680802037,
7470652003031449620,7470595713680802038,
7470652003031449620,7470595713680802039,
7470652003031449620,7470595713680802040,
7470652003031449620,7470595713680802041,
7470652003031449620,7470595713680802042,
7470652003031449620,7470595713680802043,
7470652003031449620,7470595713680802044,
7470652003031449620,7470595713680802045,
7470652003031449620,7470595713680802046,
7470652003031449620,7470595713680802047,
7470652003031449620,7470595713680802048,
7470652003031449620,7470595713680802049,
7470652003031449620,7470595713680802050,
7470652003031449620,7470595713680802051,
7470652003031449620,7470595713680802052,
7470652003031449620,7470595713680802053,
7470652003031449620,7470595713680802054,
7470652003031449620,7470595713680802055,
7470652003031449620,7470595713680802056,
7470652003031449620,7470595713680802057,
7470652003031449620,7470595713680802058,
7470652003031449620,7470595713680802059,
7470652003031449620,7470595713680802060,
7470652003031449620,7471482979615943951,
7470652003031449620,7471483064049762380,
7470652003031449620,7471483120544029378,
7470652003031449620,7471483188971227774,
7470652003031449620,7471483238208177231,
7470652003031449620,7473049686400886620,
7470652003031449620,7473049686401282147,
7470652003031449620,7473049686403979991,
7470652003031449620,7473049686403990351,
7470652003031449621,7470595713680801973,
7470652003031449621,7470595713680801974,
7470652003031449621,7470595713680801975,
7470652003031449621,7470595713680801976,
7470652003031449621,7470595713680801977,
7470652003031449621,7470595713680801978,
7470652003031449621,7470595713680801979,
7470652003031449621,7470595713680801980,
7470652003031449621,7470595713680801981,
7470652003031449621,7470595713680801982,
7470652003031449621,7470595713680801983,
7470652003031449621,7470595713680801984,
7470652003031449621,7470595713680801985,
7470652003031449621,7470595713680801986,
7470652003031449621,7470595713680801987,
7470652003031449621,7470595713680801988,
7470652003031449621,7470595713680801989,
7470652003031449621,7470595713680801990,
7470652003031449621,7470595713680801991,
7470652003031449621,7470595713680801992,
7470652003031449621,7470595713680801993,
7470652003031449621,7470595713680801994,
7470652003031449621,7470595713680801995,
7470652003031449621,7470595713680801996,
7470652003031449621,7470595713680801997,
7470652003031449621,7470595713680801998,
7470652003031449621,7470595713680801999,
7470652003031449621,7470595713680802000,
7470652003031449622,7470595713680802095,
7470652003031449622,7470595713680802096,
7470652003031449622,7470595713680802097,
7470652003031449622,7470595713680802098,
7470652003031449622,7470595713680802099,
7470652003031449622,7470595713680802100,
7470652003031449622,7470595713680802101,
7470652003031449622,7470595713680802102,
7470652003031449622,7470595713680802103,
7470652003031449622,7470595713680802104,
7470652003031449622,7470595713680802105,
7470652003031449622,7470595713680802106,
7470652003031449622,7470595713680802107,
7470652003031449622,7470595713680802108,
7470652003031449622,7470595713684996096,
7470652003031449622,7470595713684996097,
7470652003031449622,7470595713684996098,
7470652003031449622,7470595713684996099,
7470652003031449622,7470595713684996100,
7470652003031449622,7470595713684996101,
7470652003031449622,7470595713684996102,
7470652003031449622,7470595713684996103,
7470652003031449622,7470595713684996104,
7470652003031449622,7470595713684996105,
7470652003031449622,7470595713684996106,
7470652003031449622,7470595713684996107,
7470652003031449622,7470595713684996108,
7470652003031449622,7470595713684996109,
7470652003031449622,7470595713684996110,
7470652003031449622,7470595713684996111,
7470652003031449622,7470595713684996112,
7470652003031449622,7470595713684996113,
7470652003031449622,7470595713684996114,
7470652003031449622,7470595713684996115,
7470652003031449622,7472313540500664524,
7470652003031449622,7473049686468915728,
7470652003031449622,7473049686471091046,
7470652003031449622,7473049686471398584,
7470652003031449622,7473049686472816123,
7470652003031449622,7473049686473899182,
7470652003031449622,7473049686473917626,
7470652003031449622,7473049686474941700,
7470652003031449623,7470595713747910849,
7470652003031449623,7470595713747910850,
7470652003031449623,7470595713747910925,
7470652003031449623,7470595713747910926,
7470652003031449623,7470595713747910927,
7470652003031449623,7470595713747910928,
7470652003031449623,7470595713747910929,
7470652003031449623,7470595713747910930,
7470652003031449623,7470595713747910931,
7470652003031449623,7470595713747910932,
7470652003031449623,7470595713747910933,
7470652003031449623,7470595713747910934,
7470652003031449623,7470595713747910935,
7470652003031449623,7470595713747910936,
7470652003031449623,7470595713747910937,
7470652003031449623,7470595713747910938,
7470652003031449623,7470595713747910939,
7470652003031449623,7470595713747910940,
7470652003031449623,7470595713747910941,
7470652003031449623,7470595713747910942,
7470652003031449623,7470595713747910943,
7470652003031449623,7470595713747910944,
7470652003031449623,7470595713747910945,
7470652003031449623,7470595713747910946,
7470652003031449623,7470595713747910947,
7470652003031449623,7470595713747910948,
7470652003031449623,7470595713747910949,
7470652003031449623,7470595713747910950,
7470652003031449623,7470595713747910951,
7470652003031449623,7470595713747910952,
7470652003031449623,7470595713747910953,
7470652003031449623,7470595713747910954,
7470652003031449623,7470595713747910955,
7470652003031449623,7470595713747910956,
7470652003031449623,7470595713747910957,
7470652003031449623,7470595713747910958,
7470652003031449623,7470595713747910959,
7470652003031449623,7470595713747910960,
7470652003031449623,7470595713747910961,
7470652003031449623,7470595713747910962,
7470652003031449623,7470595713747910963,
7470652003031449623,7470595713747910964,
7470652003031449623,7470595713747910965,
7470652003031449623,7470595713747910966,
7470652003031449623,7470595713747910967,
7470652003031449623,7470595713747910968,
7470652003031449623,7470595713747910969,
7470652003031449623,7470595713747910970,
7470652003031449623,7470595713752105032,
7470652003031449623,7470595713752105033,
7470652003031449623,7470595713752105034,
7470652003031449623,7470595713752105035,
7470652003031449623,7470595713752105036,
7470652003031449623,7470595713752105037,
7470652003031449623,7470595713752105038,
7470652003031449623,7470595713752105039,
7470652003031449623,7470595713752105040,
7470652003031449623,7470595713752105041,
7470652003031449623,7470595713752105042,
7470652003031449623,7470595713752105043,
7470652003031449623,7470595713752105044,
7470652003031449623,7470595713752105045,
7470652003031449623,7470595713752105046,
7470652003031449623,7470595713752105047,
7470652003031449623,7470595713752105048,
7470652003031449623,7470595713752105049,
7470652003031449623,7470595713752105050,
7470652003031449623,7470595713752105051,
7470652003031449623,7470595713752105052,
7470652003031449623,7470595713752105053,
7470652003031449623,7470595713752105054,
7470652003031449623,7470595713752105055,
7470652003031449623,7470595713752105056,
7470652003031449623,7470595713752105057,
7470652003031449623,7470595713752105058,
7470652003031449623,7470595713752105059,
7470652003031449623,7470595713752105060,
7470652003031449623,7470595713752105061,
7470652003031449623,7470595713752105062,
7470652003031449623,7470595713752105063,
7470652003031449623,7470595713752105064,
7470652003031449623,7470595713752105065,
7470652003031449623,7470595713756299377,
7470652003031449623,7470595713756299378,
7470652003031449623,7470595713756299423,
7470652003031449623,7470595713756299424,
7470652003031449623,7470595713756299425,
7470652003031449623,7470595713756299426,
7470652003031449623,7470595713756299427,
7470652003031449623,7470595713756299428,
7470652003031449623,7470595713756299429,
7470652003031449623,7470595713756299430,
7470652003031449623,7470595713756299431,
7470652003031449623,7470595713756299432,
7470652003031449623,7470595713756299433,
7470652003031449623,7470595713756299434,
7470652003031449623,7470595713756299435,
7470652003031449623,7470595713756299436,
7470652003031449623,7470595713756299437,
7470652003031449623,7470595713756299438,
7470652003031449623,7470595713756299439,
7470652003031449623,7470595713756299440,
7470652003031449623,7470595713756299441,
7470652003031449623,7470595713756299442,
7470652003031449623,7470595713756299443,
7470652003031449623,7470595713756299444,
7470652003031449623,7470595713756299445,
7470652003031449623,7470595713756299446,
7470652003031449623,7470595713756299447,
7470652003031449623,7470595713756299448,
7470652003031449623,7470595713756299449,
7470652003031449623,7470595713756299450,
7470652003031449623,7470595713756299451,
7470652003031449623,7470595713756299452,
7470652003031449623,7470595713756299453,
7470652003031449623,7470595713756299454,
7470652003031449623,7470595713756299455,
7470652003031449623,7470595713756299456,
7470652003031449623,7470595713756299457,
7470652003031449623,7470595713756299458,
7470652003031449623,7470595713756299459,
7470652003031449623,7470595713756299460,
7470652003031449623,7470595713756299461,
7470652003031449623,7470595713756299462,
7470652003031449623,7470595713756299463,
7470652003031449623,7470595713756299464,
7470652003031449623,7470595713756299465,
7470652003031449623,7470595713756299466,
7470652003031449623,7470595713756299467,
7470652003031449623,7470595713756299468,
7470652003031449623,7470595713756299469,
7470652003031449623,7470595713756299470,
7470652003031449623,7470595713756299471,
7470652003031449623,7470595713756299472,
7470652003031449623,7470595713756299473,
7470652003031449623,7470595713756299474,
7470652003031449623,7470595713756299475,
7470652003031449623,7470595713756299476,
7470652003031449623,7470595713756299477,
7470652003031449623,7470595713756299478,
7470652003031449623,7470595713756299479,
7470652003031449623,7470595713756299480,
7470652003031449623,7470595713756299481,
7470652003031449623,7470595713756299482,
7470652003031449623,7470595713756299483,
7470652003031449623,7470595713756299484,
7470652003031449623,7470595713756299485,
7470652003031449623,7470595713756299486,
7470652003031449623,7470595713756299487,
7470652003031449623,7470595713756299488,
7470652003031449623,7470595713756299489,
7470652003031449623,7470595713756299490,
7470652003031449623,7470595713756299491,
7470652003031449623,7470595713756299492,
7470652003031449623,7470595713756299493,
7470652003031449623,7470595713756299494,
7470652003031449623,7470595713756299495,
7470652003031449623,7470595713756299496,
7470652003031449623,7470595713756299497,
7470652003031449623,7470595713756299498,
7470652003031449623,7470595713756299499,
7470652003031449623,7470595713756299500,
7470652003031449623,7470595713756299501,
7470652003031449623,7470595713756299502,
7470652003031449623,7470595713756299503,
7470652003031449623,7470595713756299504,
7470652003031449623,7470595713756299505,
7470652003031449623,7470595713756299506,
7470652003031449623,7470595713756299507,
7470652003031449623,7470595713756299508,
7470652003031449623,7470595713756299558,
7470652003031449623,7470595713756299559,
7470652003031449623,7470595713756299560,
7470652003031449623,7470595713756299561,
7470652003031449623,7470595713756299562,
7470652003031449623,7470595713756299563,
7470652003031449623,7470595713756299564,
7470652003031449623,7470595713756299565,
7470652003031449623,7470595713756299566,
7470652003031449623,7470595713756299567,
7470652003031449623,7470595713756299568,
7470652003031449623,7470595713760493580,
7470652003031449623,7470595713760493581,
7470652003031449623,7470595713760493582,
7470652003031449623,7470595713760493583,
7470652003031449623,7470595713760493584,
7470652003031449623,7470595713760493585,
7470652003031449623,7470595713760493586,
7470652003031449623,7470595713760493587,
7470652003031449623,7470595713760493588,
7470652003031449623,7470595713760493589,
7470652003031449623,7470595713760493721,
7470652003031449623,7470595713760493722,
7470652003031449623,7470595713760493723,
7470652003031449623,7470595713760493724,
7470652003031449623,7470595713760493725,
7470652003031449623,7470595713760493726,
7470652003031449623,7470595713760493727,
7470652003031449623,7470595713760493728,
7470652003031449623,7470595713760493729,
7470652003031449623,7470595713760493730,
7470652003031449623,7470595713760493731,
7470652003031449623,7470595713760493732,
7470652003031449623,7470595713760493733,
7470652003031449623,7470595713760493734,
7470652003031449623,7470595713760493735,
7470652003031449623,7470595713760493736,
7470652003031449623,7470595713760493737,
7470652003031449623,7470595713760493738,
7470652003031449623,7470595713760493739,
7470652003031449623,7470595713760493740,
7470652003031449623,7470595713760493741,
7470652003031449623,7470595713760493742,
7470652003031449623,7470595713760493743,
7470652003031449623,7470595713760493744,
7470652003031449623,7470595713760493745,
7470652003031449623,7470595713760493746,
7470652003031449623,7470595713760493747,
7470652003031449623,7470595713760493748,
7470652003031449623,7471430547022570463,
7470652003031449623,7471431105818060728,
7470652003031449623,7471431189369650456,
7470652003031449623,7471434576409031839,
7470652003031449623,7471440250238268817,
7470652003031449623,7471499664366922200,
7470652003031449623,7471506067141163695,
7470652003031449623,7471613449816461578,
7470652003031449623,7471613487743104363,
7470652003031449623,7471613522587590937,
7470652003031449623,7471639035153462077,
7470652003031449623,7471640823180033630,
7470652003031449623,7471640870922002446,
7470652003031449623,7471640894493420101,
7470652003031449623,7471640945369228001,
7470652003031449623,7471640989758195128,
7470652003031449623,7471641010571760154,
7470652003031449623,7471643717550153735,
7470652003031449623,7471643759931647696,
7470652003031449623,7471643809425020518,
7470652003031449623,7471643860188280558,
7470652003031449623,7471643948630406644,
7470652003031449623,7471643987798940219,
7470652003031449623,7471644039777654813,
7470652003031449623,7471644086208840555,
7470652003031449623,7472120337126559113,
7470652003031449623,7472120337139414813,
7470652003031449623,7472120337153823190,
7470652003031449623,7472120337155200750,
7470652003031449623,7472120337155625575,
7470652003031449623,7472120337155699396,
7470652003031449623,7472120337167617789,
7470652003031449623,7472120337168363431,
7470652003031449623,7472120337199280173,
7470652003031449623,7472120337204315529,
7470652003031449623,7472120337205847861,
7470652003031449623,7472120337216173035,
7470652003031449623,7472120337216325931,
7470652003031449623,7472120337218995340,
7470652003031449623,7472313540458152053,
7470652003031449623,7472313540459669077,
7470652003031449623,7472313540459962643,
7470652003031449623,7472313540459982268,
7470652003031449623,7472313540479960434,
7470652003031449623,7472313540481343926,
7470652003031449623,7472313540483901372,
7470652003031449623,7472313540495247252,
7470652003031449623,7472313540502329066,
7470652003031449623,7472313540524069978,
7470652003031449623,7472313540526178201,
7470652003031449623,7472313540527081371,
7470652003031449623,7472313540528616305,
7470652003031449623,7472313540529127497,
7470652003031449623,7472371116867474507,
7470652003031449623,7472762259833407947,
7470652003031449623,7472762259835147681,
7470652003031449623,7472815276465504443,
7470652003031449623,7472815276468132789,
7470652003031449623,7472815276501128654,
7470652003031449623,7472815276507967491,
7470652003031449623,7472966923909071742,
7470652003031449623,7472966923910698696,
7470652003031449623,7472966923910991334,
7470652003031449623,7472966923912872066,
7470652003031449623,7472966923913070289,
7470652003031449623,7472966923913494079,
7470652003031449623,7472966923915021542,
7470652003031449623,7472966923915307942,
7470652003031449623,7472966923915494944,
7470652003031449623,7472966923915981117,
7470652003031449623,7472966923916126098,
7470652003031449623,7472966923917451867,
7470652003031449623,7472966923917680908,
7470652003031449623,7472966923921348723,
7470652003031449623,7472966923926520816,
7470652003031449623,7472966923928327179,
7470652003031449623,7472966923933184717,
7470652003031449623,7472966923933667665,
7470652003031449623,7472966923934457351,
7470652003031449623,7472966923935161766,
7470652003031449623,7472966923935464920,
7470652003031449623,7472966923935979254,
7470652003031449623,7472966923947769084,
7470652003031449623,7472966923948677498,
7470652003031449623,7472966923957856664,
7470652003031449623,7472966923957955135,
7470652003031449623,7472966923958146781,
7470652003031449623,7472966923958399225,
7470652003031449623,7472966923958761029,
7470652003031449623,7472966923959486655,
7470652003031449623,7472966923960081586,
7470652003031449623,7472966923961154055,
7470652003031449623,7472966923962128105,
7470652003031449623,7472966923962294990,
7470652003031449623,7472966923962662169,
7470652003031449623,7472966923962790282,
7470652003031449623,7472966923963128906,
7470652003031449623,7472966923963349659,
7470652003031449623,7472966923963889605,
7470652003031449623,7472966923964581589,
7470652003031449623,7472966923964609086,
7470652003031449623,7472966923964757649,
7470652003031449623,7472966923965449376,
7470652003031449623,7472966923966203039,
7470652003031449623,7473049686405663181,
7470652003031449623,7473049686406468689,
7470652003031449623,7473049686417758081,
7470652003031449623,7473049686420315450,
7470652003031449623,7473049686464145019,
7470652003031449623,7473049686464435127,
7470652003031449623,7473049686464744623,
7470652003031449623,7473049686465630715,
7470652003031449623,7473208335279236955,
7470652003031449623,7473208335282289672,
7470652003031449623,7473208335282469514,
7470652003031449623,7473208335287538393,
7470652003031449623,7473208335289891863,
7470652003031449623,7473208335290041958,
7470652003031449623,7473208335305180790,
7470652003031449623,7473208335306051999,
7470652003031449623,7473208335359381719,
7470652003031449623,7473208335361231233,
7470652003031449623,7473208335379285473,
7470652003031449623,7473208335382077950,
7470652003031449623,7473208335402801827,
7470652003031449623,7473208335430163279,
7470652003031449623,7473208335431106499,
7470652003031449623,7473208335431330490,
7470652003031449623,7473208335432377787,
7470652003031449623,7473208335432749688,
7470652003031449623,7473208335436370685,
7470652003031449623,7473208335436641027,
7470652003031449624,7470595713756299569,
7470652003031449624,7470595713756299570,
7470652003031449624,7470595713756299571,
7470652003031449624,7470595713756299572,
7470652003031449624,7470595713756299573,
7470652003031449624,7470595713756299574,
7470652003031449624,7470595713756299575,
7470652003031449624,7470595713756299576,
7470652003031449624,7470595713756299577,
7470652003031449624,7470595713756299578,
7470652003031449624,7470595713756299579,
7470652003031449624,7470595713756299580,
7470652003031449624,7470595713756299581,
7470652003031449624,7470595713756299582,
7470652003031449624,7470595713756299583,
7470652003031449624,7470595713756299584,
7470652003031449624,7470595713756299585,
7470652003031449624,7470595713756299586,
7470652003031449624,7470595713756299587,
7470652003031449624,7470595713756299588,
7470652003031449624,7470595713756299589,
7470652003031449624,7470595713756299590,
7470652003031449624,7470595713756299591,
7470652003031449624,7470595713756299592,
7470652003031449624,7470595713756299593,
7470652003031449624,7470595713756299594,
7470652003031449624,7470595713756299595,
7470652003031449624,7470595713756299596,
7470652003031449624,7470595713756299597,
7470652003031449624,7470595713756299598,
7470652003031449624,7470595713756299599,
7470652003031449624,7470595713756299600,
7470652003031449624,7470595713756299601,
7470652003031449624,7470595713756299602,
7470652003031449624,7470595713760493568,
7470652003031449624,7470595713760493569,
7470652003031449624,7470595713760493570,
7470652003031449624,7470595713760493571,
7470652003031449624,7470595713760493572,
7470652003031449624,7470595713760493573,
7470652003031449624,7470595713760493574,
7470652003031449624,7470595713760493575,
7470652003031449624,7470595713760493576,
7470652003031449624,7470595713760493577,
7470652003031449624,7470595713760493578,
7470652003031449624,7470595713760493579,
7470652003031449624,7471366850177406117,
7470652003031449624,7471367103757925052,
7470652003031449624,7471649005221749182,
7470652003031449624,7471649031158198940,
7470652003031449624,7472313540516945862,
7470652003031449624,7472371116878099510,
7470652003031449624,7473208335338147318,
7470652003031449624,7473208335434644041,
7470652003031449624,7473208335436576965,
7470652003031449624,7473208335437262820,
7470652003031449625,7470595713739522050,
7470652003031449625,7470595713739522228,
7470652003031449625,7470595713760493590,
7470652003031449625,7470595713760493591,
7470652003031449625,7470595713760493592,
7470652003031449625,7470595713760493593,
7470652003031449625,7470595713760493594,
7470652003031449625,7470595713760493595,
7470652003031449625,7470595713760493596,
7470652003031449625,7470595713760493597,
7470652003031449625,7470595713760493598,
7470652003031449625,7470595713760493599,
7470652003031449625,7470595713760493600,
7470652003031449625,7470595713760493601,
7470652003031449625,7470595713760493602,
7470652003031449625,7470595713760493603,
7470652003031449625,7470595713760493604,
7470652003031449625,7470595713760493605,
7470652003031449625,7470595713760493606,
7470652003031449625,7470595713760493607,
7470652003031449625,7470595713760493608,
7470652003031449625,7470595713760493609,
7470652003031449625,7470595713760493610,
7470652003031449625,7470595713760493611,
7470652003031449625,7470595713760493612,
7470652003031449625,7470595713760493613,
7470652003031449625,7470595713760493614,
7470652003031449625,7470595713760493615,
7470652003031449625,7470595713760493616,
7470652003031449625,7470595713760493617,
7470652003031449625,7470595713760493618,
7470652003031449625,7470595713760493619,
7470652003031449625,7470595713760493620,
7470652003031449625,7470595713760493621,
7470652003031449625,7470595713760493622,
7470652003031449625,7470595713760493623,
7470652003031449625,7470595713760493624,
7470652003031449625,7470595713760493625,
7470652003031449625,7470595713760493626,
7470652003031449625,7470595713760493627,
7470652003031449625,7470595713760493628,
7470652003031449625,7470595713760493629,
7470652003031449625,7470595713760493630,
7470652003031449625,7470595713760493631,
7470652003031449625,7470595713760493632,
7470652003031449625,7470595713760493633,
7470652003031449625,7470595713760493634,
7470652003031449625,7470595713760493635,
7470652003031449625,7470595713760493636,
7470652003031449625,7470595713760493637,
7470652003031449625,7470595713760493638,
7470652003031449625,7470595713760493639,
7470652003031449625,7470595713760493640,
7470652003031449625,7470595713760493641,
7470652003031449625,7470595713760493642,
7470652003031449625,7470595713760493643,
7470652003031449625,7470595713760493644,
7470652003031449625,7470595713760493645,
7470652003031449625,7470595713760493646,
7470652003031449625,7470595713760493647,
7470652003031449625,7470595713760493648,
7470652003031449625,7470595713760493649,
7470652003031449625,7470595713760493650,
7470652003031449625,7470595713760493651,
7470652003031449625,7470595713760493652,
7470652003031449625,7470595713760493653,
7470652003031449625,7470595713760493654,
7470652003031449625,7470595713760493655,
7470652003031449625,7470595713760493656,
7470652003031449625,7470595713760493657,
7470652003031449625,7470595713760493658,
7470652003031449625,7470595713760493659,
7470652003031449625,7470595713760493660,
7470652003031449625,7470595713760493661,
7470652003031449625,7470595713760493662,
7470652003031449625,7470595713760493663,
7470652003031449625,7470595713760493664,
7470652003031449625,7470595713760493665,
7470652003031449625,7470595713760493666,
7470652003031449625,7470595713760493667,
7470652003031449625,7470595713760493668,
7470652003031449625,7470595713760493669,
7470652003031449625,7470595713760493670,
7470652003031449625,7470595713760493671,
7470652003031449625,7470595713760493672,
7470652003031449625,7470595713760493673,
7470652003031449625,7470595713760493674,
7470652003031449625,7470595713760493675,
7470652003031449625,7470595713760493676,
7470652003031449625,7470595713760493677,
7470652003031449625,7470595713760493678,
7470652003031449625,7470595713760493679,
7470652003031449625,7470595713760493680,
7470652003031449625,7470595713760493681,
7470652003031449625,7470595713760493682,
7470652003031449625,7470595713760493683,
7470652003031449625,7470595713760493684,
7470652003031449625,7470595713760493685,
7470652003031449625,7470595713760493686,
7470652003031449625,7470595713760493687,
7470652003031449625,7470595713760493688,
7470652003031449625,7470595713760493689,
7470652003031449625,7470595713760493690,
7470652003031449625,7470595713760493691,
7470652003031449625,7470595713760493692,
7470652003031449625,7470595713760493693,
7470652003031449625,7470595713760493694,
7470652003031449625,7470595713760493695,
7470652003031449625,7470595713760493696,
7470652003031449625,7470595713760493697,
7470652003031449625,7470595713760493698,
7470652003031449625,7470595713760493699,
7470652003031449625,7470595713760493700,
7470652003031449625,7470595713760493701,
7470652003031449625,7470595713760493702,
7470652003031449625,7470595713760493703,
7470652003031449625,7470595713760493704,
7470652003031449625,7470595713760493705,
7470652003031449625,7470595713760493706,
7470652003031449625,7470595713760493707,
7470652003031449625,7470595713760493708,
7470652003031449625,7470595713760493709,
7470652003031449625,7470595713760493710,
7470652003031449625,7470595713760493711,
7470652003031449625,7470595713760493712,
7470652003031449625,7470595713760493713,
7470652003031449625,7470595713760493714,
7470652003031449625,7470595713760493715,
7470652003031449625,7470595713760493716,
7470652003031449625,7470595713760493717,
7470652003031449625,7470595713760493718,
7470652003031449625,7470595713760493719,
7470652003031449625,7470595713760493720,
7470652003031449625,7472120337157076261,
7470652003031449625,7472815276469031783,
7470652003031449625,7472815276471185493,
7470652003031449625,7473208335356081521,
7470652003031449625,7473208335378665710,
7470652003031449626,7470595713747910851,
7470652003031449626,7470595713747910852,
7470652003031449626,7470595713747910853,
7470652003031449626,7470595713747910854,
7470652003031449626,7470595713747910855,
7470652003031449626,7470595713747910856,
7470652003031449626,7470595713747910857,
7470652003031449626,7470595713747910858,
7470652003031449626,7470595713747910859,
7470652003031449626,7470595713747910860,
7470652003031449626,7470595713747910861,
7470652003031449626,7470595713747910862,
7470652003031449626,7470595713747910863,
7470652003031449626,7470595713747910864,
7470652003031449626,7470595713747910865,
7470652003031449626,7470595713747910866,
7470652003031449626,7470595713747910867,
7470652003031449626,7470595713747910868,
7470652003031449626,7470595713747910869,
7470652003031449626,7470595713747910870,
7470652003031449626,7470595713747910871,
7470652003031449626,7470595713747910872,
7470652003031449626,7470595713747910873,
7470652003031449626,7470595713747910874,
7470652003031449626,7470595713747910875,
7470652003031449626,7470595713747910876,
7470652003031449626,7470595713747910877,
7470652003031449626,7470595713747910878,
7470652003031449626,7470595713747910879,
7470652003031449626,7470595713747910880,
7470652003031449626,7470595713747910881,
7470652003031449626,7470595713747910882,
7470652003031449626,7470595713747910883,
7470652003031449626,7470595713747910884,
7470652003031449626,7470595713747910885,
7470652003031449626,7470595713747910886,
7470652003031449626,7470595713747910887,
7470652003031449626,7470595713747910888,
7470652003031449626,7470595713747910889,
7470652003031449626,7470595713747910890,
7470652003031449626,7470595713747910891,
7470652003031449626,7470595713747910892,
7470652003031449626,7470595713747910893,
7470652003031449626,7470595713747910894,
7470652003031449626,7470595713747910895,
7470652003031449626,7470595713747910896,
7470652003031449626,7470595713747910897,
7470652003031449626,7470595713747910898,
7470652003031449626,7470595713747910899,
7470652003031449626,7470595713747910900,
7470652003031449626,7470595713747910901,
7470652003031449626,7470595713747910902,
7470652003031449626,7470595713747910903,
7470652003031449626,7470595713747910904,
7470652003031449626,7470595713747910905,
7470652003031449626,7470595713747910906,
7470652003031449626,7470595713747910907,
7470652003031449626,7470595713747910908,
7470652003031449626,7470595713747910909,
7470652003031449626,7470595713747910910,
7470652003031449626,7470595713747910911,
7470652003031449626,7470595713747910912,
7470652003031449626,7470595713747910913,
7470652003031449626,7470595713747910914,
7470652003031449626,7470595713747910915,
7470652003031449626,7470595713747910916,
7470652003031449626,7470595713747910917,
7470652003031449626,7470595713747910918,
7470652003031449626,7470595713747910919,
7470652003031449626,7470595713747910920,
7470652003031449626,7470595713747910921,
7470652003031449626,7470595713747910922,
7470652003031449626,7470595713747910923,
7470652003031449626,7470595713747910924,
7470652003031449626,7470595713806631183,
7470652003031449626,7470595713806631184,
7470652003031449626,7471442676890322792,
7470652003031449626,7471640018151099036,
7470652003031449626,7471640054468176119,
7470652003031449626,7471640086728927410,
7470652003031449626,7471645485665276311,
7470652003031449626,7471645520075893497,
7470652003031449626,7472374827680302874,
7470652003031449627,7470595713747910901,
7470652003031449627,7470595713747910971,
7470652003031449627,7470595713747910972,
7470652003031449627,7470595713747910973,
7470652003031449627,7470595713747910974,
7470652003031449627,7470595713747910975,
7470652003031449627,7470595713747910976,
7470652003031449627,7470595713747910977,
7470652003031449627,7470595713747910978,
7470652003031449627,7470595713747910979,
7470652003031449627,7470595713747910980,
7470652003031449627,7470595713747910981,
7470652003031449627,7470595713747910982,
7470652003031449627,7470595713747910983,
7470652003031449627,7470595713747910984,
7470652003031449627,7470595713747910985,
7470652003031449627,7470595713747910986,
7470652003031449627,7470595713747910987,
7470652003031449627,7470595713747910988,
7470652003031449627,7470595713747910989,
7470652003031449627,7470595713747910990,
7470652003031449627,7470595713747910991,
7470652003031449627,7470595713747910992,
7470652003031449627,7470595713747910993,
7470652003031449627,7470595713747910994,
7470652003031449627,7470595713747910995,
7470652003031449627,7470595713747910996,
7470652003031449627,7470595713747910997,
7470652003031449627,7470595713747910998,
7470652003031449627,7470595713747910999,
7470652003031449627,7470595713747911000,
7470652003031449627,7470595713747911001,
7470652003031449627,7470595713747911002,
7470652003031449627,7470595713747911003,
7470652003031449627,7470595713747911004,
7470652003031449627,7470595713747911005,
7470652003031449627,7470595713747911006,
7470652003031449627,7470595713747911007,
7470652003031449627,7470595713747911008,
7470652003031449627,7470595713747911009,
7470652003031449627,7470595713747911010,
7470652003031449627,7470595713747911011,
7470652003031449627,7470595713747911012,
7470652003031449627,7470595713747911013,
7470652003031449627,7470595713747911014,
7470652003031449627,7470595713747911015,
7470652003031449627,7470595713747911016,
7470652003031449627,7470595713752104960,
7470652003031449627,7470595713752104961,
7470652003031449627,7470595713752104962,
7470652003031449627,7470595713752104963,
7470652003031449627,7470595713752104964,
7470652003031449627,7470595713752104965,
7470652003031449627,7470595713752104966,
7470652003031449627,7470595713752104967,
7470652003031449627,7470595713752104968,
7470652003031449627,7470595713752104969,
7470652003031449627,7470595713752104970,
7470652003031449627,7470595713752104971,
7470652003031449627,7470595713752104972,
7470652003031449627,7470595713752104973,
7470652003031449627,7470595713752104974,
7470652003031449627,7470595713752104975,
7470652003031449627,7470595713752104976,
7470652003031449627,7470595713752104977,
7470652003031449627,7470595713752104978,
7470652003031449627,7470595713752104979,
7470652003031449627,7470595713752104980,
7470652003031449627,7470595713752104981,
7470652003031449627,7470595713752104982,
7470652003031449627,7470595713752104983,
7470652003031449627,7470595713752104984,
7470652003031449627,7470595713752104985,
7470652003031449627,7470595713752104986,
7470652003031449627,7470595713752104987,
7470652003031449627,7470595713752104988,
7470652003031449627,7470595713752104989,
7470652003031449627,7470595713752104990,
7470652003031449627,7470595713752104991,
7470652003031449627,7470595713752104992,
7470652003031449627,7470595713752104993,
7470652003031449627,7470595713752104994,
7470652003031449627,7470595713752104995,
7470652003031449627,7470595713752104996,
7470652003031449627,7470595713752104997,
7470652003031449627,7470595713752104998,
7470652003031449627,7470595713752104999,
7470652003031449627,7470595713752105000,
7470652003031449627,7470595713752105001,
7470652003031449627,7470595713752105002,
7470652003031449627,7470595713752105003,
7470652003031449627,7470595713752105004,
7470652003031449627,7470595713752105005,
7470652003031449627,7470595713752105006,
7470652003031449627,7470595713752105007,
7470652003031449627,7470595713752105008,
7470652003031449627,7470595713752105009,
7470652003031449627,7470595713752105010,
7470652003031449627,7470595713752105011,
7470652003031449627,7470595713752105012,
7470652003031449627,7470595713752105013,
7470652003031449627,7470595713752105014,
7470652003031449627,7470595713752105015,
7470652003031449627,7470595713752105016,
7470652003031449627,7470595713752105017,
7470652003031449627,7470595713752105018,
7470652003031449627,7470595713752105019,
7470652003031449627,7470595713752105020,
7470652003031449627,7470595713752105021,
7470652003031449627,7470595713752105022,
7470652003031449627,7470595713752105023,
7470652003031449627,7470595713752105024,
7470652003031449627,7470595713752105025,
7470652003031449627,7470595713752105026,
7470652003031449627,7470595713752105027,
7470652003031449627,7470595713752105028,
7470652003031449627,7470595713752105029,
7470652003031449627,7470595713752105030,
7470652003031449627,7470595713752105031,
7470652003031449627,7471616230533226053,
7470652003031449627,7472120337138516873,
7470652003031449627,7472120337139212943,
7470652003031449627,7472120337143378935,
7470652003031449627,7472120337149994370,
7470652003031449627,7472120337150752397,
7470652003031449627,7472120337176465440,
7470652003031449627,7472120337177737877,
7470652003031449627,7472120337184556371,
7470652003031449627,7472313540480727792,
7470652003031449627,7472815276457212776,
7470652003031449627,7472815276458616003,
7470652003031449627,7472815276458704502,
7470652003031449627,7473208335329499529,
7470652003031449628,7470595713756299379,
7470652003031449628,7470595713756299380,
7470652003031449628,7470595713756299381,
7470652003031449628,7470595713756299382,
7470652003031449628,7470595713756299383,
7470652003031449628,7470595713756299384,
7470652003031449628,7470595713756299385,
7470652003031449628,7470595713756299386,
7470652003031449628,7470595713756299387,
7470652003031449628,7470595713756299388,
7470652003031449628,7470595713756299389,
7470652003031449628,7470595713756299390,
7470652003031449628,7470595713756299391,
7470652003031449628,7470595713756299392,
7470652003031449628,7470595713756299393,
7470652003031449628,7470595713756299394,
7470652003031449628,7470595713756299395,
7470652003031449628,7470595713756299396,
7470652003031449628,7470595713756299397,
7470652003031449628,7470595713756299398,
7470652003031449628,7470595713756299399,
7470652003031449628,7470595713756299400,
7470652003031449628,7470595713756299401,
7470652003031449628,7470595713756299402,
7470652003031449628,7470595713756299403,
7470652003031449628,7470595713756299404,
7470652003031449628,7470595713756299405,
7470652003031449628,7470595713756299406,
7470652003031449628,7470595713756299407,
7470652003031449628,7470595713756299408,
7470652003031449628,7470595713756299409,
7470652003031449628,7470595713756299410,
7470652003031449628,7470595713756299411,
7470652003031449628,7470595713756299412,
7470652003031449628,7470595713756299413,
7470652003031449628,7470595713756299414,
7470652003031449628,7470595713756299415,
7470652003031449628,7470595713756299416,
7470652003031449628,7470595713756299417,
7470652003031449628,7470595713756299418,
7470652003031449628,7470595713756299419,
7470652003031449628,7470595713756299420,
7470652003031449628,7470595713756299421,
7470652003031449628,7470595713756299422,
7470652003031449628,7471494763577469877,
7470652003031449628,7472120337185351205,
7470652003031449628,7472313540479488496,
7470652003031449628,7472313540515915595,
7470652003031449628,7472815276497925388,
7470652003031449628,7472815276498534901,
7470652003031449628,7472815276499060854,
7470652003031449628,7472815276499826031,
7470652003031449628,7472815276500153427,
7470652003031449628,7472815276500737458,
7470652003031449628,7472815276501318677,
7470652003031449629,7470595713752105066,
7470652003031449629,7470595713752105067,
7470652003031449629,7470595713752105068,
7470652003031449629,7470595713752105069,
7470652003031449629,7470595713752105070,
7470652003031449629,7470595713752105071,
7470652003031449629,7470595713752105072,
7470652003031449629,7470595713752105073,
7470652003031449629,7470595713752105074,
7470652003031449629,7470595713752105075,
7470652003031449629,7470595713752105076,
7470652003031449629,7470595713752105077,
7470652003031449629,7470595713752105078,
7470652003031449629,7470595713752105079,
7470652003031449629,7470595713752105080,
7470652003031449629,7470595713752105081,
7470652003031449629,7470595713752105082,
7470652003031449629,7470595713752105083,
7470652003031449629,7470595713752105084,
7470652003031449629,7470595713752105085,
7470652003031449629,7470595713752105086,
7470652003031449629,7470595713752105087,
7470652003031449629,7470595713752105088,
7470652003031449629,7470595713752105089,
7470652003031449629,7470595713752105090,
7470652003031449629,7470595713752105091,
7470652003031449629,7470595713752105092,
7470652003031449629,7470595713752105093,
7470652003031449629,7470595713752105094,
7470652003031449629,7470595713752105095,
7470652003031449629,7470595713752105096,
7470652003031449629,7470595713752105097,
7470652003031449629,7470595713752105098,
7470652003031449629,7470595713752105099,
7470652003031449629,7470595713752105100,
7470652003031449629,7470595713752105101,
7470652003031449629,7470595713752105102,
7470652003031449629,7470595713752105103,
7470652003031449629,7470595713752105104,
7470652003031449629,7470595713752105105,
7470652003031449629,7470595713752105106,
7470652003031449629,7470595713752105107,
7470652003031449629,7470595713752105108,
7470652003031449629,7470595713752105109,
7470652003031449629,7470595713752105110,
7470652003031449629,7470595713752105111,
7470652003031449629,7470595713752105112,
7470652003031449629,7470595713752105113,
7470652003031449629,7470595713752105114,
7470652003031449629,7470595713752105115,
7470652003031449629,7470595713752105116,
7470652003031449629,7470595713752105117,
7470652003031449629,7470595713752105118,
7470652003031449629,7470595713752105119,
7470652003031449629,7470595713752105120,
7470652003031449629,7470595713752105121,
7470652003031449629,7470595713752105122,
7470652003031449629,7470595713752105123,
7470652003031449629,7470595713752105124,
7470652003031449629,7470595713752105125,
7470652003031449629,7470595713752105126,
7470652003031449629,7470595713752105127,
7470652003031449629,7470595713752105128,
7470652003031449629,7470595713752105129,
7470652003031449629,7470595713752105130,
7470652003031449629,7470595713752105131,
7470652003031449629,7470595713752105132,
7470652003031449629,7470595713752105213,
7470652003031449629,7470595713752105214,
7470652003031449629,7470595713752105215,
7470652003031449629,7470595713752105216,
7470652003031449629,7470595713752105217,
7470652003031449629,7470595713752105218,
7470652003031449629,7470595713752105219,
7470652003031449629,7470595713752105220,
7470652003031449629,7470595713752105221,
7470652003031449629,7470595713752105222,
7470652003031449629,7470595713752105223,
7470652003031449629,7470595713752105224,
7470652003031449629,7470595713752105261,
7470652003031449629,7470595713752105262,
7470652003031449629,7470595713752105263,
7470652003031449629,7470595713752105264,
7470652003031449629,7470595713752105265,
7470652003031449629,7470595713752105266,
7470652003031449629,7470595713752105267,
7470652003031449629,7470595713752105268,
7470652003031449629,7470595713752105269,
7470652003031449629,7470595713752105270,
7470652003031449629,7470595713752105271,
7470652003031449629,7470595713752105272,
7470652003031449629,7470595713752105273,
7470652003031449629,7470595713752105274,
7470652003031449629,7470595713752105275,
7470652003031449629,7470595713752105276,
7470652003031449629,7470595713752105277,
7470652003031449629,7470595713752105278,
7470652003031449629,7470595713752105279,
7470652003031449629,7470595713752105280,
7470652003031449629,7470595713752105281,
7470652003031449629,7470595713752105282,
7470652003031449629,7470595713752105283,
7470652003031449629,7470595713752105284,
7470652003031449629,7470595713752105285,
7470652003031449629,7470595713752105286,
7470652003031449629,7470595713752105287,
7470652003031449629,7470595713752105288,
7470652003031449629,7470595713752105289,
7470652003031449629,7470595713752105290,
7470652003031449629,7470595713752105291,
7470652003031449629,7470595713752105292,
7470652003031449629,7470595713752105293,
7470652003031449629,7470595713752105294,
7470652003031449629,7470595713752105295,
7470652003031449629,7470595713752105296,
7470652003031449629,7470595713752105297,
7470652003031449629,7470595713752105298,
7470652003031449629,7470595713756299264,
7470652003031449629,7470595713756299265,
7470652003031449629,7470595713756299266,
7470652003031449629,7470595713756299267,
7470652003031449629,7470595713756299268,
7470652003031449629,7470595713756299269,
7470652003031449629,7470595713756299270,
7470652003031449629,7470595713756299271,
7470652003031449629,7470595713756299272,
7470652003031449629,7470595713756299273,
7470652003031449629,7470595713756299274,
7470652003031449629,7470595713756299275,
7470652003031449629,7470595713756299276,
7470652003031449629,7470595713756299277,
7470652003031449629,7470595713756299278,
7470652003031449629,7470595713756299279,
7470652003031449629,7470595713756299280,
7470652003031449629,7470595713756299281,
7470652003031449629,7470595713756299282,
7470652003031449629,7470595713756299283,
7470652003031449629,7470595713756299284,
7470652003031449629,7470595713756299285,
7470652003031449629,7470595713756299286,
7470652003031449629,7470595713756299287,
7470652003031449629,7470595713756299288,
7470652003031449629,7470595713756299289,
7470652003031449629,7470595713756299290,
7470652003031449629,7470595713756299291,
7470652003031449629,7470595713756299292,
7470652003031449629,7470595713756299293,
7470652003031449629,7470595713756299294,
7470652003031449629,7470595713756299295,
7470652003031449629,7470595713756299296,
7470652003031449629,7470595713756299297,
7470652003031449629,7470595713756299298,
7470652003031449629,7470595713756299299,
7470652003031449629,7470595713756299300,
7470652003031449629,7470595713756299301,
7470652003031449629,7470595713756299302,
7470652003031449629,7470595713756299303,
7470652003031449629,7470595713756299304,
7470652003031449629,7470595713756299305,
7470652003031449629,7470595713756299306,
7470652003031449629,7470595713756299307,
7470652003031449629,7470595713756299308,
7470652003031449629,7470595713756299309,
7470652003031449629,7470595713756299310,
7470652003031449629,7470595713756299311,
7470652003031449629,7470595713756299312,
7470652003031449629,7470595713756299338,
7470652003031449629,7470595713756299339,
7470652003031449629,7470595713756299340,
7470652003031449629,7470595713756299341,
7470652003031449629,7470595713756299342,
7470652003031449629,7470595713756299343,
7470652003031449629,7470595713756299344,
7470652003031449629,7470595713756299345,
7470652003031449629,7470595713756299346,
7470652003031449629,7470595713756299347,
7470652003031449629,7470595713756299348,
7470652003031449629,7470595713756299349,
7470652003031449629,7470595713756299350,
7470652003031449629,7470595713756299351,
7470652003031449629,7470595713756299352,
7470652003031449629,7470595713756299353,
7470652003031449629,7470595713756299354,
7470652003031449629,7470595713756299355,
7470652003031449629,7470595713756299356,
7470652003031449629,7470595713756299357,
7470652003031449629,7470595713756299358,
7470652003031449629,7470595713756299359,
7470652003031449629,7470595713756299360,
7470652003031449629,7470595713756299361,
7470652003031449629,7470595713756299362,
7470652003031449629,7470595713756299363,
7470652003031449629,7470595713756299364,
7470652003031449629,7470595713756299365,
7470652003031449629,7470595713756299366,
7470652003031449629,7470595713756299367,
7470652003031449629,7470595713756299368,
7470652003031449629,7470595713756299369,
7470652003031449629,7470595713756299370,
7470652003031449629,7470595713756299371,
7470652003031449629,7470595713756299372,
7470652003031449629,7470595713756299373,
7470652003031449629,7470595713756299374,
7470652003031449629,7470595713756299375,
7470652003031449629,7470595713756299376,
7470652003031449629,7471435097220488649,
7470652003031449629,7471435235372081539,
7470652003031449629,7471435319674725420,
7470652003031449629,7471440433515166667,
7470652003031449629,7471440540135699750,
7470652003031449629,7471440616440161262,
7470652003031449629,7471442891367720682,
7470652003031449629,7471443035519808378,
7470652003031449629,7471600800057152897,
7470652003031449629,7471647085141472072,
7470652003031449629,7471647124326932628,
7470652003031449629,7471647290942375170,
7470652003031449629,7471647337399771295,
7470652003031449629,7471647353095280449,
7470652003031449629,7472120337161800291,
7470652003031449629,7472120337163331091,
7470652003031449629,7472120337163995785,
7470652003031449629,7472120337185751041,
7470652003031449629,7472120337187263204,
7470652003031449629,7472120337187509311,
7470652003031449629,7472120337187801370,
7470652003031449629,7472120337188859254,
7470652003031449629,7472120337189691718,
7470652003031449629,7472120337190206615,
7470652003031449629,7472120337190577587,
7470652003031449629,7472120337200554037,
7470652003031449629,7472120337201770756,
7470652003031449629,7472120337217303082,
7470652003031449629,7472120337219114127,
7470652003031449629,7472120337221577530,
7470652003031449629,7472120337221599768,
7470652003031449629,7472120337221984384,
7470652003031449629,7472120337222225694,
7470652003031449629,7472120337222640789,
7470652003031449629,7472120337223352116,
7470652003031449629,7472313540465035316,
7470652003031449629,7472313540499835321,
7470652003031449629,7472313540500017283,
7470652003031449629,7472313540500244230,
7470652003031449629,7472313540503110503,
7470652003031449629,7472313540504355350,
7470652003031449629,7472313540504589636,
7470652003031449629,7472313540506493079,
7470652003031449629,7472371116871393488,
7470652003031449629,7472371116872355352,
7470652003031449629,7472371116873832037,
7470652003031449629,7472371116874120241,
7470652003031449629,7472371116875018636,
7470652003031449629,7472371116875303515,
7470652003031449629,7472681414326140590,
7470652003031449629,7472815276477153800,
7470652003031449629,7472815276478177461,
7470652003031449629,7472966923963760573,
7470652003031449629,7472966923965838183,
7470652003031449629,7473049686402374904,
7470652003031449629,7473208335283215073,
7470652003031449629,7473208335284315249,
7470652003031449629,7473208335317967017,
7470652003031449629,7473208335346786909,
7470652003031449629,7473208335374942304,
7470652003031449629,7473208335378271630,
7470652003031449629,7473208335378556439,
7470652003031449629,7473208335378962489,
7470652003031449629,7473208335379016267,
7470652003031449629,7473208335379111263,
7470652003031449629,7473208335380038171,
7470652003031449629,7473208335380760091,
7470652003031449629,7473208335380834148,
7470652003031449629,7473208335381489684,
7470652003031449629,7473208335382231361,
7470652003031449629,7473208335382851737,
7470652003031449629,7473208335383099121,
7470652003031449629,7473208335389267822,
7470652003031449630,7470595713752105225,
7470652003031449630,7470595713752105226,
7470652003031449630,7470595713752105227,
7470652003031449630,7470595713752105228,
7470652003031449630,7470595713752105229,
7470652003031449630,7470595713752105230,
7470652003031449630,7470595713752105231,
7470652003031449630,7470595713752105232,
7470652003031449630,7470595713752105233,
7470652003031449630,7470595713752105234,
7470652003031449630,7470595713752105235,
7470652003031449630,7470595713752105236,
7470652003031449630,7470595713752105237,
7470652003031449630,7470595713752105238,
7470652003031449630,7470595713752105239,
7470652003031449630,7470595713752105240,
7470652003031449630,7470595713752105241,
7470652003031449630,7470595713752105242,
7470652003031449630,7470595713752105243,
7470652003031449630,7470595713752105244,
7470652003031449630,7470595713752105245,
7470652003031449630,7470595713752105246,
7470652003031449630,7470595713752105247,
7470652003031449630,7470595713752105248,
7470652003031449630,7470595713752105249,
7470652003031449630,7470595713752105250,
7470652003031449630,7470595713752105251,
7470652003031449630,7470595713752105252,
7470652003031449630,7470595713752105253,
7470652003031449630,7470595713752105254,
7470652003031449630,7470595713752105255,
7470652003031449630,7470595713752105256,
7470652003031449630,7470595713752105257,
7470652003031449630,7470595713752105258,
7470652003031449630,7470595713752105259,
7470652003031449630,7470595713752105260,
7470652003031449630,7472120337190879916,
7470652003031449630,7472371116904955677,
7470652003031449630,7472681414321722162,
7470652003031449630,7472762259845099266,
7470652003031449630,7472966923949932547,
7470652003031449630,7472966923951251545,
7470652003031449630,7473049686473681654,
7470652003031449630,7473049686473802338,
7470652003031449630,7473208335435842977,
7470652003031449631,7470595713756299313,
7470652003031449631,7470595713756299314,
7470652003031449631,7470595713756299315,
7470652003031449631,7470595713756299316,
7470652003031449631,7470595713756299317,
7470652003031449631,7470595713756299318,
7470652003031449631,7470595713756299319,
7470652003031449631,7470595713756299320,
7470652003031449631,7470595713756299321,
7470652003031449631,7470595713756299322,
7470652003031449631,7470595713756299323,
7470652003031449631,7470595713756299324,
7470652003031449631,7470595713756299325,
7470652003031449631,7470595713756299326,
7470652003031449631,7470595713756299327,
7470652003031449631,7470595713756299328,
7470652003031449631,7470595713756299329,
7470652003031449631,7470595713756299330,
7470652003031449631,7470595713756299331,
7470652003031449631,7470595713756299332,
7470652003031449631,7470595713756299333,
7470652003031449631,7470595713756299334,
7470652003031449631,7470595713756299335,
7470652003031449631,7470595713756299336,
7470652003031449631,7470595713756299337,
7470652003031449632,7470595713752105133,
7470652003031449632,7470595713752105134,
7470652003031449632,7470595713752105135,
7470652003031449632,7470595713752105136,
7470652003031449632,7470595713752105137,
7470652003031449632,7470595713752105138,
7470652003031449632,7470595713752105139,
7470652003031449632,7470595713752105140,
7470652003031449632,7470595713752105141,
7470652003031449632,7470595713752105142,
7470652003031449632,7470595713752105143,
7470652003031449632,7470595713752105144,
7470652003031449632,7470595713752105145,
7470652003031449632,7470595713752105146,
7470652003031449632,7470595713752105147,
7470652003031449632,7470595713752105148,
7470652003031449632,7470595713752105149,
7470652003031449632,7470595713752105150,
7470652003031449632,7470595713752105151,
7470652003031449632,7470595713752105152,
7470652003031449632,7470595713752105153,
7470652003031449632,7470595713752105154,
7470652003031449632,7470595713781465323,
7470652003031449632,7470595713785659423,
7470652003031449632,7472120337170683241,
7470652003031449632,7472120337172243786,
7470652003031449632,7472120337201212999,
7470652003031449632,7472120337202389625,
7470652003031449632,7472120337202842192,
7470652003031449632,7473208335420300326,
7470652003031449633,7470595713752105155,
7470652003031449633,7470595713752105156,
7470652003031449633,7470595713752105157,
7470652003031449633,7470595713752105158,
7470652003031449633,7470595713752105159,
7470652003031449633,7470595713752105160,
7470652003031449633,7470595713752105161,
7470652003031449633,7470595713752105162,
7470652003031449633,7470595713752105163,
7470652003031449633,7470595713752105164,
7470652003031449633,7470595713752105165,
7470652003031449633,7470595713752105166,
7470652003031449633,7470595713752105167,
7470652003031449633,7470595713752105168,
7470652003031449633,7470595713752105169,
7470652003031449633,7470595713752105170,
7470652003031449633,7470595713752105171,
7470652003031449633,7470595713752105172,
7470652003031449633,7470595713752105173,
7470652003031449633,7470595713752105174,
7470652003031449633,7470595713752105175,
7470652003031449633,7470595713752105176,
7470652003031449633,7470595713752105177,
7470652003031449633,7470595713752105178,
7470652003031449633,7470595713752105179,
7470652003031449633,7470595713752105180,
7470652003031449633,7470595713752105181,
7470652003031449633,7470595713752105182,
7470652003031449633,7470595713752105183,
7470652003031449633,7470595713752105184,
7470652003031449633,7470595713752105185,
7470652003031449633,7470595713752105186,
7470652003031449633,7470595713752105187,
7470652003031449633,7470595713752105188,
7470652003031449633,7470595713752105189,
7470652003031449633,7470595713752105190,
7470652003031449633,7470595713752105191,
7470652003031449633,7470595713752105192,
7470652003031449633,7470595713752105193,
7470652003031449633,7470595713752105194,
7470652003031449633,7470595713752105195,
7470652003031449633,7470595713752105196,
7470652003031449633,7470595713752105197,
7470652003031449633,7470595713752105198,
7470652003031449633,7470595713752105199,
7470652003031449633,7470595713752105200,
7470652003031449633,7470595713752105201,
7470652003031449633,7470595713752105202,
7470652003031449633,7470595713752105203,
7470652003031449633,7470595713752105204,
7470652003031449633,7470595713752105205,
7470652003031449633,7470595713752105206,
7470652003031449633,7470595713752105207,
7470652003031449633,7470595713752105208,
7470652003031449633,7470595713752105209,
7470652003031449633,7470595713752105210,
7470652003031449633,7470595713752105211,
7470652003031449633,7470595713752105212,
7470652003031449633,7472371116876508137,
7470652003031449633,7472374827692026480,
7470652003031449633,7472966923923191313,
7470652003031449633,7472966923962404083,
7470652003031449633,7472966923962902391,
7470652003031449633,7473208335272072267,
7470652003031449633,7473208335275229637,
7470652003031449633,7473208335284117798,
7470652003031449633,7473208335286600044,
7470652003031449633,7473208335418610346,
7470652003031449633,7473208335420374569,
7470652003031449634,7470595713756299509,
7470652003031449634,7470595713756299510,
7470652003031449634,7470595713756299511,
7470652003031449634,7470595713756299512,
7470652003031449634,7470595713756299513,
7470652003031449634,7470595713756299514,
7470652003031449634,7470595713756299515,
7470652003031449634,7470595713756299516,
7470652003031449634,7470595713756299517,
7470652003031449634,7470595713756299518,
7470652003031449634,7470595713756299519,
7470652003031449634,7470595713756299520,
7470652003031449634,7470595713756299521,
7470652003031449634,7470595713756299522,
7470652003031449634,7470595713756299523,
7470652003031449634,7470595713756299524,
7470652003031449634,7470595713756299525,
7470652003031449634,7470595713756299526,
7470652003031449634,7470595713756299527,
7470652003031449634,7470595713756299528,
7470652003031449634,7470595713756299529,
7470652003031449634,7470595713756299530,
7470652003031449634,7470595713756299531,
7470652003031449634,7470595713756299532,
7470652003031449634,7470595713756299533,
7470652003031449634,7470595713756299534,
7470652003031449634,7470595713756299535,
7470652003031449634,7470595713756299536,
7470652003031449634,7470595713756299537,
7470652003031449634,7470595713756299538,
7470652003031449634,7470595713756299539,
7470652003031449634,7470595713756299540,
7470652003031449634,7470595713756299541,
7470652003031449634,7470595713756299542,
7470652003031449634,7470595713756299543,
7470652003031449634,7470595713756299544,
7470652003031449634,7470595713756299545,
7470652003031449634,7470595713756299546,
7470652003031449634,7470595713756299547,
7470652003031449634,7470595713756299548,
7470652003031449634,7470595713756299549,
7470652003031449634,7470595713756299550,
7470652003031449634,7470595713756299551,
7470652003031449634,7470595713756299552,
7470652003031449634,7470595713756299553,
7470652003031449634,7470595713756299554,
7470652003031449634,7470595713756299555,
7470652003031449634,7470595713756299556,
7470652003031449634,7470595713756299557,
7470652003031449635,7470595713768882402,
7470652003031449635,7470595713768882403,
7470652003031449635,7470595713768882404,
7470652003031449635,7470595713768882405,
7470652003031449635,7470595713768882406,
7470652003031449635,7470595713768882407,
7470652003031449635,7470595713768882408,
7470652003031449635,7470595713768882409,
7470652003031449635,7470595713768882410,
7470652003031449635,7470595713768882411,
7470652003031449635,7470595713768882412,
7470652003031449635,7470595713768882413,
7470652003031449635,7470595713768882414,
7470652003031449635,7470595713768882415,
7470652003031449635,7470595713768882416,
7470652003031449635,7470595713768882417,
7470652003031449635,7470595713768882418,
7470652003031449635,7470595713768882419,
7470652003031449635,7470595713768882420,
7470652003031449635,7470595713768882421,
7470652003031449635,7470595713768882422,
7470652003031449635,7470595713768882423,
7470652003031449635,7470595713768882424,
7470652003031449635,7470595713768882425,
7470652003031449635,7470595713768882426,
7470652003031449635,7470595713768882427,
7470652003031449635,7470595713768882428,
7470652003031449635,7470595713768882429,
7470652003031449635,7470595713768882430,
7470652003031449635,7470595713768882431,
7470652003031449635,7470595713768882432,
7470652003031449635,7470595713768882433,
7470652003031449635,7470595713768882434,
7470652003031449635,7470595713768882435,
7470652003031449635,7470595713768882436,
7470652003031449635,7470595713768882437,
7470652003031449635,7470595713768882438,
7470652003031449635,7470595713768882439,
7470652003031449635,7470595713768882440,
7470652003031449635,7470595713768882441,
7470652003031449635,7470595713768882442,
7470652003031449635,7470595713768882443,
7470652003031449635,7470595713773076480,
7470652003031449635,7470595713773076481,
7470652003031449635,7470595713773076482,
7470652003031449635,7470595713773076483,
7470652003031449635,7470595713773076484,
7470652003031449635,7470595713773076485,
7470652003031449635,7470595713773076486,
7470652003031449635,7470595713773076487,
7470652003031449635,7470595713773076488,
7470652003031449635,7470595713773076489,
7470652003031449635,7470595713773076490,
7470652003031449635,7470595713773076491,
7470652003031449635,7470595713773076492,
7470652003031449635,7470595713773076493,
7470652003031449635,7470595713773076494,
7470652003031449635,7470595713773076495,
7470652003031449635,7470595713773076496,
7470652003031449635,7470595713773076497,
7470652003031449635,7470595713773076498,
7470652003031449635,7470595713773076499,
7470652003031449635,7470595713773076500,
7470652003031449635,7470595713773076501,
7470652003031449635,7470595713773076502,
7470652003031449635,7470595713773076503,
7470652003031449635,7470595713773076504,
7470652003031449635,7470595713773076505,
7470652003031449635,7470595713773076506,
7470652003031449635,7470595713773076507,
7470652003031449635,7470595713773076508,
7470652003031449635,7470595713773076509,
7470652003031449635,7470595713773076510,
7470652003031449635,7470595713773076511,
7470652003031449635,7470595713773076512,
7470652003031449635,7470595713773076513,
7470652003031449635,7470595713773076514,
7470652003031449635,7470595713773076515,
7470652003031449635,7470595713773076516,
7470652003031449635,7470595713773076517,
7470652003031449635,7470595713773076518,
7470652003031449635,7470595713773076519,
7470652003031449635,7470595713773076520,
7470652003031449635,7470595713773076521,
7470652003031449635,7470595713773076522,
7470652003031449635,7470595713773076523,
7470652003031449635,7470595713773076524,
7470652003031449635,7470595713773076525,
7470652003031449635,7470595713773076526,
7470652003031449635,7470595713773076527,
7470652003031449635,7470595713773076528,
7470652003031449635,7470595713773076529,
7470652003031449635,7470595713773076530,
7470652003031449635,7470595713773076531,
7470652003031449635,7470595713773076532,
7470652003031449635,7470595713773076533,
7470652003031449635,7470595713773076534,
7470652003031449635,7470595713773076535,
7470652003031449635,7470595713773076536,
7470652003031449635,7470595713773076537,
7470652003031449635,7470595713773076538,
7470652003031449635,7470595713773076539,
7470652003031449635,7470595713773076540,
7470652003031449635,7470595713773076541,
7470652003031449635,7470595713773076542,
7470652003031449635,7470595713773076543,
7470652003031449635,7470595713773076544,
7470652003031449635,7470595713773076545,
7470652003031449635,7470595713773076546,
7470652003031449635,7470595713773076547,
7470652003031449635,7470595713773076548,
7470652003031449635,7470595713773076549,
7470652003031449635,7470595713773076550,
7470652003031449635,7470595713773076551,
7470652003031449635,7470595713773076552,
7470652003031449635,7470595713773076553,
7470652003031449635,7470595713773076554,
7470652003031449635,7470595713773076555,
7470652003031449635,7470595713773076556,
7470652003031449635,7470595713773076557,
7470652003031449635,7470595713773076558,
7470652003031449635,7470595713773076559,
7470652003031449635,7470595713773076560,
7470652003031449635,7470595713773076561,
7470652003031449635,7470595713773076562,
7470652003031449635,7470595713773076563,
7470652003031449635,7470595713773076564,
7470652003031449635,7470595713773076565,
7470652003031449635,7470595713773076566,
7470652003031449635,7470595713773076567,
7470652003031449635,7470595713773076568,
7470652003031449635,7470595713773076569,
7470652003031449635,7470595713773076570,
7470652003031449635,7470595713773076571,
7470652003031449635,7470595713773076572,
7470652003031449635,7470595713773076573,
7470652003031449635,7470595713773076574,
7470652003031449635,7470595713773076575,
7470652003031449635,7470595713773076576,
7470652003031449635,7470595713773076577,
7470652003031449635,7470595713773076578,
7470652003031449635,7470595713773076579,
7470652003031449635,7470595713773076580,
7470652003031449635,7470595713773076581,
7470652003031449635,7470595713773076582,
7470652003031449635,7470595713773076583,
7470652003031449635,7470595713773076584,
7470652003031449635,7470595713773076585,
7470652003031449635,7470595713773076586,
7470652003031449635,7470595713773076587,
7470652003031449635,7470595713773076588,
7470652003031449635,7470595713773076589,
7470652003031449635,7470595713773076590,
7470652003031449635,7470595713773076591,
7470652003031449635,7470595713773076592,
7470652003031449635,7470595713773076593,
7470652003031449635,7470595713773076594,
7470652003031449635,7470595713773076595,
7470652003031449635,7470595713773076596,
7470652003031449635,7470595713773076597,
7470652003031449635,7470595713773076598,
7470652003031449635,7470595713773076599,
7470652003031449635,7470595713773076600,
7470652003031449635,7470595713773076601,
7470652003031449635,7470595713773076602,
7470652003031449635,7470595713773076603,
7470652003031449635,7470595713773076604,
7470652003031449635,7470595713773076605,
7470652003031449635,7470595713773076606,
7470652003031449635,7470595713773076607,
7470652003031449635,7470595713773076608,
7470652003031449635,7470595713773076609,
7470652003031449635,7470595713773076610,
7470652003031449635,7470595713773076611,
7470652003031449635,7470595713773076612,
7470652003031449635,7470595713773076613,
7470652003031449635,7470595713773076614,
7470652003031449635,7470595713773076615,
7470652003031449635,7470595713773076616,
7470652003031449635,7470595713773076617,
7470652003031449635,7470595713773076618,
7470652003031449635,7470595713773076619,
7470652003031449635,7470595713773076620,
7470652003031449635,7470595713773076621,
7470652003031449635,7470595713773076622,
7470652003031449635,7470595713773076623,
7470652003031449635,7470595713773076624,
7470652003031449635,7470595713773076625,
7470652003031449635,7470595713773076626,
7470652003031449635,7470595713773076627,
7470652003031449635,7470595713773076628,
7470652003031449635,7470595713773076629,
7470652003031449635,7470595713773076630,
7470652003031449635,7470595713773076631,
7470652003031449635,7470595713773076632,
7470652003031449635,7470595713773076633,
7470652003031449635,7470595713773076634,
7470652003031449635,7470595713773076635,
7470652003031449635,7470595713773076636,I don't know
7470652003031449635,7470595713773076637,
7470652003031449635,7470595713773076638,
7470652003031449635,7470595713773076639,
7470652003031449635,7470595713773076640,
7470652003031449635,7470595713773076641,
7470652003031449635,7470595713773076642,
7470652003031449635,7470595713773076643,
7470652003031449635,7470595713773076644,
7470652003031449635,7470595713773076645,
7470652003031449635,7470595713773076646,
7470652003031449635,7470595713773076647,
7470652003031449635,7470595713773076648,
7470652003031449635,7470595713773076649,
7470652003031449635,7470595713773076650,
7470652003031449635,7470595713773076651,
7470652003031449635,7470595713773076652,
7470652003031449635,7470595713773076653,
7470652003031449635,7470595713773076654,
7470652003031449635,7470595713773076655,
7470652003031449635,7470595713773076656,
7470652003031449635,7470595713773076657,
7470652003031449635,7470595713773076658,
7470652003031449635,7470595713773076659,
7470652003031449635,7470595713773076660,
7470652003031449635,7470595713773076661,
7470652003031449635,7470595713773076662,
7470652003031449635,7470595713773076663,
7470652003031449635,7470595713773076664,
7470652003031449635,7470595713773076665,
7470652003031449635,7470595713773076666,
7470652003031449635,7470595713773076667,
7470652003031449635,7470595713773076668,
7470652003031449635,7470595713773076669,
7470652003031449635,7470595713773076670,
7470652003031449635,7470595713773076671,
7470652003031449635,7470595713773076672,
7470652003031449635,7470595713773076673,
7470652003031449635,7470595713773076674,
7470652003031449635,7470595713773076675,
7470652003031449635,7470595713773076676,
7470652003031449635,7470595713773076677,
7470652003031449635,7470595713773076678,
7470652003031449635,7470595713773076679,
7470652003031449635,7470595713773076680,
7470652003031449635,7470595713773076681,
7470652003031449635,7470595713773076682,
7470652003031449635,7470595713773076683,
7470652003031449635,7470595713773076684,
7470652003031449635,7470595713773076685,
7470652003031449635,7470595713773076686,
7470652003031449635,7470595713773076687,
7470652003031449635,7470595713773076688,
7470652003031449635,7470595713773076689,
7470652003031449635,7470595713773076690,
7470652003031449635,7470595713773076691,
7470652003031449635,7470595713773076692,
7470652003031449635,7470595713773076693,
7470652003031449635,7470595713773076694,
7470652003031449635,7470595713773076695,
7470652003031449635,7470595713773076696,
7470652003031449635,7470595713773076697,
7470652003031449635,7470595713773076698,
7470652003031449635,7470595713773076699,
7470652003031449635,7470595713773076700,
7470652003031449635,7470595713773076701,
7470652003031449635,7470595713773076702,
7470652003031449635,7470595713773076703,
7470652003031449635,7470595713773076704,
7470652003031449635,7470595713773076705,
7470652003031449635,7470595713773076706,
7470652003031449635,7470595713773076707,
7470652003031449635,7470595713773076708,
7470652003031449635,7470595713773076709,
7470652003031449635,7470595713773076710,
7470652003031449635,7470595713773076711,
7470652003031449635,7470595713773076712,
7470652003031449635,7470595713773076713,
7470652003031449635,7470595713773076714,
7470652003031449635,7470595713773076715,
7470652003031449635,7470595713773076716,
7470652003031449635,7470595713773076717,
7470652003031449635,7470595713773076718,
7470652003031449635,7470595713773076719,
7470652003031449635,7470595713773076720,
7470652003031449635,7470595713773076721,
7470652003031449635,7470595713773076722,
7470652003031449635,7470595713773076723,
7470652003031449635,7470595713773076724,
7470652003031449635,7470595713773076725,
7470652003031449635,7470595713773076726,
7470652003031449635,7470595713773076727,
7470652003031449635,7470595713773076728,
7470652003031449635,7470595713777270784,
7470652003031449635,7470595713777270785,
7470652003031449635,7470595713777270786,
7470652003031449635,7470595713777270787,
7470652003031449635,7470595713777270788,
7470652003031449635,7470595713777270789,
7470652003031449635,7470595713777270790,
7470652003031449635,7470595713777270791,
7470652003031449635,7470595713777270792,
7470652003031449635,7470595713777270793,
7470652003031449635,7470595713777270794,
7470652003031449635,7470595713777270795,
7470652003031449635,7470595713777270796,
7470652003031449635,7470595713777270797,
7470652003031449635,7470595713777270798,
7470652003031449635,7470595713777270799,
7470652003031449635,7470595713777270800,
7470652003031449635,7470595713777270801,
7470652003031449635,7470595713777270802,
7470652003031449635,7470595713777270803,
7470652003031449635,7470595713777270804,
7470652003031449635,7470595713777270805,
7470652003031449635,7470595713777270806,
7470652003031449635,7470595713777270807,
7470652003031449635,7470595713777270808,
7470652003031449635,7470595713777270809,
7470652003031449635,7470595713777270810,
7470652003031449635,7470595713777270811,
7470652003031449635,7470595713777270812,
7470652003031449635,7470595713777270813,
7470652003031449635,7470595713777270814,
7470652003031449635,7470595713777270815,
7470652003031449635,7470595713777270816,
7470652003031449635,7470595713777270817,
7470652003031449635,7470595713777270818,
7470652003031449635,7470595713777270819,
7470652003031449635,7470595713777270820,
7470652003031449635,7470595713777270821,
7470652003031449635,7470595713777270822,
7470652003031449635,7470595713777270823,
7470652003031449635,7470595713777270824,
7470652003031449635,7470595713777270825,
7470652003031449635,7470595713777270826,
7470652003031449635,7470595713777270827,
7470652003031449635,7471430902268898693,
7470652003031449635,7471441815547495218,
7470652003031449635,7471441914956096900,
7470652003031449635,7471442410238063877,
7470652003031449635,7471442503740832316,
7470652003031449635,7471483731589945248,
7470652003031449635,7471483794771345049,
7470652003031449635,7471494612513170069,
7470652003031449635,7471601253169563353,
7470652003031449635,7471601280757483081,
7470652003031449635,7471601317483833187,
7470652003031449635,7471604110154228276,
7470652003031449635,7471611553662481262,
7470652003031449635,7471611587588474933,
7470652003031449635,7471611648907154404,
7470652003031449635,7471611812453448680,
7470652003031449635,7471611855796571477,
7470652003031449635,7471611947667274773,
7470652003031449635,7471611973943399018,
7470652003031449635,7471612661578679772,
7470652003031449635,7471612953768266884,
7470652003031449635,7471612979052738144,
7470652003031449635,7471613031203847953,
7470652003031449635,7471613046426972825,
7470652003031449635,7471613078304718904,
7470652003031449635,7471613093158629826,
7470652003031449635,7471613128322049433,
7470652003031449635,7471613145693770571,
7470652003031449635,7471613218991924780,
7470652003031449635,7471613266488094357,
7470652003031449635,7471613339543569475,
7470652003031449635,7471614463798161966,
7470652003031449635,7471614513747801421,
7470652003031449635,7471615082638799324,
7470652003031449635,7471615160933388147,
7470652003031449635,7471615239328009885,
7470652003031449635,7471615319491721309,
7470652003031449635,7471615366128081463,
7470652003031449635,7471615427311093708,
7470652003031449635,7471615498200843783,
7470652003031449635,7471640248209084740,
7470652003031449635,7471640320072656885,
7470652003031449635,7471640355762890270,
7470652003031449635,7471640392523963404,
7470652003031449635,7471640414932923123,
7470652003031449635,7471640549391347379,
7470652003031449635,7471640612239062807,
7470652003031449635,7471641578491730860,
7470652003031449635,7471641650915787510,
7470652003031449635,7471641697896002728,
7470652003031449635,7471641755281300343,
7470652003031449635,7471641803663663769,
7470652003031449635,7471641842151480007,
7470652003031449635,7471644367279567480,
7470652003031449635,7471644395154494630,
7470652003031449635,7471644420674666771,
7470652003031449635,7471644446898629101,
7470652003031449635,7471649890572691253,
7470652003031449635,7471649946898469964,
7470652003031449635,7471649985213290651,
7470652003031449635,7472120337113685446,
7470652003031449635,7472120337123050196,
7470652003031449635,7472120337123476511,
7470652003031449635,7472120337123530318,
7470652003031449635,7472120337125766354,
7470652003031449635,7472120337126124297,
7470652003031449635,7472120337128108966,
7470652003031449635,7472120337130889793,
7470652003031449635,7472120337130907164,
7470652003031449635,7472120337134164443,
7470652003031449635,7472120337134680356,
7470652003031449635,7472120337149708280,
7470652003031449635,7472120337153622891,
7470652003031449635,7472120337154682521,
7470652003031449635,7472120337156374998,
7470652003031449635,7472120337157216544,
7470652003031449635,7472120337158518158,
7470652003031449635,7472120337161274609,
7470652003031449635,7472120337162051946,
7470652003031449635,7472120337162081695,
7470652003031449635,7472120337163934988,
7470652003031449635,7472120337164197896,
7470652003031449635,7472120337164325386,
7470652003031449635,7472120337164952739,
7470652003031449635,7472120337165511468,
7470652003031449635,7472120337188411577,
7470652003031449635,7472120337191274259,
7470652003031449635,7472120337193311558,
7470652003031449635,7472120337209052291,
7470652003031449635,7472120337209454282,
7470652003031449635,7472120337216371387,
7470652003031449635,7472120337219733839,
7470652003031449635,7472120337219809605,
7470652003031449635,7472313540478499022,
7470652003031449635,7472313540490398105,
7470652003031449635,7472313540494806932,
7470652003031449635,7472313540494965337,
7470652003031449635,7472313540498549399,
7470652003031449635,7472313540498596893,
7470652003031449635,7472313540498708036,
7470652003031449635,7472313540502257177,
7470652003031449635,7472313540502324963,
7470652003031449635,7472313540502611416,
7470652003031449635,7472371116859754595,
7470652003031449635,7472371116878652847,
7470652003031449635,7472371116908736717,
7470652003031449635,7472762259829626248,
7470652003031449635,7472762259830184299,
7470652003031449635,7472762259831107185,
7470652003031449635,7472762259834886462,
7470652003031449635,7472762259836351224,
7470652003031449635,7472815276477486573,
7470652003031449635,7472815276477509458,
7470652003031449635,7472815276477793987,
7470652003031449635,7472815276478168771,
7470652003031449635,7472815276478297768,
7470652003031449635,7472815276479396844,
7470652003031449635,7472815276479754427,
7470652003031449635,7472815276480019442,
7470652003031449635,7472815276480233774,
7470652003031449635,7472815276493395369,
7470652003031449635,7472815276496252609,
7470652003031449635,7472815276496480848,
7470652003031449635,7472815276500851923,
7470652003031449635,7472815276503673492,
7470652003031449635,7472815276505249264,
7470652003031449635,7472966923909878272,
7470652003031449635,7472966923922674610,
7470652003031449635,7472966923924743065,
7470652003031449635,7472966923925937939,
7470652003031449635,7472966923926381007,
7470652003031449635,7472966923926868067,
7470652003031449635,7472966923927278875,
7470652003031449635,7472966923928426534,
7470652003031449635,7472966923928427256,
7470652003031449635,7472966923928837888,
7470652003031449635,7472966923933739218,
7470652003031449635,7472966923957731734,
7470652003031449635,7473049686386576151,
7470652003031449635,7473049686400608057,
7470652003031449635,7473049686405170311,
7470652003031449635,7473049686406712013,
7470652003031449635,7473049686407918141,
7470652003031449635,7473049686409665064,
7470652003031449635,7473049686442989849,
7470652003031449635,7473049686443872707,
7470652003031449635,7473049686444262615,
7470652003031449635,7473049686445824427,
7470652003031449635,7473049686445885886,
7470652003031449635,7473050929479081936,
7470652003031449635,7473050929481689740,
7470652003031449635,7473208335278433369,
7470652003031449635,7473208335278472271,
7470652003031449635,7473208335278511503,
7470652003031449635,7473208335278605894,
7470652003031449635,7473208335278925869,
7470652003031449635,7473208335279454239,
7470652003031449635,7473208335280929721,
7470652003031449635,7473208335281041665,
7470652003031449635,7473208335282183182,
7470652003031449635,7473208335282327147,
7470652003031449635,7473208335282356946,
7470652003031449635,7473208335282417237,
7470652003031449635,7473208335299279628,
7470652003031449635,7473208335302837858,
7470652003031449635,7473208335303567220,
7470652003031449635,7473208335304049497,
7470652003031449635,7473208335304970919,
7470652003031449635,7473208335306639016,
7470652003031449635,7473208335307148821,
7470652003031449635,7473208335347735221,
7470652003031449635,7473208335348370414,
7470652003031449635,7473208335349608838,
7470652003031449635,7473208335379233713,
7470652003031449635,7473208335381539361,
7470652003031449635,7473208335382528451,
7470652003031449635,7473208335382663019,
7470652003031449635,7473208335389694233,
7470652003031449635,7473208335392642059,
7470652003031449635,7473208335395536577,
7470652003031449635,7473208335397107816,
7470652003031449635,7473208335397311433,
7470652003031449635,7473208335398644173,
7470652003031449635,7473208335399581243,
7470652003031449635,7473208335400186132,
7470652003031449635,7473208335400545114,
7470652003031449635,7473208335400690997,
7470652003031449635,7473208335400808944,
7470652003031449635,7473208335401316776,
7470652003031449635,7473208335402074457,
7470652003031449635,7473208335403221897,
7470652003031449635,7473208335403818808,
7470652003031449635,7473208335403995874,
7470652003031449635,7473208335404147925,
7470652003031449635,7473208335405786510,
7470652003031449635,7473208335406736707,
7470652003031449635,7473208335417997896,
7470652003031449635,7473208335418844191,
7470652003031449635,7473208335420015468,
7470652003031449635,7473208335423482489,
7470652003031449635,7473208335425180819,
7470652003031449635,7473208335425979829,
7470652003031449635,7473208335426611860,
7470652003031449635,7473208335429198412,
7470652003031449635,7473208335429780913,
7470652003031449635,7473208335429840965,
7470652003031449635,7473208335430378427,
7470652003031449635,7473208335431729099,
7470652003031449635,7473208335432673476,
7470652003031449635,7473208335435091732,
7470652003031449635,7473208335436896558,
7470652003031449636,7470595713739522240,
7470652003031449636,7470595713739522241,
7470652003031449636,7470595713739522242,
7470652003031449636,7470595713743716625,
7470652003031449636,7470595713743716626,
7470652003031449636,7470595713743716627,
7470652003031449636,7470595713743716628,
7470652003031449636,7470595713743716629,
7470652003031449636,7470595713743716630,
7470652003031449636,7470595713743716631,
7470652003031449636,7470595713743716632,
7470652003031449636,7470595713743716633,
7470652003031449636,7470595713743716634,
7470652003031449636,7470595713743716635,
7470652003031449636,7470595713743716636,
7470652003031449636,7470595713743716671,
7470652003031449636,7470595713743716672,
7470652003031449636,7470595713747910656,
7470652003031449636,7470595713747910657,
7470652003031449636,7470595713747910658,
7470652003031449636,7470595713747910659,
7470652003031449636,7470595713747910660,
7470652003031449636,7470595713747910661,
7470652003031449636,7470595713747910662,
7470652003031449636,7470595713747910663,
7470652003031449636,7470595713747910664,
7470652003031449636,7470595713747910687,
7470652003031449636,7470595713747910688,
7470652003031449636,7470595713747910689,
7470652003031449636,7470595713747910690,
7470652003031449636,7470595713747910691,
7470652003031449636,7470595713747910692,
7470652003031449636,7470595713747910693,
7470652003031449636,7470595713747910694,
7470652003031449636,7470595713747910695,
7470652003031449636,7470595713747910696,
7470652003031449636,7470595713747910697,
7470652003031449636,7470595713747910698,
7470652003031449636,7470595713747910699,
7470652003031449636,7470595713747910700,
7470652003031449636,7470595713747910701,
7470652003031449636,7470595713747910702,
7470652003031449636,7470595713747910703,
7470652003031449636,7470595713747910803,
7470652003031449636,7470595713747910804,
7470652003031449636,7470595713747910805,
7470652003031449636,7470595713747910806,
7470652003031449636,7470595713747910807,
7470652003031449636,7470595713747910808,
7470652003031449636,7470595713747910809,
7470652003031449636,7470595713747910810,
7470652003031449636,7470595713747910811,
7470652003031449636,7470595713747910812,
7470652003031449636,7470595713747910813,
7470652003031449636,7470595713747910814,
7470652003031449636,7470595713747910815,
7470652003031449636,7470595713777270897,
7470652003031449636,7471506647636577355,
7470652003031449636,7471641296357436515,
7470652003031449636,7471641322542192553,
7470652003031449636,7472120337188008247,
7470652003031449636,7472120337189230763,
7470652003031449636,7472313540459721962,
7470652003031449636,7473208335347480478,
7470652003031449637,7470595713747910704,
7470652003031449637,7470595713747910705,
7470652003031449637,7470595713747910706,
7470652003031449637,7470595713747910707,
7470652003031449637,7470595713747910708,
7470652003031449637,7470595713747910709,
7470652003031449637,7470595713747910710,
7470652003031449637,7470595713747910711,
7470652003031449637,7470595713747910712,
7470652003031449637,7470595713747910713,
7470652003031449637,7470595713747910714,
7470652003031449637,7470595713747910715,
7470652003031449637,7470595713747910716,
7470652003031449637,7470595713747910717,
7470652003031449637,7470595713747910718,
7470652003031449637,7470595713747910719,
7470652003031449637,7470595713747910720,
7470652003031449637,7470595713747910721,
7470652003031449637,7470595713747910722,
7470652003031449637,7470595713747910723,
7470652003031449637,7470595713747910724,
7470652003031449637,7470595713747910725,
7470652003031449637,7470595713747910726,
7470652003031449637,7470595713747910727,
7470652003031449637,7470595713747910728,
7470652003031449637,7470595713747910729,
7470652003031449637,7470595713747910730,
7470652003031449637,7470595713747910731,
7470652003031449637,7470595713747910732,
7470652003031449637,7470595713747910733,
7470652003031449637,7470595713747910734,
7470652003031449637,7470595713747910735,
7470652003031449637,7470595713747910736,
7470652003031449637,7470595713747910737,
7470652003031449637,7470595713747910738,
7470652003031449637,7470595713747910739,
7470652003031449637,7470595713747910740,
7470652003031449637,7470595713747910741,
7470652003031449637,7470595713747910742,
7470652003031449637,7470595713747910743,
7470652003031449637,7470595713747910744,
7470652003031449637,7470595713747910745,
7470652003031449637,7470595713747910746,
7470652003031449637,7470595713747910747,
7470652003031449637,7470595713747910748,
7470652003031449637,7470595713747910749,
7470652003031449637,7470595713747910750,
7470652003031449637,7470595713747910751,
7470652003031449637,7470595713747910752,
7470652003031449637,7470595713747910753,
7470652003031449637,7470595713747910754,
7470652003031449637,7470595713747910755,
7470652003031449637,7470595713747910756,
7470652003031449637,7470595713747910757,
7470652003031449637,7470595713747910758,
7470652003031449637,7470595713747910759,
7470652003031449637,7470595713747910760,
7470652003031449637,7470595713747910761,
7470652003031449637,7470595713747910762,
7470652003031449637,7470595713747910763,
7470652003031449637,7470595713747910764,
7470652003031449637,7470595713747910765,
7470652003031449637,7470595713747910766,
7470652003031449637,7470595713747910767,
7470652003031449637,7470595713747910768,
7470652003031449637,7470595713747910769,
7470652003031449637,7470595713747910770,
7470652003031449637,7470595713747910771,
7470652003031449637,7470595713747910772,
7470652003031449637,7470595713747910773,
7470652003031449637,7470595713747910774,
7470652003031449637,7470595713747910775,
7470652003031449637,7470595713747910776,
7470652003031449637,7470595713747910777,
7470652003031449637,7470595713747910778,
7470652003031449637,7470595713747910779,
7470652003031449637,7470595713747910780,
7470652003031449637,7470595713747910781,
7470652003031449637,7470595713747910782,
7470652003031449637,7470595713747910783,
7470652003031449637,7470595713747910784,
7470652003031449637,7470595713747910785,
7470652003031449637,7470595713747910786,
7470652003031449637,7470595713747910787,
7470652003031449637,7470595713747910788,
7470652003031449637,7470595713747910789,
7470652003031449637,7470595713747910790,
7470652003031449637,7470595713747910791,
7470652003031449637,7470595713747910792,
7470652003031449637,7470595713747910793,
7470652003031449637,7470595713747910794,
7470652003031449637,7470595713747910795,
7470652003031449637,7470595713747910796,
7470652003031449637,7470595713747910797,
7470652003031449637,7470595713747910798,
7470652003031449637,7470595713747910799,
7470652003031449637,7470595713747910800,
7470652003031449637,7470595713747910801,
7470652003031449637,7470595713747910802,
7470652003031449637,7471641195416618122,
7470652003031449637,7471641221953541415,
7470652003031449637,7473208335317633869,
7470652003031449637,7473208335319747928,
7470652003031449638,7470595713743716637,
7470652003031449638,7470595713743716638,
7470652003031449638,7470595713743716639,
7470652003031449638,7470595713743716640,
7470652003031449638,7470595713743716641,
7470652003031449638,7470595713743716642,
7470652003031449638,7470595713743716643,
7470652003031449638,7470595713743716644,
7470652003031449638,7470595713743716645,
7470652003031449638,7470595713743716646,
7470652003031449638,7470595713743716647,
7470652003031449638,7470595713743716648,
7470652003031449638,7470595713743716649,
7470652003031449638,7470595713743716650,
7470652003031449638,7470595713743716651,
7470652003031449638,7470595713743716652,
7470652003031449638,7470595713743716653,
7470652003031449638,7470595713743716654,
7470652003031449638,7470595713743716655,
7470652003031449638,7470595713743716656,
7470652003031449638,7470595713743716657,
7470652003031449638,7470595713743716658,
7470652003031449638,7470595713743716659,
7470652003031449638,7470595713743716660,
7470652003031449638,7470595713743716661,
7470652003031449638,7470595713743716662,
7470652003031449638,7470595713743716663,
7470652003031449638,7470595713743716664,
7470652003031449638,7470595713743716665,
7470652003031449638,7470595713743716666,
7470652003031449638,7470595713743716667,
7470652003031449638,7470595713743716668,
7470652003031449638,7470595713743716669,
7470652003031449638,7470595713743716670,
7470652003031449639,7470595713739522243,
7470652003031449639,7470595713739522244,
7470652003031449639,7470595713739522245,
7470652003031449639,7470595713739522246,
7470652003031449639,7470595713739522247,
7470652003031449639,7470595713739522248,
7470652003031449639,7470595713739522249,
7470652003031449639,7470595713739522250,
7470652003031449639,7470595713739522251,
7470652003031449639,7470595713739522252,
7470652003031449639,7470595713739522253,
7470652003031449639,7470595713739522254,
7470652003031449639,7470595713739522255,
7470652003031449639,7470595713739522256,
7470652003031449639,7470595713739522257,
7470652003031449639,7470595713739522258,
7470652003031449639,7470595713739522259,
7470652003031449639,7470595713739522260,
7470652003031449639,7470595713739522261,
7470652003031449639,7470595713739522262,
7470652003031449639,7470595713739522263,
7470652003031449639,7470595713739522264,
7470652003031449639,7470595713739522265,
7470652003031449639,7470595713739522266,
7470652003031449639,7470595713739522295,
7470652003031449639,7470595713739522296,
7470652003031449639,7470595713739522297,
7470652003031449639,7470595713739522298,
7470652003031449639,7470595713739522299,
7470652003031449639,7470595713739522300,
7470652003031449639,7470595713739522301,
7470652003031449639,7470595713739522302,
7470652003031449639,7470595713739522303,
7470652003031449639,7470595713739522304,
7470652003031449639,7470595713739522305,
7470652003031449639,7470595713739522306,
7470652003031449639,7470595713743716367,
7470652003031449639,7470595713743716368,
7470652003031449639,7470595713743716369,
7470652003031449639,7470595713743716370,
7470652003031449639,7470595713743716371,
7470652003031449639,7470595713743716409,
7470652003031449639,7470595713743716410,
7470652003031449639,7470595713743716411,
7470652003031449639,7470595713743716412,
7470652003031449639,7470595713743716413,
7470652003031449639,7470595713743716414,
7470652003031449639,7470595713743716415,
7470652003031449639,7470595713743716416,
7470652003031449639,7470595713743716417,
7470652003031449639,7470595713743716418,
7470652003031449639,7470595713743716419,
7470652003031449639,7470595713743716420,
7470652003031449639,7470595713743716421,
7470652003031449639,7470595713743716422,
7470652003031449639,7470595713743716423,
7470652003031449639,7470595713743716424,
7470652003031449639,7470595713743716425,
7470652003031449639,7470595713743716426,
7470652003031449639,7470595713743716427,
7470652003031449639,7470595713743716428,
7470652003031449639,7470595713743716429,
7470652003031449639,7470595713743716430,
7470652003031449639,7470595713743716431,
7470652003031449639,7470595713743716432,
7470652003031449639,7470595713743716433,
7470652003031449639,7470595713743716434,
7470652003031449639,7470595713743716435,
7470652003031449639,7470595713743716436,
7470652003031449639,7470595713743716437,
7470652003031449639,7470595713743716438,
7470652003031449639,7470595713743716439,
7470652003031449639,7470595713743716440,
7470652003031449639,7470595713743716441,
7470652003031449639,7470595713743716442,
7470652003031449639,7470595713743716443,
7470652003031449639,7470595713743716444,
7470652003031449639,7470595713743716445,
7470652003031449639,7470595713743716446,
7470652003031449639,7470595713743716447,
7470652003031449639,7470595713743716448,
7470652003031449639,7470595713743716449,
7470652003031449639,7470595713743716450,
7470652003031449639,7470595713743716451,
7470652003031449639,7470595713743716452,
7470652003031449639,7470595713743716453,
7470652003031449639,7470595713743716454,
7470652003031449639,7470595713743716455,
7470652003031449639,7470595713743716456,
7470652003031449639,7470595713743716457,
7470652003031449639,7470595713743716458,
7470652003031449639,7470595713743716459,
7470652003031449639,7470595713743716460,
7470652003031449639,7470595713743716461,
7470652003031449639,7470595713743716462,
7470652003031449639,7470595713743716463,
7470652003031449639,7470595713743716464,
7470652003031449639,7470595713743716465,
7470652003031449639,7470595713743716466,
7470652003031449639,7470595713743716467,
7470652003031449639,7470595713743716468,
7470652003031449639,7470595713743716469,
7470652003031449639,7470595713743716470,
7470652003031449639,7470595713743716471,
7470652003031449639,7470595713743716472,
7470652003031449639,7470595713743716473,
7470652003031449639,7470595713743716474,
7470652003031449639,7470595713743716475,
7470652003031449639,7470595713743716476,
7470652003031449639,7470595713743716477,
7470652003031449639,7470595713743716478,
7470652003031449639,7470595713743716526,
7470652003031449639,7470595713743716527,
7470652003031449639,7470595713743716528,
7470652003031449639,7470595713743716529,
7470652003031449639,7470595713743716530,
7470652003031449639,7470595713743716531,
7470652003031449639,7470595713743716532,
7470652003031449639,7470595713743716533,
7470652003031449639,7470595713743716534,
7470652003031449639,7470595713743716535,
7470652003031449639,7470595713743716536,
7470652003031449639,7470595713743716537,
7470652003031449639,7470595713743716538,
7470652003031449639,7470595713743716539,
7470652003031449639,7470595713743716540,
7470652003031449639,7470595713743716541,
7470652003031449639,7470595713743716542,
7470652003031449639,7470595713743716543,
7470652003031449639,7470595713743716544,
7470652003031449639,7470595713743716545,
7470652003031449639,7470595713743716546,
7470652003031449639,7470595713743716547,
7470652003031449639,7470595713743716548,
7470652003031449639,7470595713743716549,
7470652003031449639,7470595713743716550,
7470652003031449639,7470595713743716551,
7470652003031449639,7470595713743716552,
7470652003031449639,7470595713743716553,
7470652003031449639,7470595713743716554,
7470652003031449639,7470595713743716555,
7470652003031449639,7470595713743716556,
7470652003031449639,7470595713743716557,
7470652003031449639,7470595713743716558,
7470652003031449639,7470595713743716559,
7470652003031449639,7470595713743716560,
7470652003031449639,7470595713743716561,
7470652003031449639,7470595713743716562,
7470652003031449639,7470595713743716563,
7470652003031449639,7470595713743716564,
7470652003031449639,7470595713743716565,
7470652003031449639,7470595713743716566,
7470652003031449639,7470595713743716567,
7470652003031449639,7470595713743716568,
7470652003031449639,7470595713743716569,
7470652003031449639,7470595713743716570,
7470652003031449639,7470595713743716571,
7470652003031449639,7470595713743716572,
7470652003031449639,7470595713743716573,
7470652003031449639,7470595713743716574,
7470652003031449639,7470595713743716575,
7470652003031449639,7471604552362083986,
7470652003031449639,7471641385844270076,
7470652003031449639,7471641416599290939,
7470652003031449639,7471644544446853999,
7470652003031449639,7472052567037312684,
7470652003031449639,7472120337167883470,
7470652003031449639,7472120337168271837,
7470652003031449639,7472120337168503600,
7470652003031449639,7472120337168519730,
7470652003031449639,7472120337170800183,
7470652003031449639,7472120337171217472,
7470652003031449639,7472120337172066048,
7470652003031449639,7472120337173241162,
7470652003031449639,7472120337174893279,
7470652003031449639,7472120337176972852,
7470652003031449639,7472120337177640361,
7470652003031449639,7472120337178971647,
7470652003031449639,7472120337179042550,
7470652003031449639,7472120337179357761,
7470652003031449639,7472120337179734275,
7470652003031449639,7472120337179794255,
7470652003031449639,7472120337180258129,
7470652003031449639,7472120337180294928,
7470652003031449639,7472120337180492063,
7470652003031449639,7472120337181164151,
7470652003031449639,7472120337181584563,
7470652003031449639,7472120337181716827,
7470652003031449639,7472120337181775025,
7470652003031449639,7472120337181821437,
7470652003031449639,7472120337182589920,
7470652003031449639,7472120337183802375,
7470652003031449639,7472120337194581109,
7470652003031449639,7472120337212399175,
7470652003031449639,7472120337212798195,
7470652003031449639,7472120337216333117,
7470652003031449639,7472278750483051203,
7470652003031449639,7472313540480155638,
7470652003031449639,7472313540485112250,
7470652003031449639,7472313540485314300,
7470652003031449639,7472313540500361132,
7470652003031449639,7472313540515710673,
7470652003031449639,7472371116877635866,
7470652003031449639,7472371116878401274,
7470652003031449639,7472762259850670266,
7470652003031449639,7472966923963189462,
7470652003031449639,7472966923964278122,
7470652003031449639,7473049686466662473,
7470652003031449639,7473208335285702745,
7470652003031449639,7473208335302239422,
7470652003031449639,7473208335338539011,
7470652003031449639,7473208335339434300,
7470652003031449639,7473208335340081662,
7470652003031449639,7473208335340925461,
7470652003031449639,7473208335343843136,
7470652003031449639,7473208335345343045,
7470652003031449639,7473208335387556154,
7470652003031449639,7473208335389001257,
7470652003031449639,7473208335389624603,
7470652003031449639,7473208335389724319,
7470652003031449639,7473208335427953668,
7470652003031449640,7470595713743716372,
7470652003031449640,7470595713743716373,
7470652003031449640,7470595713743716374,
7470652003031449640,7470595713743716375,
7470652003031449640,7470595713743716376,
7470652003031449640,7470595713743716377,
7470652003031449640,7470595713743716378,
7470652003031449640,7470595713743716379,
7470652003031449640,7470595713743716380,
7470652003031449640,7470595713743716381,
7470652003031449640,7470595713743716382,
7470652003031449640,7470595713743716383,
7470652003031449640,7470595713743716384,
7470652003031449640,7470595713743716385,
7470652003031449640,7470595713743716386,
7470652003031449640,7470595713743716387,
7470652003031449640,7470595713743716388,
7470652003031449640,7470595713743716389,
7470652003031449640,7470595713743716390,
7470652003031449640,7470595713743716391,
7470652003031449640,7470595713743716392,
7470652003031449640,7470595713743716393,
7470652003031449640,7470595713743716394,
7470652003031449640,7470595713743716395,
7470652003031449640,7470595713743716396,
7470652003031449640,7470595713743716397,
7470652003031449640,7470595713743716398,
7470652003031449640,7470595713743716399,
7470652003031449640,7470595713743716400,
7470652003031449640,7470595713743716401,
7470652003031449640,7470595713743716402,
7470652003031449640,7470595713743716403,
7470652003031449640,7470595713743716404,
7470652003031449640,7470595713743716405,
7470652003031449640,7470595713743716406,
7470652003031449640,7470595713743716407,
7470652003031449640,7470595713743716408,
7470652003031449640,7472120337181264711,
7470652003031449640,7472120337218538548,
7470652003031449640,7472371116860903110,
7470652003031449640,7472815276459598884,
7470652003031449640,7472815276459725183,
7470652003031449640,7473208335297816945,
7470652003031449640,7473208335299515549,
7470652003031449640,7473208335300018182,
7470652003031449640,7473208335300241353,
7470652003031449640,7473208335300484734,
7470652003031449640,7473208335300616138,
7470652003031449640,7473208335301128455,
7470652003031449640,7473208335302246164,
7470652003031449640,7473208335302321224,
7470652003031449640,7473208335304392623,
7470652003031449641,7470595713739522307,
7470652003031449641,7470595713739522308,
7470652003031449641,7470595713739522309,
7470652003031449641,7470595713739522310,
7470652003031449641,7470595713739522311,
7470652003031449641,7470595713739522312,
7470652003031449641,7470595713739522313,
7470652003031449641,7470595713739522314,
7470652003031449641,7470595713739522315,
7470652003031449641,7470595713739522316,
7470652003031449641,7470595713739522317,
7470652003031449641,7470595713739522318,
7470652003031449641,7470595713739522319,
7470652003031449641,7470595713739522320,
7470652003031449641,7470595713739522321,
7470652003031449641,7470595713739522322,
7470652003031449641,7470595713739522323,
7470652003031449641,7470595713739522324,
7470652003031449641,7470595713739522325,
7470652003031449641,7470595713739522326,
7470652003031449641,7470595713739522327,
7470652003031449641,7470595713739522328,
7470652003031449641,7470595713739522329,
7470652003031449641,7470595713739522330,
7470652003031449641,7470595713739522331,
7470652003031449641,7470595713739522332,
7470652003031449641,7470595713739522333,
7470652003031449641,7470595713739522334,
7470652003031449641,7470595713739522335,
7470652003031449641,7470595713739522336,
7470652003031449641,7470595713739522337,
7470652003031449641,7470595713739522338,
7470652003031449641,7470595713739522339,
7470652003031449641,7470595713739522340,
7470652003031449641,7470595713743716352,
7470652003031449641,7470595713743716353,
7470652003031449641,7470595713743716354,
7470652003031449641,7470595713743716355,
7470652003031449641,7470595713743716356,
7470652003031449641,7470595713743716357,
7470652003031449641,7470595713743716358,
7470652003031449641,7470595713743716359,
7470652003031449641,7470595713743716360,
7470652003031449641,7470595713743716361,
7470652003031449641,7470595713743716362,
7470652003031449641,7470595713743716363,
7470652003031449641,7470595713743716364,
7470652003031449641,7470595713743716365,
7470652003031449641,7470595713743716366,
7470652003031449641,7470595713743716417,
7470652003031449641,7470595713743716538,
7470652003031449641,7471649741006114996,
7470652003031449641,7471649796024796237,
7470652003031449641,7471649835125842540,
7470652003031449641,7472120337174029208,
7470652003031449641,7472120337179358372,
7470652003031449641,7472120337180369485,
7470652003031449641,7472120337180504837,
7470652003031449641,7473208335295230038,
7470652003031449641,7473208335297280836,
7470652003031449641,7473208335297357993,
7470652003031449641,7473208335298501836,
7470652003031449641,7473208335315711369,
7470652003031449642,7470595713743716479,
7470652003031449642,7470595713743716480,
7470652003031449642,7470595713743716481,
7470652003031449642,7470595713743716482,
7470652003031449642,7470595713743716483,
7470652003031449642,7470595713743716484,
7470652003031449642,7470595713743716485,
7470652003031449642,7470595713743716486,
7470652003031449642,7470595713743716487,
7470652003031449642,7470595713743716488,
7470652003031449642,7470595713743716489,
7470652003031449642,7470595713743716490,
7470652003031449642,7470595713743716491,
7470652003031449642,7470595713743716492,
7470652003031449642,7470595713743716493,
7470652003031449642,7470595713743716494,
7470652003031449642,7470595713743716495,
7470652003031449642,7470595713743716496,
7470652003031449642,7470595713743716497,
7470652003031449642,7470595713743716498,
7470652003031449642,7470595713743716499,
7470652003031449642,7470595713743716500,
7470652003031449642,7470595713743716501,
7470652003031449642,7470595713743716502,
7470652003031449642,7470595713743716503,
7470652003031449642,7470595713743716504,
7470652003031449642,7470595713743716505,
7470652003031449642,7470595713743716506,
7470652003031449642,7470595713743716507,
7470652003031449642,7470595713743716508,
7470652003031449642,7470595713743716509,
7470652003031449642,7470595713743716510,
7470652003031449642,7470595713743716511,
7470652003031449642,7470595713743716512,
7470652003031449642,7470595713743716513,
7470652003031449642,7470595713743716514,
7470652003031449642,7470595713743716515,
7470652003031449642,7470595713743716516,
7470652003031449642,7470595713743716517,
7470652003031449642,7470595713743716518,
7470652003031449642,7470595713743716519,
7470652003031449642,7470595713743716520,
7470652003031449642,7470595713743716521,
7470652003031449642,7470595713743716522,
7470652003031449642,7470595713743716523,
7470652003031449642,7470595713743716524,
7470652003031449642,7470595713743716525,
7470652003031449643,7470595713739522267,
7470652003031449643,7470595713739522268,
7470652003031449643,7470595713739522269,
7470652003031449643,7470595713739522270,
7470652003031449643,7470595713739522271,
7470652003031449643,7470595713739522272,
7470652003031449643,7470595713739522273,
7470652003031449643,7470595713739522274,
7470652003031449643,7470595713739522275,
7470652003031449643,7470595713739522276,
7470652003031449643,7470595713739522277,
7470652003031449643,7470595713739522278,
7470652003031449643,7470595713739522279,
7470652003031449643,7470595713739522280,
7470652003031449643,7470595713739522281,
7470652003031449643,7470595713739522282,
7470652003031449643,7470595713739522283,
7470652003031449643,7470595713739522284,
7470652003031449643,7470595713739522285,
7470652003031449643,7470595713739522286,
7470652003031449643,7470595713739522287,
7470652003031449643,7470595713739522288,
7470652003031449643,7470595713739522289,
7470652003031449643,7470595713739522290,
7470652003031449643,7470595713739522291,
7470652003031449643,7470595713739522292,
7470652003031449643,7470595713739522293,
7470652003031449643,7470595713739522294,
7470652003031449643,7470595713743716526,
7470652003031449643,7471504347504148860,
7470652003031449643,7472120337119808955,
7470652003031449643,7472120337167890048,
7470652003031449643,7472120337175196606,
7470652003031449643,7472120337176232241,
7470652003031449643,7472120337176428623,
7470652003031449643,7472120337177470835,
7470652003031449643,7472120337179275950,
7470652003031449643,7472120337180850075,
7470652003031449643,7472120337182321563,
7470652003031449643,7472120337191743792,
7470652003031449643,7473208335388957803,
7470652003031449644,7470595713747910816,
7470652003031449644,7470595713747910817,
7470652003031449644,7470595713747910818,
7470652003031449644,7470595713747910819,
7470652003031449644,7470595713747910820,
7470652003031449644,7470595713747910821,
7470652003031449644,7470595713747910822,
7470652003031449644,7470595713747910823,
7470652003031449644,7470595713747910824,
7470652003031449644,7470595713747910825,
7470652003031449644,7470595713747910826,
7470652003031449644,7470595713747910827,
7470652003031449644,7470595713747910828,
7470652003031449644,7470595713747910829,
7470652003031449644,7470595713747910830,
7470652003031449644,7470595713747910831,
7470652003031449644,7470595713747910832,
7470652003031449644,7470595713747910833,
7470652003031449644,7470595713747910834,
7470652003031449644,7470595713747910835,
7470652003031449644,7470595713747910836,
7470652003031449644,7470595713747910837,
7470652003031449644,7470595713747910838,
7470652003031449644,7470595713747910839,
7470652003031449644,7470595713747910840,
7470652003031449644,7470595713747910841,
7470652003031449644,7470595713747910842,
7470652003031449644,7470595713747910843,
7470652003031449644,7470595713747910844,
7470652003031449644,7470595713747910845,
7470652003031449644,7470595713747910846,
7470652003031449644,7470595713747910847,
7470652003031449644,7470595713747910848,
7470652003031449645,7470595713747910665,
7470652003031449645,7470595713747910666,
7470652003031449645,7470595713747910667,
7470652003031449645,7470595713747910668,
7470652003031449645,7470595713747910669,
7470652003031449645,7470595713747910670,
7470652003031449645,7470595713747910671,
7470652003031449645,7470595713747910672,
7470652003031449645,7470595713747910673,
7470652003031449645,7470595713747910674,
7470652003031449645,7470595713747910675,
7470652003031449645,7470595713747910676,
7470652003031449645,7470595713747910677,
7470652003031449645,7470595713747910678,
7470652003031449645,7470595713747910679,
7470652003031449645,7470595713747910680,
7470652003031449645,7470595713747910681,
7470652003031449645,7470595713747910682,
7470652003031449645,7470595713747910683,
7470652003031449645,7470595713747910684,
7470652003031449645,7470595713747910685,
7470652003031449645,7470595713747910686,
7470652003031449646,7470595713743716576,
7470652003031449646,7470595713743716577,
7470652003031449646,7470595713743716578,
7470652003031449646,7470595713743716579,
7470652003031449646,7470595713743716580,
7470652003031449646,7470595713743716581,
7470652003031449646,7470595713743716582,
7470652003031449646,7470595713743716583,
7470652003031449646,7470595713743716584,
7470652003031449646,7470595713743716585,
7470652003031449646,7470595713743716586,
7470652003031449646,7470595713743716587,
7470652003031449646,7470595713743716588,
7470652003031449646,7470595713743716589,
7470652003031449646,7470595713743716590,
7470652003031449646,7470595713743716591,
7470652003031449646,7470595713743716592,
7470652003031449646,7470595713743716593,
7470652003031449646,7470595713743716594,
7470652003031449646,7470595713743716595,
7470652003031449646,7470595713743716596,
7470652003031449646,7470595713743716597,
7470652003031449646,7470595713743716598,
7470652003031449646,7470595713743716599,
7470652003031449646,7470595713743716600,
7470652003031449646,7470595713743716601,
7470652003031449646,7470595713743716602,
7470652003031449646,7470595713743716603,
7470652003031449646,7470595713743716604,
7470652003031449646,7470595713743716605,
7470652003031449646,7470595713743716606,
7470652003031449646,7470595713743716607,
7470652003031449646,7470595713743716608,
7470652003031449646,7470595713743716609,
7470652003031449646,7470595713743716610,
7470652003031449646,7470595713743716611,
7470652003031449646,7470595713743716612,
7470652003031449646,7470595713743716613,
7470652003031449646,7470595713743716614,
7470652003031449646,7470595713743716615,
7470652003031449646,7470595713743716616,
7470652003031449646,7470595713743716617,
7470652003031449646,7470595713743716618,
7470652003031449646,7470595713743716619,
7470652003031449646,7470595713743716620,
7470652003031449646,7470595713743716621,
7470652003031449646,7470595713743716622,
7470652003031449646,7470595713743716623,
7470652003031449646,7470595713743716624,
7470652003031449646,7472120337134835661,
7470652003031449646,7472120337135938410,
7470652003031449646,7472120337142084196,
7470652003031449646,7472120337144931482,
7470652003031449646,7472120337145418268,
7470652003031449646,7472120337147207426,
7470652003031449646,7472120337147955015,
7470652003031449646,7472120337148154146,
7470652003031449646,7472120337149473268,
7470652003031449646,7472120337149604527,
7470652003031449646,7472120337150275997,
7470652003031449646,7472120337150401462,
7470652003031449646,7472120337150826502,
7470652003031449646,7472120337151857220,
7470652003031449646,7472120337152038107,
7470652003031449646,7472120337152208970,
7470652003031449646,7472120337152609702,
7470652003031449646,7472120337152696961,
7470652003031449646,7472120337153044426,
7470652003031449646,7472120337155736429,
7470652003031449646,7472120337157354924,
7470652003031449646,7472120337161133905,
7470652003031449646,7472313540465358345,
7470652003031449646,7472313540465539567,
7470652003031449646,7472313540465614295,
7470652003031449646,7472313540466305717,
7470652003031449646,7472313540466574907,
7470652003031449646,7472313540466717499,
7470652003031449646,7472313540466835971,
7470652003031449646,7472313540466972196,
7470652003031449646,7472313540467062582,
7470652003031449646,7472313540467642742,
7470652003031449646,7472313540468852965,
7470652003031449646,7472313540468859621,
7470652003031449646,7472313540468961805,
7470652003031449646,7472313540469364923,
7470652003031449646,7472313540469531021,
7470652003031449646,7472313540471412428,
7470652003031449646,7472313540471485184,
7470652003031449646,7472313540471628619,
7470652003031449646,7472313540472532393,
7470652003031449646,7472313540472722645,
7470652003031449646,7472313540473112420,
7470652003031449647,7470595713684996241,
7470652003031449647,7470595713684996242,
7470652003031449647,7470595713684996243,
7470652003031449647,7470595713684996244,
7470652003031449647,7470595713684996245,
7470652003031449647,7470595713684996246,
7470652003031449647,7470595713684996247,
7470652003031449647,7470595713684996248,
7470652003031449647,7470595713684996249,
7470652003031449647,7470595713684996250,
7470652003031449647,7470595713684996251,
7470652003031449647,7470595713684996252,
7470652003031449647,7470595713684996253,
7470652003031449647,7470595713684996254,
7470652003031449647,7470595713684996255,
7470652003031449647,7470595713684996256,
7470652003031449647,7470595713684996257,
7470652003031449647,7470595713684996258,
7470652003031449647,7470595713684996259,
7470652003031449647,7470595713684996260,
7470652003031449647,7470595713684996261,
7470652003031449647,7470595713684996262,
7470652003031449647,7470595713684996263,
7470652003031449647,7470595713684996264,
7470652003031449647,7470595713684996265,
7470652003031449647,7470595713684996266,
7470652003031449647,7470595713684996267,
7470652003031449647,7470595713684996268,
7470652003031449647,7470595713684996269,
7470652003031449647,7470595713684996270,
7470652003031449647,7470595713684996271,
7470652003031449647,7470595713684996272,
7470652003031449647,7470595713684996273,
7470652003031449647,7470595713684996274,
7470652003031449647,7470595713684996275,
7470652003031449647,7470595713684996276,
7470652003031449647,7470595713684996277,
7470652003031449647,7470595713684996278,
7470652003031449647,7470595713684996279,
7470652003031449647,7470595713684996280,
7470652003031449647,7470595713684996281,
7470652003031449647,7470595713684996282,
7470652003031449647,7470595713684996283,
7470652003031449647,7470595713684996284,
7470652003031449647,7470595713684996285,
7470652003031449647,7470595713684996286,
7470652003031449647,7470595713684996287,
7470652003031449647,7470595713684996288,
7470652003031449647,7470595713684996289,
7470652003031449647,7470595713684996290,
7470652003031449647,7470595713684996291,
7470652003031449647,7470595713684996292,
7470652003031449647,7470595713684996293,
7470652003031449647,7470595713684996294,
7470652003031449647,7470595713684996295,
7470652003031449647,7470595713684996296,
7470652003031449647,7470595713684996297,
7470652003031449647,7470595713684996298,
7470652003031449647,7470595713684996299,
7470652003031449647,7470595713684996300,
7470652003031449647,7470595713684996301,
7470652003031449647,7470595713684996302,
7470652003031449647,7470595713684996303,
7470652003031449647,7470595713684996304,
7470652003031449647,7470595713684996305,
7470652003031449647,7470595713684996306,
7470652003031449647,7470595713684996307,
7470652003031449647,7470595713684996308,
7470652003031449647,7470595713684996309,
7470652003031449647,7470595713684996310,
7470652003031449647,7470595713684996311,
7470652003031449647,7470595713684996312,
7470652003031449647,7470595713684996313,
7470652003031449647,7470595713684996314,
7470652003031449647,7470595713684996315,
7470652003031449647,7470595713684996316,
7470652003031449647,7470595713684996317,
7470652003031449647,7470595713684996318,
7470652003031449647,7470595713684996319,
7470652003031449647,7470595713684996320,
7470652003031449647,7470595713684996321,
7470652003031449647,7470595713684996322,
7470652003031449647,7470595713684996323,
7470652003031449647,7470595713684996324,
7470652003031449647,7470595713684996325,
7470652003031449647,7470595713684996326,
7470652003031449647,7470595713684996327,
7470652003031449647,7470595713684996328,
7470652003031449647,7470595713684996329,
7470652003031449647,7470595713684996330,
7470652003031449647,7470595713684996331,
7470652003031449647,7470595713684996332,
7470652003031449647,7470595713684996333,
7470652003031449647,7470595713684996334,
7470652003031449647,7470595713684996335,
7470652003031449647,7470595713684996336,
7470652003031449647,7470595713684996337,
7470652003031449647,7470595713684996338,
7470652003031449647,7470595713684996339,
7470652003031449647,7470595713684996340,
7470652003031449647,7470595713684996341,
7470652003031449647,7470595713684996342,
7470652003031449647,7470595713684996343,
7470652003031449647,7470595713684996344,
7470652003031449647,7470595713684996345,
7470652003031449647,7470595713684996346,
7470652003031449647,7470595713684996347,
7470652003031449647,7470595713684996348,
7470652003031449647,7470595713684996349,
7470652003031449647,7470595713684996350,
7470652003031449647,7470595713684996351,
7470652003031449647,7470595713684996352,
7470652003031449647,7470595713684996353,
7470652003031449647,7470595713684996354,
7470652003031449647,7470595713684996355,
7470652003031449647,7472679221923664136,
7470652003031449647,7472681414329558465,
7470652003031449647,7472681414329844533,
7470652003031449647,7472681414330977122,
7470652003031449647,7472681414332034904,
7470652003031449647,7472681414332128257,
7470652003031449647,7472681414332841269,
7470652003031449647,7472681414332923301,
7470652003031449647,7472681414333736421,
7470652003031449647,7472681414335047954,
7470652003031449647,7472681414335669236,
7470652003031449647,7472681414336056468,
7470652003031449647,7472681414337346522,
7470652003031449647,7472966923918340909,
7470652003031449647,7473208335320465496,
7470652003031449647,7473208335350667195,
7470652003031449647,7473208335353847685,
7470652003031449647,7473208335354150420,
7470652003031449647,7473208335354979150,
7470652003031449647,7473208335355000773,
7470652003031449647,7473208335355095337,
7470652003031449647,7473208335355807816,
7470652003031449647,7473208335356620820,
7470652003031449647,7473208335357057478,
7470652003031449647,7473208335357385698,
7470652003031449647,7473208335357795917,
7470652003031449648,7470595713773076536,
7470652003031449648,7470595713773076537,
7470652003031449648,7470595713815019722,
7470652003031449648,7470595713815019723,
7470652003031449648,7470595713815019724,
7470652003031449648,7470595713815019725,
7470652003031449648,7470595713815019726,
7470652003031449648,7470595713815019727,
7470652003031449648,7470595713815019728,
7470652003031449648,7470595713815019729,
7470652003031449648,7470595713815019730,
7470652003031449648,7470595713815019731,
7470652003031449648,7470595713815019732,
7470652003031449648,7470595713815019733,
7470652003031449648,7470595713815019734,
7470652003031449648,7470595713815019735,
7470652003031449648,7470595713815019736,
7470652003031449648,7470595713815019737,
7470652003031449648,7470595713815019738,
7470652003031449648,7470595713815019739,
7470652003031449648,7470595713815019740,
7470652003031449648,7470595713815019741,
7470652003031449648,7470595713815019742,
7470652003031449648,7470595713815019743,
7470652003031449648,7470595713815019744,
7470652003031449648,7470595713815019745,
7470652003031449648,7470595713815019746,
7470652003031449648,7470595713815019747,
7470652003031449648,7470595713815019748,
7470652003031449648,7470595713815019749,
7470652003031449648,7470595713815019750,
7470652003031449648,7470595713815019751,
7470652003031449648,7470595713815019752,
7470652003031449648,7470595713815019753,
7470652003031449648,7470595713815019754,
7470652003031449648,7470595713815019755,
7470652003031449648,7470595713815019756,
7470652003031449648,7470595713815019757,
7470652003031449648,7470595713815019758,
7470652003031449648,7470595713815019759,
7470652003031449648,7470595713815019760,
7470652003031449648,7470595713815019761,
7470652003031449648,7470595713815019762,
7470652003031449648,7470595713815019763,
7470652003031449648,7470595713815019764,
7470652003031449648,7470595713815019765,
7470652003031449648,7470595713815019766,
7470652003031449648,7470595713815019767,
7470652003031449648,7470595713815019768,
7470652003031449648,7470595713815019769,
7470652003031449648,7470595713815019770,
7470652003031449648,7470595713815019771,
7470652003031449648,7470595713815019772,
7470652003031449648,7470595713815019773,
7470652003031449648,7470595713815019774,
7470652003031449648,7470595713815019775,
7470652003031449648,7470595713815019776,
7470652003031449648,7470595713815019777,
7470652003031449648,7470595713815019778,
7470652003031449648,7470595713815019779,
7470652003031449648,7470595713815019780,
7470652003031449648,7470595713815019781,
7470652003031449648,7470595713815019782,
7470652003031449648,7470595713815019783,
7470652003031449648,7470595713815019784,
7470652003031449648,7470595713815019785,
7470652003031449648,7470595713815019786,
7470652003031449648,7470595713815019787,
7470652003031449648,7470595713819213854,
7470652003031449648,7470595713819213855,
7470652003031449648,7470595713819213856,
7470652003031449648,7470595713819213857,
7470652003031449648,7470595713819213858,
7470652003031449648,7470595713819213859,
7470652003031449648,7470595713819213860,
7470652003031449648,7470595713819213861,
7470652003031449648,7470595713819213862,
7470652003031449648,7470595713819213863,
7470652003031449648,7470595713819213864,
7470652003031449648,7470595713819213865,
7470652003031449648,7470595713819213866,
7470652003031449648,7470595713819213867,
7470652003031449648,7470595713819213868,
7470652003031449648,7470595713819213869,
7470652003031449648,7470595713819213870,
7470652003031449648,7470595713819213871,
7470652003031449648,7470595713819213872,
7470652003031449648,7470595713819213873,
7470652003031449648,7470595713819213874,
7470652003031449648,7470595713819213875,
7470652003031449648,7470595713819213876,
7470652003031449648,7470595713819213877,
7470652003031449648,7470595713819213878,
7470652003031449648,7470595713819213879,
7470652003031449648,7470595713819213880,
7470652003031449648,7470595713819213881,
7470652003031449648,7470595713819213882,
7470652003031449648,7470595713819213883,
7470652003031449648,7470595713819213884,
7470652003031449648,7470595713819213885,
7470652003031449648,7470595713819213886,
7470652003031449648,7470595713819213887,
7470652003031449648,7470595713819213888,
7470652003031449648,7470595713819213889,
7470652003031449648,7470595713819213890,
7470652003031449648,7470595713819213891,
7470652003031449648,7470595713819213892,
7470652003031449648,7470595713819213893,
7470652003031449648,7470595713819213894,
7470652003031449648,7470595713819213895,
7470652003031449648,7470595713819213896,
7470652003031449648,7470595713819213897,
7470652003031449648,7470595713819213898,
7470652003031449648,7470595713819213899,
7470652003031449648,7470595713819213900,
7470652003031449648,7470595713819213901,
7470652003031449648,7470595713819213902,
7470652003031449648,7470595713819213903,
7470652003031449648,7470595713819213904,
7470652003031449648,7470595713819213905,
7470652003031449648,7470595713819213906,
7470652003031449648,7470595713819213907,
7470652003031449648,7470595713819213908,
7470652003031449648,7470595713819213909,
7470652003031449648,7470595713819213910,
7470652003031449648,7470595713819213911,
7470652003031449648,7470595713819213912,
7470652003031449648,7470595713819213913,
7470652003031449648,7470595713819213914,
7470652003031449648,7470595713819213915,
7470652003031449648,7470595713819213916,
7470652003031449648,7470595713819213917,
7470652003031449648,7470595713819213918,
7470652003031449648,7470595713819213919,
7470652003031449648,7470595713819213920,
7470652003031449648,7470595713819213921,
7470652003031449648,7470595713819213922,
7470652003031449648,7470595713819213923,
7470652003031449648,7470595713819213924,
7470652003031449648,7470595713819213925,
7470652003031449648,7470595713819213926,
7470652003031449648,7470595713819213927,
7470652003031449648,7470595713819213928,
7470652003031449648,7470595713819213929,
7470652003031449648,7470595713819213930,
7470652003031449648,7470595713819213931,
7470652003031449648,7470595713819213932,
7470652003031449648,7470595713819213933,
7470652003031449648,7470595713819213934,
7470652003031449648,7470595713819213935,
7470652003031449648,7470595713819213936,
7470652003031449648,7470595713819213937,
7470652003031449648,7470595713819213938,
7470652003031449648,7470595713819213939,
7470652003031449648,7470595713819213940,
7470652003031449648,7470595713819213941,
7470652003031449648,7470595713819213942,
7470652003031449648,7470595713819213943,
7470652003031449648,7470595713819213944,
7470652003031449648,7470595713819213945,
7470652003031449648,7470595713819213946,
7470652003031449648,7470595713819213947,
7470652003031449648,7470595713819213948,
7470652003031449648,7470595713819213949,
7470652003031449648,7470595713819213950,
7470652003031449648,7470595713819213951,
7470652003031449648,7470595713819213952,
7470652003031449648,7470595713819213953,
7470652003031449648,7470595713819213954,
7470652003031449648,7470595713819213955,
7470652003031449648,7470595713819213956,
7470652003031449648,7470595713819213957,
7470652003031449648,7470595713819213958,
7470652003031449648,7470595713819213959,
7470652003031449648,7470595713819213960,
7470652003031449648,7470595713819213961,
7470652003031449648,7470595713819213962,
7470652003031449648,7470595713819213963,
7470652003031449648,7470595713819213964,
7470652003031449648,7470595713819213965,
7470652003031449648,7470595713819213966,
7470652003031449648,7470595713819213967,
7470652003031449648,7470595713819213968,
7470652003031449648,7470595713819213969,
7470652003031449648,7470595713819213970,
7470652003031449648,7470595713819213971,
7470652003031449648,7470595713819213972,
7470652003031449648,7470595713819213973,
7470652003031449648,7470595713819213974,
7470652003031449648,7470595713819213975,
7470652003031449648,7470595713819213976,
7470652003031449648,7470595713819213977,
7470652003031449648,7470595713819213978,
7470652003031449648,7470595713819213979,
7470652003031449648,7470595713819213980,
7470652003031449648,7470595713819213981,
7470652003031449648,7470595713819213982,
7470652003031449648,7470595713819213983,
7470652003031449648,7470595713819213984,
7470652003031449648,7470595713819213985,
7470652003031449648,7470595713819213986,
7470652003031449648,7470595713819213987,
7470652003031449648,7470595713819213988,
7470652003031449648,7470595713819213989,
7470652003031449648,7470595713819213990,
7470652003031449648,7470595713819213991,
7470652003031449648,7470595713819213992,
7470652003031449648,7470595713819213993,
7470652003031449648,7470595713819213994,
7470652003031449648,7470595713819213995,
7470652003031449648,7470595713819213996,
7470652003031449648,7471483507104768486,
7470652003031449648,7471484667835878710,
7470652003031449648,7472120337188542053,
7470652003031449648,7472120337210123800,
7470652003031449648,7472120337210750029,
7470652003031449648,7472120337211656116,
7470652003031449648,7472120337213798788,
7470652003031449648,7472120337214206059,
7470652003031449648,7472120337214335557,
7470652003031449648,7472120337214841473,
7470652003031449648,7472313540494666659,
7470652003031449648,7472313540504316278,
7470652003031449648,7472371116868032331,
7470652003031449648,7472371116869373625,
7470652003031449648,7472371116870537253,
7470652003031449648,7472371116897613821,
7470652003031449648,7472762259820069402,
7470652003031449648,7472762259821770215,
7470652003031449648,7472762259823596920,
7470652003031449648,7472762259836509102,
7470652003031449648,7472762259851725864,
7470652003031449648,7472762259852867542,
7470652003031449648,7473049686455735259,
7470652003031449648,7473049686458267342,
7470652003031449648,7473049686458626560,
7470652003031449648,7473049686459125105,
7470652003031449648,7473208335287909771,
7470652003031449648,7473208335354229918,
7470652003031449648,7473208335354645451,
7470652003031449648,7473208335354797520,
7470652003031449648,7473208335355064864,
7470652003031449648,7473208335355101272,
7470652003031449648,7473208335356262058,
7470652003031449648,7473208335356631949,
7470652003031449648,7473208335357346968,
7470652003031449648,7473208335357915038,
7470652003031449648,7473208335362433296,
7470652003031449648,7473208335362658619,
7470652003031449648,7473208335363082513,
7470652003031449648,7473208335364914468,
7470652003031449648,7473208335380678031,
7470652003031449648,7473208335382236945,
7470652003031449648,7473208335388477516,
7470652003031449648,7473208335389082084,
7470652003031449649,7470595713819213846,
7470652003031449649,7470595713819213847,
7470652003031449649,7470595713819213848,
7470652003031449649,7470595713819213849,
7470652003031449649,7470595713819213851,
7470652003031449649,7470595713819213852,
7470652003031449649,7470595713819213853,
7470652003031449649,7472120337189264559,
7470652003031449650,7470595713747910962,
7470652003031449650,7470595713752105096,
7470652003031449650,7470595713756299434,
7470652003031449650,7470595713777270790,
7470652003031449650,7470595713819213841,
7470652003031449650,7470595713819213842,
7470652003031449650,7470595713819213843,
7470652003031449650,7470595713819213844,
7470652003031449650,7470595713819213845,
7470652003031449651,7470595713815019788,
7470652003031449651,7470595713815019789,
7470652003031449651,7470595713815019790,
7470652003031449651,7470595713815019791,
7470652003031449651,7470595713815019792,
7470652003031449651,7470595713815019793,
7470652003031449651,7470595713815019794,
7470652003031449651,7470595713815019795,
7470652003031449651,7470595713815019796,
7470652003031449651,7470595713815019797,
7470652003031449651,7470595713815019798,
7470652003031449651,7470595713815019799,
7470652003031449651,7470595713815019800,
7470652003031449651,7470595713815019801,
7470652003031449651,7470595713815019802,
7470652003031449651,7470595713815019803,
7470652003031449651,7470595713815019804,
7470652003031449651,7470595713815019805,
7470652003031449651,7470595713815019806,
7470652003031449651,7470595713815019807,
7470652003031449651,7470595713815019808,
7470652003031449651,7470595713815019809,
7470652003031449651,7470595713815019810,
7470652003031449651,7470595713815019811,
7470652003031449651,7470595713819213824,
7470652003031449651,7470595713819213825,
7470652003031449651,7470595713819213826,
7470652003031449651,7470595713819213827,
7470652003031449651,7470595713819213828,
7470652003031449651,7470595713819213829,
7470652003031449651,7470595713819213830,
7470652003031449651,7470595713819213831,
7470652003031449651,7470595713819213832,
7470652003031449651,7470595713819213833,
7470652003031449651,7470595713819213834,
7470652003031449651,7470595713819213835,
7470652003031449651,7470595713819213836,
7470652003031449651,7470595713819213837,
7470652003031449651,7470595713819213838,
7470652003031449651,7470595713819213839,
7470652003031449651,7470595713819213840,
7470652003031449651,7470595713819213850,
7470652003031449652,7470595713773076712,
7470652003031449652,7470595713773076713,
7470652003031449652,7470595713785659516,
7470652003031449652,7470595713785659517,
7470652003031449652,7470595713785659518,
7470652003031449652,7470595713785659519,
7470652003031449652,7470595713785659520,
7470652003031449652,7470595713785659521,
7470652003031449652,7470595713785659522,
7470652003031449652,7470595713785659523,
7470652003031449652,7470595713785659524,
7470652003031449652,7470595713785659526,
7470652003031449652,7470595713785659527,
7470652003031449652,7470595713785659528,
7470652003031449652,7470595713785659529,
7470652003031449652,7470595713785659530,
7470652003031449652,7470595713785659531,
7470652003031449652,7470595713785659532,
7470652003031449652,7470595713785659533,
7470652003031449652,7470595713785659534,
7470652003031449652,7470595713785659535,
7470652003031449652,7470595713789853739,
7470652003031449652,7470595713789853740,
7470652003031449652,7470595713789853741,
7470652003031449652,7470595713789853742,
7470652003031449652,7470595713789853906,
7470652003031449652,7470595713789853907,
7470652003031449652,7470595713789853908,
7470652003031449652,7470595713789853909,
7470652003031449652,7470595713789853910,
7470652003031449652,7470595713789853911,
7470652003031449652,7470595713789853912,
7470652003031449652,7470595713789853913,
7470652003031449652,7470595713789853914,
7470652003031449652,7470595713794048000,
7470652003031449652,7470595713794048001,
7470652003031449652,7470595713794048002,
7470652003031449652,7470595713794048003,
7470652003031449652,7470595713794048004,
7470652003031449652,7470595713794048005,
7470652003031449652,7470595713794048006,
7470652003031449652,7470595713794048007,
7470652003031449652,7470595713794048008,
7470652003031449652,7470595713794048009,
7470652003031449652,7470595713794048010,
7470652003031449652,7470595713794048011,
7470652003031449652,7470595713794048012,
7470652003031449652,7470595713794048013,
7470652003031449652,7470595713794048014,
7470652003031449652,7470595713794048015,
7470652003031449652,7470595713794048016,
7470652003031449652,7470595713794048017,
7470652003031449652,7470595713794048018,
7470652003031449652,7470595713794048019,
7470652003031449652,7470595713794048020,
7470652003031449652,7470595713794048021,
7470652003031449652,7470595713794048022,
7470652003031449652,7470595713794048023,
7470652003031449652,7470595713794048024,
7470652003031449652,7470595713794048025,
7470652003031449652,7470595713794048026,
7470652003031449652,7470595713794048027,
7470652003031449652,7470595713794048028,
7470652003031449652,7470595713794048029,
7470652003031449652,7470595713794048030,
7470652003031449652,7470595713794048031,
7470652003031449652,7470595713794048032,
7470652003031449652,7470595713794048033,
7470652003031449652,7470595713794048034,
7470652003031449652,7470595713794048035,
7470652003031449652,7470595713794048036,
7470652003031449652,7470595713794048037,
7470652003031449652,7470595713794048038,
7470652003031449652,7470595713794048039,
7470652003031449652,7470595713794048040,
7470652003031449652,7470595713794048041,
7470652003031449652,7470595713794048042,
7470652003031449652,7470595713794048043,
7470652003031449652,7470595713794048044,
7470652003031449652,7470595713794048045,
7470652003031449652,7470595713794048046,
7470652003031449652,7470595713794048047,
7470652003031449652,7470595713794048048,
7470652003031449652,7470595713794048049,
7470652003031449652,7470595713794048050,
7470652003031449652,7470595713794048051,
7470652003031449652,7470595713794048052,
7470652003031449652,7470595713794048053,
7470652003031449652,7470595713794048054,
7470652003031449652,7470595713794048055,
7470652003031449652,7470595713794048056,
7470652003031449652,7470595713794048057,
7470652003031449652,7470595713794048058,
7470652003031449652,7470595713794048059,
7470652003031449652,7470595713794048060,
7470652003031449652,7470595713794048061,
7470652003031449652,7470595713794048062,
7470652003031449652,7470595713794048063,
7470652003031449652,7470595713794048064,
7470652003031449652,7470595713794048065,
7470652003031449652,7470595713794048066,
7470652003031449652,7470595713794048067,
7470652003031449652,7470595713794048068,
7470652003031449652,7470595713794048069,
7470652003031449652,7470595713794048070,
7470652003031449652,7470595713794048071,
7470652003031449652,7470595713794048072,
7470652003031449652,7470595713794048073,
7470652003031449652,7470595713794048074,
7470652003031449652,7470595713794048075,
7470652003031449652,7470595713794048076,
7470652003031449652,7470595713794048077,
7470652003031449652,7470595713794048078,
7470652003031449652,7470595713794048079,
7470652003031449652,7470595713794048080,
7470652003031449652,7470595713794048081,
7470652003031449652,7470595713794048082,
7470652003031449652,7470595713794048083,
7470652003031449652,7470595713794048084,
7470652003031449652,7470595713794048085,
7470652003031449652,7470595713794048086,
7470652003031449652,7470595713794048087,
7470652003031449652,7470595713794048088,
7470652003031449652,7470595713794048089,
7470652003031449652,7470595713794048090,
7470652003031449652,7470595713794048091,
7470652003031449652,7470595713794048092,
7470652003031449652,7470595713794048093,
7470652003031449652,7470595713794048094,
7470652003031449652,7470595713794048095,
7470652003031449652,7470595713794048096,
7470652003031449652,7470595713794048097,
7470652003031449652,7470595713794048098,
7470652003031449652,7470595713794048099,
7470652003031449652,7470595713794048100,
7470652003031449652,7470595713794048101,
7470652003031449652,7470595713794048102,
7470652003031449652,7470595713794048103,
7470652003031449652,7470595713794048104,
7470652003031449652,7470595713794048105,
7470652003031449652,7470595713794048106,
7470652003031449652,7470595713794048107,
7470652003031449652,7470595713794048108,
7470652003031449652,7470595713794048109,
7470652003031449652,7470595713794048110,
7470652003031449652,7470595713794048111,
7470652003031449652,7470595713794048112,
7470652003031449652,7470595713794048113,
7470652003031449652,7470595713794048114,
7470652003031449652,7470595713794048115,
7470652003031449652,7470595713794048116,
7470652003031449652,7470595713794048117,
7470652003031449652,7470595713794048118,
7470652003031449652,7470595713794048119,
7470652003031449652,7470595713794048120,
7470652003031449652,7470595713794048121,
7470652003031449652,7470595713794048122,
7470652003031449652,7470595713794048123,
7470652003031449652,7470595713794048124,
7470652003031449652,7470595713794048125,
7470652003031449652,7470595713794048126,
7470652003031449652,7470595713794048127,
7470652003031449652,7470595713794048128,
7470652003031449652,7470595713794048129,
7470652003031449652,7470595713794048130,
7470652003031449652,7470595713794048131,
7470652003031449652,7470595713794048132,
7470652003031449652,7470595713794048133,
7470652003031449652,7470595713794048134,
7470652003031449652,7470595713794048135,
7470652003031449652,7470595713794048136,
7470652003031449652,7470595713794048137,
7470652003031449652,7471432121865733755,
7470652003031449652,7471432228195295093,
7470652003031449652,7471600221111410671,
7470652003031449652,7471604301131978378,
7470652003031449652,7471604335411655572,
7470652003031449652,7472120337129732687,
7470652003031449652,7472120337138798721,
7470652003031449652,7472120337140287890,
7470652003031449652,7472120337148216054,
7470652003031449652,7472120337161562232,
7470652003031449652,7472120337174637688,
7470652003031449652,7472120337175848198,
7470652003031449652,7472120337177253462,
7470652003031449652,7472120337204307382,
7470652003031449652,7472120337205689590,
7470652003031449652,7472120337209558540,
7470652003031449652,7472120337209701870,
7470652003031449652,7472120337212641723,
7470652003031449652,7472120337213162409,
7470652003031449652,7472120337213438049,
7470652003031449652,7472120337215633019,
7470652003031449652,7472120337217274809,
7470652003031449652,7472120337219035927,
7470652003031449652,7472313540490951839,
7470652003031449652,7472313540491715505,
7470652003031449652,7472313540492774901,
7470652003031449652,7472313540498574365,
7470652003031449652,7472313540507631761,
7470652003031449652,7472313540508674754,
7470652003031449652,7472313540510028054,
7470652003031449652,7472313540516239515,
7470652003031449652,7472313540517241225,
7470652003031449652,7472313540518114910,
7470652003031449652,7472313540518315880,
7470652003031449652,7472313540519342704,
7470652003031449652,7472313540519343099,
7470652003031449652,7472313540519441088,
7470652003031449652,7472313540519804017,
7470652003031449652,7472313540519805580,
7470652003031449652,7472313540520675976,
7470652003031449652,7472313540521601548,
7470652003031449652,7472313540521903843,
7470652003031449652,7472313540521923992,
7470652003031449652,7472313540522122974,
7470652003031449652,7472313540522318361,
7470652003031449652,7472313540522867249,
7470652003031449652,7472313540523495479,
7470652003031449652,7472313540528165883,
7470652003031449652,7472313540529027369,
7470652003031449652,7472313540531276262,
7470652003031449652,7472371116865623255,
7470652003031449652,7472371116866314393,
7470652003031449652,7472371116870030420,
7470652003031449652,7472371116870739074,
7470652003031449652,7472371116871269655,
7470652003031449652,7472371116872034690,
7470652003031449652,7472371116872281876,
7470652003031449652,7472371116874294827,
7470652003031449652,7472371116874431248,
7470652003031449652,7472371116876032324,
7470652003031449652,7472371116877979925,
7470652003031449652,7472374827686585448,
7470652003031449652,7472374827691486965,
7470652003031449652,7472762259825816791,
7470652003031449652,7472815276481543048,
7470652003031449652,7472966923921761849,
7470652003031449652,7472966923924110703,
7470652003031449652,7472966923932007800,
7470652003031449652,7472966923934087692,
7470652003031449652,7472966923935028089,
7470652003031449652,7472966923936588062,
7470652003031449652,7472966923936759774,
7470652003031449652,7472966923951862946,
7470652003031449652,7472966923954431754,
7470652003031449652,7473049686404917299,
7470652003031449652,7473049686405488898,
7470652003031449652,7473049686405648631,
7470652003031449652,7473049686406376492,
7470652003031449652,7473049686406763838,
7470652003031449652,7473049686406787463,
7470652003031449652,7473049686406850781,
7470652003031449652,7473049686407587271,
7470652003031449652,7473049686408515962,
7470652003031449652,7473049686420290127,
7470652003031449652,7473049686431429657,
7470652003031449652,7473049686466621540,
7470652003031449652,7473049686472768188,
7470652003031449652,7473049686474068545,
7470652003031449652,7473049686475133020,
7470652003031449652,7473049686475922053,
7470652003031449652,7473208335286706697,
7470652003031449652,7473208335288180170,
7470652003031449652,7473208335288635095,
7470652003031449652,7473208335289179435,
7470652003031449652,7473208335293617219,
7470652003031449652,7473208335297177106,
7470652003031449652,7473208335341832353,
7470652003031449652,7473208335342635770,
7470652003031449652,7473208335343693558,
7470652003031449652,7473208335344570908,
7470652003031449652,7473208335351248232,
7470652003031449652,7473208335352656843,
7470652003031449652,7473208335355148462,
7470652003031449652,7473208335360674474,
7470652003031449652,7473208335360807300,
7470652003031449652,7473208335361552248,
7470652003031449652,7473208335361689972,
7470652003031449652,7473208335363584646,
7470652003031449652,7473208335364661644,
7470652003031449652,7473208335365482822,
7470652003031449652,7473208335366031165,
7470652003031449652,7473208335366344461,
7470652003031449652,7473208335366647847,
7470652003031449652,7473208335367084144,
7470652003031449652,7473208335367161390,
7470652003031449652,7473208335367351503,
7470652003031449652,7473208335367459824,
7470652003031449652,7473208335387820502,
7470652003031449652,7473208335388620475,
7470652003031449652,7473208335389887225,
7470652003031449652,7473208335390306932,
7470652003031449652,7473208335390651174,
7470652003031449652,7473208335396901931,
7470652003031449652,7473208335397341661,
7470652003031449652,7473208335398683773,
7470652003031449652,7473208335400958296,
7470652003031449652,7473208335401148350,
7470652003031449652,7473208335402492348,
7470652003031449652,7473208335402988147,
7470652003031449652,7473208335413801951,
7470652003031449652,7473208335416035053,
7470652003031449652,7473208335416708062,
7470652003031449652,7473208335416792576,
7470652003031449652,7473208335418774189,
7470652003031449652,7473208335419445373,
7470652003031449652,7473208335419654818,
7470652003031449652,7473208335425849428,
7470652003031449652,7473208335425980828,
7470652003031449652,7473208335429027299,
7470652003031449652,7473208335431518252,
7470652003031449652,7473208335433269391,
7470652003031449653,7470595713785659525,
7470652003031449653,7470595713789853739,
7470652003031449653,7470595713789853743,
7470652003031449653,7470595713789853744,
7470652003031449653,7470595713789853745,
7470652003031449653,7470595713789853746,
7470652003031449653,7470595713789853747,
7470652003031449653,7470595713789853748,
7470652003031449653,7470595713789853749,
7470652003031449653,7470595713789853750,
7470652003031449653,7470595713789853751,
7470652003031449653,7470595713789853752,
7470652003031449653,7470595713789853753,
7470652003031449653,7470595713789853754,
7470652003031449653,7470595713789853755,
7470652003031449653,7470595713789853756,
7470652003031449653,7470595713789853757,
7470652003031449653,7470595713789853758,
7470652003031449653,7470595713789853759,
7470652003031449653,7470595713789853760,
7470652003031449653,7470595713789853761,
7470652003031449653,7470595713789853762,
7470652003031449653,7470595713789853763,
7470652003031449653,7470595713789853764,
7470652003031449653,7470595713789853765,
7470652003031449653,7470595713789853766,
7470652003031449653,7470595713789853767,
7470652003031449653,7470595713789853768,
7470652003031449653,7470595713789853769,
7470652003031449653,7470595713789853770,
7470652003031449653,7470595713789853771,
7470652003031449653,7470595713789853772,
7470652003031449653,7470595713789853773,
7470652003031449653,7470595713789853774,
7470652003031449653,7470595713789853775,
7470652003031449653,7470595713789853776,
7470652003031449653,7470595713789853777,
7470652003031449653,7470595713789853778,
7470652003031449653,7470595713789853779,
7470652003031449653,7470595713789853780,
7470652003031449653,7470595713789853781,
7470652003031449653,7470595713789853782,
7470652003031449653,7470595713789853783,
7470652003031449653,7470595713789853784,
7470652003031449653,7470595713789853785,
7470652003031449653,7470595713789853786,
7470652003031449653,7470595713789853787,
7470652003031449653,7470595713789853788,
7470652003031449653,7470595713789853789,
7470652003031449653,7470595713789853790,
7470652003031449653,7470595713789853791,
7470652003031449653,7470595713789853792,
7470652003031449653,7470595713789853793,
7470652003031449653,7470595713789853794,
7470652003031449653,7470595713789853795,
7470652003031449653,7470595713789853796,
7470652003031449653,7470595713789853797,
7470652003031449653,7470595713789853798,
7470652003031449653,7470595713789853799,
7470652003031449653,7470595713789853800,
7470652003031449653,7470595713789853801,
7470652003031449653,7470595713789853802,
7470652003031449653,7470595713789853803,
7470652003031449653,7470595713789853804,
7470652003031449653,7470595713789853805,
7470652003031449653,7470595713789853806,
7470652003031449653,7470595713789853807,
7470652003031449653,7470595713789853808,
7470652003031449653,7470595713789853809,
7470652003031449653,7470595713789853810,
7470652003031449653,7470595713789853811,
7470652003031449653,7470595713789853812,
7470652003031449653,7470595713789853813,
7470652003031449653,7470595713789853814,
7470652003031449653,7470595713789853815,
7470652003031449653,7470595713789853816,
7470652003031449653,7470595713789853817,
7470652003031449653,7470595713789853818,
7470652003031449653,7470595713789853819,
7470652003031449653,7470595713789853820,
7470652003031449653,7470595713789853821,
7470652003031449653,7470595713789853822,
7470652003031449653,7470595713789853823,
7470652003031449653,7470595713789853824,
7470652003031449653,7470595713789853825,
7470652003031449653,7470595713789853826,
7470652003031449653,7470595713789853827,
7470652003031449653,7470595713789853828,
7470652003031449653,7470595713789853829,
7470652003031449653,7470595713789853830,
7470652003031449653,7470595713789853831,
7470652003031449653,7470595713789853832,
7470652003031449653,7470595713789853833,
7470652003031449653,7470595713789853834,
7470652003031449653,7470595713789853835,
7470652003031449653,7470595713789853836,
7470652003031449653,7470595713789853837,
7470652003031449653,7470595713789853838,
7470652003031449653,7470595713789853839,
7470652003031449653,7470595713789853840,
7470652003031449653,7470595713789853841,
7470652003031449653,7470595713789853842,
7470652003031449653,7470595713789853843,
7470652003031449653,7470595713789853844,
7470652003031449653,7470595713789853845,
7470652003031449653,7470595713789853846,
7470652003031449653,7470595713789853847,
7470652003031449653,7470595713789853848,
7470652003031449653,7470595713789853849,
7470652003031449653,7470595713789853850,
7470652003031449653,7470595713789853851,
7470652003031449653,7470595713789853852,
7470652003031449653,7470595713789853853,
7470652003031449653,7470595713789853854,
7470652003031449653,7470595713789853855,
7470652003031449653,7470595713789853856,
7470652003031449653,7470595713789853857,
7470652003031449653,7470595713789853858,
7470652003031449653,7470595713789853859,
7470652003031449653,7470595713789853860,
7470652003031449653,7470595713789853861,
7470652003031449653,7470595713789853862,
7470652003031449653,7470595713789853863,
7470652003031449653,7470595713789853864,
7470652003031449653,7470595713789853865,
7470652003031449653,7470595713789853866,
7470652003031449653,7470595713789853867,
7470652003031449653,7470595713789853868,
7470652003031449653,7470595713789853869,
7470652003031449653,7470595713789853870,
7470652003031449653,7470595713789853871,
7470652003031449653,7470595713789853872,
7470652003031449653,7470595713789853873,
7470652003031449653,7470595713789853874,
7470652003031449653,7470595713789853875,
7470652003031449653,7470595713789853876,
7470652003031449653,7470595713789853877,
7470652003031449653,7470595713789853878,
7470652003031449653,7470595713789853879,
7470652003031449653,7470595713789853880,
7470652003031449653,7470595713789853881,
7470652003031449653,7470595713789853882,
7470652003031449653,7470595713789853883,
7470652003031449653,7470595713789853884,
7470652003031449653,7470595713789853885,
7470652003031449653,7470595713789853886,
7470652003031449653,7470595713789853887,
7470652003031449653,7470595713789853888,
7470652003031449653,7470595713789853889,
7470652003031449653,7470595713789853890,
7470652003031449653,7470595713789853891,
7470652003031449653,7470595713789853892,
7470652003031449653,7470595713789853893,
7470652003031449653,7470595713789853894,
7470652003031449653,7470595713789853895,
7470652003031449653,7470595713789853896,
7470652003031449653,7470595713789853897,
7470652003031449653,7470595713789853898,
7470652003031449653,7470595713789853899,
7470652003031449653,7470595713789853900,
7470652003031449653,7470595713789853901,
7470652003031449653,7470595713789853902,
7470652003031449653,7470595713789853903,
7470652003031449653,7470595713789853904,
7470652003031449653,7470595713789853905,
7470652003031449653,7470595713794048097,
7470652003031449653,7471494452188344767,
7470652003031449653,7471499920372667239,
7470652003031449653,7471600472693405774,
7470652003031449653,7471614645274269224,
7470652003031449653,7471615585920420119,
7470652003031449653,7471649316843094781,
7470652003031449653,7472120337132820595,
7470652003031449653,7472120337134982434,
7470652003031449653,7472120337172931547,
7470652003031449653,7472120337181958670,
7470652003031449653,7472120337183501054,
7470652003031449653,7472120337184178473,
7470652003031449653,7472120337199480536,
7470652003031449653,7472120337201656781,
7470652003031449653,7472120337202634470,
7470652003031449653,7472120337202750259,
7470652003031449653,7472313540474467125,
7470652003031449653,7472313540474634307,
7470652003031449653,7472313540491675060,
7470652003031449653,7472313540492950721,
7470652003031449653,7472313540501846281,
7470652003031449653,7472313540515984248,
7470652003031449653,7472313540522373045,
7470652003031449653,7472313540522527214,
7470652003031449653,7472318225918952245,
7470652003031449653,7472371116872064911,
7470652003031449653,7472371116872912648,
7470652003031449653,7472371116873355426,
7470652003031449653,7472371116874003479,
7470652003031449653,7472762259821593601,
7470652003031449653,7472762259825202939,
7470652003031449653,7472815276468222863,
7470652003031449653,7472815276471923974,
7470652003031449653,7472815276482098907,
7470652003031449653,7472815276484613559,
7470652003031449653,7472966923916136439,
7470652003031449653,7472966923931092038,
7470652003031449653,7472968447478117622,
7470652003031449653,7473049686417578407,
7470652003031449653,7473049686418258308,
7470652003031449653,7473049686422219567,
7470652003031449653,7473049686423437104,
7470652003031449653,7473049686427027398,
7470652003031449653,7473049686430742762,
7470652003031449653,7473049686455235590,
7470652003031449653,7473049686460633529,
7470652003031449653,7473049686464373226,
7470652003031449653,7473049686464887978,
7470652003031449653,7473049686464893157,
7470652003031449653,7473049686465807929,
7470652003031449653,7473049686466570381,
7470652003031449653,7473049686466959106,
7470652003031449653,7473049686467610332,
7470652003031449653,7473208335284289031,
7470652003031449653,7473208335285471524,
7470652003031449653,7473208335304216853,
7470652003031449653,7473208335306814755,
7470652003031449653,7473208335352696010,
7470652003031449653,7473208335354360077,
7470652003031449653,7473208335355602649,
7470652003031449653,7473208335357334826,
7470652003031449653,7473208335358453129,
7470652003031449653,7473208335359238253,
7470652003031449653,7473208335359261550,
7470652003031449653,7473208335359417410,
7470652003031449653,7473208335360345755,
7470652003031449653,7473208335362999395,
7470652003031449653,7473208335365465355,
7470652003031449653,7473208335366811277,
7470652003031449653,7473208335366985845,
7470652003031449653,7473208335367539903,
7470652003031449653,7473208335368220474,
7470652003031449653,7473208335368236858,
7470652003031449653,7473208335368770475,
7470652003031449653,7473208335368832445,
7470652003031449653,7473208335369385422,
7470652003031449653,7473208335369604998,
7470652003031449653,7473208335369757126,
7470652003031449653,7473208335370226896,
7470652003031449653,7473208335370724943,
7470652003031449653,7473208335370728369,
7470652003031449653,7473208335370846003,
7470652003031449653,7473208335371415980,
7470652003031449653,7473208335373782433,
7470652003031449653,7473208335374476403,
7470652003031449653,7473208335374481706,
7470652003031449653,7473208335381378273,
7470652003031449653,7473208335387918940,
7470652003031449653,7473208335387947254,
7470652003031449653,7473208335389253957,
7470652003031449653,7473208335389857326,
7470652003031449653,7473208335390055332,
7470652003031449653,7473208335390131042,
7470652003031449653,7473208335390875526,
7470652003031449653,7473208335391105389,
7470652003031449653,7473208335392726193,
7470652003031449653,7473208335392732548,
7470652003031449653,7473208335394159357,
7470652003031449653,7473208335394669158,
7470652003031449653,7473208335413227619,
7470652003031449653,7473208335413239908,
7470652003031449653,7473208335414303542,
7470652003031449653,7473208335415092189,
7470652003031449653,7473208335421940703,
7470652003031449653,7473208335422514539,
7470652003031449653,7473208335424611467,
7470652003031449654,7470595713689190460,
7470652003031449654,7470595713785659536,
7470652003031449654,7470595713785659537,
7470652003031449654,7470595713785659538,
7470652003031449654,7470595713785659539,
7470652003031449654,7470595713785659540,
7470652003031449654,7470595713785659541,
7470652003031449654,7470595713785659542,
7470652003031449654,7470595713785659543,
7470652003031449654,7470595713785659544,
7470652003031449654,7470595713785659545,
7470652003031449654,7470595713785659546,
7470652003031449654,7470595713785659547,
7470652003031449654,7470595713785659548,
7470652003031449654,7470595713785659549,
7470652003031449654,7470595713785659550,
7470652003031449654,7470595713785659551,
7470652003031449654,7470595713785659552,
7470652003031449654,7470595713785659553,
7470652003031449654,7470595713785659554,
7470652003031449654,7470595713785659555,
7470652003031449654,7470595713785659556,
7470652003031449654,7470595713785659557,
7470652003031449654,7470595713785659558,
7470652003031449654,7470595713785659559,
7470652003031449654,7470595713785659560,
7470652003031449654,7470595713785659561,
7470652003031449654,7470595713785659562,
7470652003031449654,7470595713785659563,
7470652003031449654,7470595713785659564,
7470652003031449654,7470595713785659565,
7470652003031449654,7470595713785659566,
7470652003031449654,7470595713785659567,
7470652003031449654,7470595713785659568,
7470652003031449654,7470595713785659569,
7470652003031449654,7470595713785659570,
7470652003031449654,7470595713785659571,
7470652003031449654,7470595713785659572,
7470652003031449654,7470595713785659573,
7470652003031449654,7470595713785659574,
7470652003031449654,7470595713785659575,
7470652003031449654,7470595713785659576,
7470652003031449654,7470595713785659577,
7470652003031449654,7470595713785659578,
7470652003031449654,7470595713785659579,
7470652003031449654,7470595713785659580,
7470652003031449654,7470595713785659581,
7470652003031449654,7470595713785659582,
7470652003031449654,7470595713785659583,
7470652003031449654,7470595713785659584,
7470652003031449654,7470595713785659585,
7470652003031449654,7470595713785659586,
7470652003031449654,7470595713785659587,
7470652003031449654,7470595713785659588,
7470652003031449654,7470595713785659589,
7470652003031449654,7470595713785659590,
7470652003031449654,7470595713785659591,
7470652003031449654,7470595713785659592,
7470652003031449654,7470595713785659593,
7470652003031449654,7470595713785659594,
7470652003031449654,7470595713785659595,
7470652003031449654,7470595713785659596,
7470652003031449654,7470595713785659597,
7470652003031449654,7470595713785659598,
7470652003031449654,7470595713785659599,
7470652003031449654,7470595713785659600,
7470652003031449654,7470595713785659601,
7470652003031449654,7470595713785659602,
7470652003031449654,7470595713785659603,
7470652003031449654,7470595713785659604,
7470652003031449654,7470595713785659605,
7470652003031449654,7470595713785659606,
7470652003031449654,7470595713785659607,
7470652003031449654,7470595713785659608,
7470652003031449654,7470595713785659609,
7470652003031449654,7470595713785659610,
7470652003031449654,7470595713785659611,
7470652003031449654,7470595713785659612,
7470652003031449654,7470595713785659613,
7470652003031449654,7470595713785659614,
7470652003031449654,7470595713785659615,
7470652003031449654,7470595713785659616,
7470652003031449654,7470595713785659617,
7470652003031449654,7470595713785659618,
7470652003031449654,7470595713785659619,
7470652003031449654,7470595713785659620,
7470652003031449654,7470595713785659621,
7470652003031449654,7470595713785659622,
7470652003031449654,7470595713785659623,
7470652003031449654,7470595713785659624,
7470652003031449654,7470595713785659625,
7470652003031449654,7470595713785659626,
7470652003031449654,7470595713785659627,
7470652003031449654,7470595713785659628,
7470652003031449654,7470595713785659629,
7470652003031449654,7470595713785659630,
7470652003031449654,7470595713785659631,
7470652003031449654,7470595713785659632,
7470652003031449654,7470595713785659633,
7470652003031449654,7470595713785659634,
7470652003031449654,7470595713785659635,
7470652003031449654,7470595713785659636,
7470652003031449654,7470595713785659637,
7470652003031449654,7470595713785659638,
7470652003031449654,7470595713785659639,
7470652003031449654,7470595713785659640,
7470652003031449654,7470595713785659641,
7470652003031449654,7470595713785659642,
7470652003031449654,7470595713785659643,
7470652003031449654,7470595713785659644,
7470652003031449654,7470595713785659645,
7470652003031449654,7470595713785659646,
7470652003031449654,7470595713785659647,
7470652003031449654,7470595713785659648,
7470652003031449654,7470595713785659649,
7470652003031449654,7470595713785659650,
7470652003031449654,7470595713785659651,
7470652003031449654,7470595713785659652,
7470652003031449654,7470595713785659653,
7470652003031449654,7470595713785659654,
7470652003031449654,7470595713785659655,
7470652003031449654,7470595713789853696,
7470652003031449654,7470595713789853697,
7470652003031449654,7470595713789853698,
7470652003031449654,7470595713789853699,
7470652003031449654,7470595713789853700,
7470652003031449654,7470595713789853701,
7470652003031449654,7470595713789853702,
7470652003031449654,7470595713789853703,
7470652003031449654,7470595713789853704,
7470652003031449654,7470595713789853705,
7470652003031449654,7470595713789853706,
7470652003031449654,7470595713789853707,
7470652003031449654,7470595713789853708,
7470652003031449654,7470595713789853709,
7470652003031449654,7470595713789853710,
7470652003031449654,7470595713789853711,
7470652003031449654,7470595713789853712,
7470652003031449654,7470595713789853713,
7470652003031449654,7470595713789853714,
7470652003031449654,7470595713789853715,
7470652003031449654,7470595713789853716,
7470652003031449654,7470595713789853717,
7470652003031449654,7470595713789853718,
7470652003031449654,7470595713789853719,
7470652003031449654,7470595713789853720,
7470652003031449654,7470595713789853721,
7470652003031449654,7470595713789853722,
7470652003031449654,7470595713789853723,
7470652003031449654,7470595713789853724,
7470652003031449654,7470595713789853725,
7470652003031449654,7470595713789853726,
7470652003031449654,7470595713789853727,
7470652003031449654,7470595713789853728,
7470652003031449654,7470595713789853729,
7470652003031449654,7470595713789853730,
7470652003031449654,7470595713789853731,
7470652003031449654,7470595713789853732,
7470652003031449654,7470595713789853733,
7470652003031449654,7470595713789853734,
7470652003031449654,7470595713789853735,
7470652003031449654,7470595713789853736,
7470652003031449654,7470595713789853737,
7470652003031449654,7470595713789853738,
7470652003031449654,7470595713798242307,
7470652003031449654,7470595713798242308,
7470652003031449654,7471639268991009252,
7470652003031449654,7471639350497064246,
7470652003031449654,7471639394512923274,
7470652003031449654,7472371116869440463,
7470652003031449654,7472371116878251181,
7470652003031449654,7473049686464596304,
7470652003031449654,7473050929469827975,
7470652003031449654,7473208335301223008,
7470652003031449654,7473208335359820851,
7470652003031449654,7473208335359932478,
7470652003031449654,7473208335359972411,
7470652003031449654,7473208335360670084,
7470652003031449654,7473208335361750173,
7470652003031449654,7473208335380621493,
7470652003031449654,7473208335387646130,
7470652003031449654,7473208335387799922,
7470652003031449654,7473208335387883126,
7470652003031449654,7473208335388932921,
7470652003031449654,7473208335388946754,
7470652003031449654,7473208335389425935,
7470652003031449654,7473208335389482336,
7470652003031449654,7473208335389618678,
7470652003031449654,7473208335389693983,
7470652003031449654,7473208335389991789,
7470652003031449654,7473208335390720830,
7470652003031449654,7473208335390965378,
7470652003031449654,7473208335391462768,
7470652003031449654,7473208335412954847,
7470652003031449654,7473208335413563742,
7470652003031449654,7473208335415459153,
7470652003031449654,7473208335421370527,
7470652003031449654,7473208335424089837,
7470652003031449654,7473208335424950411,
7470652003031449655,7470595713680801801,
7470652003031449655,7470595713680801802,
7470652003031449655,7470595713680801803,
7470652003031449655,7470595713680801804,
7470652003031449655,7470595713680801805,
7470652003031449655,7470595713680801806,
7470652003031449655,7470595713680801807,
7470652003031449655,7470595713680801808,
7470652003031449655,7470595713680801809,
7470652003031449655,7470595713680801810,
7470652003031449655,7470595713680801811,
7470652003031449655,7470595713680801812,
7470652003031449655,7470595713680801813,
7470652003031449655,7470595713680801814,
7470652003031449655,7470595713680801815,
7470652003031449655,7470595713680801816,
7470652003031449655,7470595713680801817,
7470652003031449655,7470595713680801818,
7470652003031449655,7470595713680801819,
7470652003031449655,7470595713680801820,
7470652003031449655,7470595713680801821,
7470652003031449655,7470595713680801822,
7470652003031449655,7470595713680801823,
7470652003031449655,7470595713680801824,
7470652003031449655,7470595713680801825,
7470652003031449655,7470595713680801826,
7470652003031449655,7470595713680801827,
7470652003031449655,7470595713680801828,
7470652003031449655,7470595713680801829,
7470652003031449655,7470595713680801830,
7470652003031449655,7470595713680801831,
7470652003031449655,7470595713680801832,
7470652003031449655,7470595713680801833,
7470652003031449655,7470595713680801834,
7470652003031449655,7470595713680801835,
7470652003031449655,7470595713680801836,
7470652003031449655,7470595713680801837,
7470652003031449655,7470595713680801838,
7470652003031449655,7470595713680801839,
7470652003031449655,7470595713680801840,
7470652003031449655,7470595713680801841,
7470652003031449655,7470595713680801842,
7470652003031449655,7470595713680801843,
7470652003031449655,7470595713680801844,
7470652003031449655,7470595713680801845,
7470652003031449655,7470595713680801846,
7470652003031449655,7470595713680801847,
7470652003031449655,7470595713680801848,
7470652003031449655,7470595713680801849,
7470652003031449655,7470595713680801850,
7470652003031449655,7470595713680801851,
7470652003031449655,7470595713680801852,
7470652003031449655,7470595713680801853,
7470652003031449655,7470595713680801854,
7470652003031449655,7470595713680801855,
7470652003031449655,7470595713680801856,
7470652003031449655,7470595713680801857,
7470652003031449655,7470595713680801858,
7470652003031449655,7470595713680801859,
7470652003031449655,7470595713680801860,
7470652003031449655,7470595713680801861,
7470652003031449655,7470595713680801862,
7470652003031449655,7470595713680801863,
7470652003031449655,7470595713680801864,
7470652003031449655,7470595713680801865,
7470652003031449655,7470595713680801866,
7470652003031449655,7470595713680801867,
7470652003031449655,7470595713680801868,
7470652003031449655,7470595713680801869,
7470652003031449655,7470595713680801870,
7470652003031449655,7470595713680801871,
7470652003031449655,7470595713680801872,
7470652003031449655,7470595713680801873,
7470652003031449655,7470595713680801874,
7470652003031449655,7470595713680801875,
7470652003031449655,7470595713680801876,
7470652003031449655,7470595713680801877,
7470652003031449655,7470595713680801878,
7470652003031449655,7470595713680801879,
7470652003031449655,7470595713680801880,
7470652003031449655,7470595713680801881,
7470652003031449655,7470595713680801882,
7470652003031449655,7470595713680801883,
7470652003031449655,7470595713680801884,
7470652003031449655,7470595713680801885,
7470652003031449655,7470595713680801886,
7470652003031449655,7470595713680801887,
7470652003031449655,7470595713680801888,
7470652003031449655,7470595713680801889,
7470652003031449655,7470595713680801890,
7470652003031449655,7470595713680801891,
7470652003031449655,7470595713680801892,
7470652003031449655,7470595713680801893,
7470652003031449655,7470595713680801894,
7470652003031449655,7470595713680801895,
7470652003031449655,7470595713680801896,
7470652003031449655,7470595713680801897,
7470652003031449655,7470595713680801898,
7470652003031449655,7470595713680801899,
7470652003031449655,7470595713680801900,
7470652003031449655,7470595713680801901,
7470652003031449655,7470595713680801902,
7470652003031449655,7470595713680801903,
7470652003031449655,7470595713680801904,
7470652003031449655,7470595713680801905,
7470652003031449655,7470595713680801906,
7470652003031449655,7470595713680801907,
7470652003031449655,7470595713680801908,
7470652003031449655,7470595713680801909,
7470652003031449655,7470595713680801910,
7470652003031449655,7470595713680801911,
7470652003031449655,7470595713680801912,
7470652003031449655,7470595713680801913,
7470652003031449655,7470595713680801914,
7470652003031449655,7470595713680801915,
7470652003031449655,7470595713680801916,
7470652003031449655,7470595713680801917,
7470652003031449655,7470595713680801918,
7470652003031449655,7470595713680801919,
7470652003031449655,7470595713680801920,
7470652003031449655,7470595713680801921,
7470652003031449655,7470595713680801922,
7470652003031449655,7470595713680801923,
7470652003031449655,7470595713680801924,
7470652003031449655,7470595713680801925,
7470652003031449655,7470595713680801926,
7470652003031449655,7470595713680801927,
7470652003031449655,7470595713680801928,
7470652003031449655,7470595713680801929,
7470652003031449655,7470595713680801930,
7470652003031449655,7470595713680801931,
7470652003031449655,7470595713680801932,
7470652003031449655,7470595713680801933,
7470652003031449655,7470595713680801934,
7470652003031449655,7470595713680801935,
7470652003031449655,7470595713680801936,
7470652003031449655,7470595713680801937,
7470652003031449655,7470595713680801938,
7470652003031449655,7470595713680801939,
7470652003031449655,7470595713680801940,
7470652003031449655,7470595713680801941,
7470652003031449655,7470595713680801942,
7470652003031449655,7470595713680801943,
7470652003031449655,7470595713680801944,
7470652003031449655,7470595713680801945,
7470652003031449655,7470595713680801946,
7470652003031449655,7470595713680801947,
7470652003031449655,7470595713680801948,
7470652003031449655,7470595713680801949,
7470652003031449655,7470595713680801950,
7470652003031449655,7470595713680801951,
7470652003031449655,7470595713680801952,
7470652003031449655,7470595713680801953,
7470652003031449655,7470595713680801954,
7470652003031449655,7470595713747910936,
7470652003031449655,7471442742956022336,
7470652003031449655,7471639550420169621,
7470652003031449655,7471639582721349099,
7470652003031449655,7471639607347655240,
7470652003031449655,7471639655213139369,
7470652003031449655,7471639694815388411,
7470652003031449655,7471639724117695576,
7470652003031449655,7471639759194649543,
7470652003031449655,7471639794701180153,
7470652003031449655,7471639824655802952,
7470652003031449655,7471640154958016299,
7470652003031449655,7471640205217692666,
7470652003031449655,7472120337117136221,
7470652003031449655,7472120337182875130,
7470652003031449655,7472120337183632708,
7470652003031449655,7472313540523190833,
7470652003031449655,7472371116877480870,
7470652003031449655,7472815276462185503,
7470652003031449655,7472815276462733021,
7470652003031449655,7472815276462738979,
7470652003031449655,7472815276464877952,
7470652003031449655,7472815276467932610,
7470652003031449655,7472966923926437407,
7470652003031449655,7472966923928316029,
7470652003031449655,7472966923959130278,
7470652003031449655,7472966923959746353,
7470652003031449655,7472966923961488176,
7470652003031449655,7473049686396677457,
7470652003031449655,7473049686397837342,
7470652003031449655,7473049686401971756,
7470652003031449655,7473049686402060753,
7470652003031449655,7473049686402250161,
7470652003031449655,7473049686402317713,
7470652003031449655,7473049686403246905,
7470652003031449655,7473049686403278478,
7470652003031449655,7473208335291900883,
7470652003031449655,7473208335296549991,
7470652003031449655,7473208335296570721,
7470652003031449656,7470595713781465107,
7470652003031449656,7470595713781465108,
7470652003031449656,7470595713781465109,
7470652003031449656,7470595713781465110,
7470652003031449656,7470595713781465111,
7470652003031449656,7470595713781465112,
7470652003031449656,7470595713781465113,
7470652003031449656,7470595713781465114,
7470652003031449656,7470595713781465224,
7470652003031449656,7470595713781465225,
7470652003031449656,7470595713781465226,
7470652003031449656,7470595713781465228,
7470652003031449656,7470595713781465229,
7470652003031449656,7470595713781465324,
7470652003031449656,7470595713781465325,
7470652003031449656,7470595713781465326,
7470652003031449656,7470595713781465327,
7470652003031449656,7470595713781465364,
7470652003031449656,7470595713785659465,
7470652003031449656,7470595713785659466,
7470652003031449656,7470595713785659467,
7470652003031449656,7470595713785659468,
7470652003031449656,7470595713785659469,
7470652003031449656,7470595713785659470,
7470652003031449656,7470595713785659496,
7470652003031449656,7470595713785659497,
7470652003031449656,7470595713785659498,
7470652003031449656,7470595713785659499,
7470652003031449656,7470595713785659500,
7470652003031449656,7470595713785659501,
7470652003031449656,7470595713785659502,
7470652003031449656,7470595713785659503,
7470652003031449656,7470595713785659504,
7470652003031449656,7470595713785659505,
7470652003031449656,7470595713785659506,
7470652003031449656,7470595713785659507,
7470652003031449656,7470595713785659508,
7470652003031449656,7470595713785659509,
7470652003031449656,7470595713785659510,
7470652003031449656,7470595713785659511,
7470652003031449656,7470595713785659512,
7470652003031449656,7470595713785659513,
7470652003031449656,7470595713785659514,
7470652003031449656,7470595713785659515,
7470652003031449656,7471500220785058099,
7470652003031449656,7471504471331766583,
7470652003031449656,7472313540511923949,
7470652003031449656,7472313540513367423,
7470652003031449656,7473208335387333933,
7470652003031449656,7473208335389616486,
7470652003031449656,7473208335390899865,
7470652003031449657,7470595713781465257,
7470652003031449657,7470595713785659471,
7470652003031449657,7470595713785659472,
7470652003031449657,7470595713785659473,
7470652003031449657,7470595713785659474,
7470652003031449657,7470595713785659475,
7470652003031449657,7470595713785659476,
7470652003031449657,7470595713785659477,
7470652003031449657,7470595713785659478,
7470652003031449657,7470595713785659479,
7470652003031449657,7470595713785659480,
7470652003031449657,7470595713785659481,
7470652003031449657,7470595713785659482,
7470652003031449657,7470595713785659483,
7470652003031449657,7470595713785659484,
7470652003031449657,7470595713785659485,
7470652003031449657,7470595713785659486,
7470652003031449657,7470595713785659487,
7470652003031449657,7470595713785659488,
7470652003031449657,7470595713785659489,
7470652003031449657,7470595713785659490,
7470652003031449657,7470595713785659491,
7470652003031449657,7470595713785659492,
7470652003031449657,7470595713785659493,
7470652003031449657,7470595713785659494,
7470652003031449657,7470595713785659495,
7470652003031449658,7470595713781465323,
7470652003031449658,7470595713781465328,
7470652003031449658,7470595713781465329,
7470652003031449658,7470595713781465330,
7470652003031449658,7470595713781465331,
7470652003031449658,7470595713781465332,
7470652003031449658,7470595713781465333,
7470652003031449658,7470595713781465334,
7470652003031449658,7470595713781465335,
7470652003031449658,7470595713781465336,
7470652003031449658,7470595713781465337,
7470652003031449658,7470595713781465338,
7470652003031449658,7470595713781465339,
7470652003031449658,7470595713781465340,
7470652003031449658,7470595713781465341,
7470652003031449658,7470595713781465342,
7470652003031449658,7470595713781465343,
7470652003031449658,7470595713781465344,
7470652003031449658,7470595713781465345,
7470652003031449658,7470595713781465346,
7470652003031449658,7470595713781465347,
7470652003031449658,7470595713781465348,
7470652003031449658,7470595713781465349,
7470652003031449658,7470595713781465350,
7470652003031449658,7470595713781465351,
7470652003031449658,7470595713781465352,
7470652003031449658,7470595713781465353,
7470652003031449658,7470595713781465354,
7470652003031449658,7470595713781465355,
7470652003031449658,7470595713781465356,
7470652003031449658,7470595713781465357,
7470652003031449658,7470595713781465358,
7470652003031449658,7470595713781465359,
7470652003031449658,7470595713781465360,
7470652003031449658,7470595713781465361,
7470652003031449658,7470595713781465362,
7470652003031449658,7470595713781465363,
7470652003031449658,7472762259833558596,
7470652003031449659,7470595713781465230,
7470652003031449659,7470595713781465231,
7470652003031449659,7470595713781465232,
7470652003031449659,7470595713781465233,
7470652003031449659,7470595713781465234,
7470652003031449659,7470595713781465235,
7470652003031449659,7470595713781465236,
7470652003031449659,7470595713781465237,
7470652003031449659,7470595713781465238,
7470652003031449659,7470595713781465239,
7470652003031449659,7470595713781465240,
7470652003031449659,7470595713781465241,
7470652003031449659,7470595713781465242,
7470652003031449659,7470595713781465243,
7470652003031449659,7470595713781465244,
7470652003031449659,7470595713781465245,
7470652003031449659,7470595713781465246,
7470652003031449659,7470595713781465247,
7470652003031449659,7470595713781465248,
7470652003031449659,7470595713781465249,
7470652003031449659,7470595713781465250,
7470652003031449659,7470595713781465251,
7470652003031449659,7470595713781465252,
7470652003031449659,7470595713781465253,
7470652003031449659,7470595713781465254,
7470652003031449659,7470595713781465255,
7470652003031449659,7470595713781465256,
7470652003031449659,7470595713781465257,
7470652003031449659,7470595713781465258,
7470652003031449659,7470595713781465259,
7470652003031449659,7470595713781465260,
7470652003031449659,7470595713781465261,
7470652003031449659,7470595713781465262,
7470652003031449659,7470595713781465263,
7470652003031449659,7470595713781465264,
7470652003031449659,7470595713781465265,
7470652003031449659,7470595713781465266,
7470652003031449659,7470595713781465267,
7470652003031449659,7470595713781465268,
7470652003031449659,7470595713781465269,
7470652003031449659,7470595713781465270,
7470652003031449659,7470595713781465271,
7470652003031449659,7470595713781465272,
7470652003031449659,7470595713781465273,
7470652003031449659,7470595713781465274,
7470652003031449659,7470595713781465275,
7470652003031449659,7470595713781465276,
7470652003031449659,7470595713781465277,
7470652003031449659,7470595713781465278,
7470652003031449659,7470595713781465279,
7470652003031449659,7470595713781465280,
7470652003031449659,7470595713781465281,
7470652003031449659,7470595713781465282,
7470652003031449659,7470595713781465283,
7470652003031449659,7470595713781465284,
7470652003031449659,7470595713781465306,
7470652003031449659,7470595713781465307,
7470652003031449659,7470595713781465308,
7470652003031449659,7470595713781465309,
7470652003031449659,7470595713781465310,
7470652003031449659,7470595713781465311,
7470652003031449659,7470595713781465312,
7470652003031449659,7470595713781465313,
7470652003031449659,7470595713781465314,
7470652003031449659,7470595713781465315,
7470652003031449659,7470595713781465316,
7470652003031449659,7470595713781465317,
7470652003031449659,7470595713781465318,
7470652003031449659,7470595713781465319,
7470652003031449659,7470595713781465320,
7470652003031449659,7470595713781465321,
7470652003031449659,7470595713781465322,
7470652003031449659,7470595713806631081,
7470652003031449659,7470595713819213850,
7470652003031449660,7470595713781465285,
7470652003031449660,7470595713781465286,
7470652003031449660,7470595713781465287,
7470652003031449660,7470595713781465288,
7470652003031449660,7470595713781465289,
7470652003031449660,7470595713781465290,
7470652003031449660,7470595713781465291,
7470652003031449660,7470595713781465292,
7470652003031449660,7470595713781465293,
7470652003031449660,7470595713781465294,
7470652003031449660,7470595713781465295,
7470652003031449660,7470595713781465296,
7470652003031449660,7470595713781465297,
7470652003031449660,7470595713781465298,
7470652003031449660,7470595713781465299,
7470652003031449660,7470595713781465300,
7470652003031449660,7470595713781465301,
7470652003031449660,7470595713781465302,
7470652003031449660,7470595713781465303,
7470652003031449660,7470595713781465304,
7470652003031449660,7470595713781465305,
7470652003031449661,7470595713781465115,
7470652003031449661,7470595713781465116,
7470652003031449661,7470595713781465117,
7470652003031449661,7470595713781465118,
7470652003031449661,7470595713781465119,
7470652003031449661,7470595713781465120,
7470652003031449661,7470595713781465121,
7470652003031449661,7470595713781465122,
7470652003031449661,7470595713781465123,
7470652003031449661,7470595713781465124,
7470652003031449661,7470595713781465125,
7470652003031449662,7470595713752105075,
7470652003031449662,7470595713781465227,
7470652003031449662,7470595713781465365,
7470652003031449662,7470595713781465366,
7470652003031449662,7470595713781465367,
7470652003031449662,7470595713781465368,
7470652003031449662,7470595713781465369,
7470652003031449662,7470595713781465370,
7470652003031449662,7470595713781465371,
7470652003031449662,7470595713781465372,
7470652003031449662,7470595713781465373,
7470652003031449662,7470595713781465374,
7470652003031449662,7470595713781465375,
7470652003031449662,7470595713781465376,
7470652003031449662,7470595713781465377,
7470652003031449662,7470595713781465378,
7470652003031449662,7470595713781465379,
7470652003031449662,7470595713781465380,
7470652003031449662,7470595713781465381,
7470652003031449662,7470595713781465382,
7470652003031449662,7470595713781465383,
7470652003031449662,7470595713781465384,
7470652003031449662,7470595713781465385,
7470652003031449662,7470595713781465386,
7470652003031449662,7470595713781465387,
7470652003031449662,7470595713781465388,
7470652003031449662,7470595713781465389,
7470652003031449662,7470595713781465390,
7470652003031449662,7470595713781465391,
7470652003031449662,7470595713781465392,
7470652003031449662,7470595713781465393,
7470652003031449662,7470595713785659392,
7470652003031449662,7470595713785659393,
7470652003031449662,7470595713785659394,
7470652003031449662,7470595713785659395,
7470652003031449662,7470595713785659396,
7470652003031449662,7470595713785659397,
7470652003031449662,7470595713785659398,
7470652003031449662,7470595713785659399,
7470652003031449662,7470595713785659400,
7470652003031449662,7470595713785659401,
7470652003031449662,7470595713785659402,
7470652003031449662,7470595713785659403,
7470652003031449662,7470595713785659404,
7470652003031449662,7470595713785659405,
7470652003031449662,7470595713785659406,
7470652003031449662,7470595713785659407,
7470652003031449662,7470595713785659408,
7470652003031449662,7470595713785659409,
7470652003031449662,7470595713785659410,
7470652003031449662,7470595713785659411,
7470652003031449662,7470595713785659412,
7470652003031449662,7470595713785659413,
7470652003031449662,7470595713785659414,
7470652003031449662,7470595713785659415,
7470652003031449662,7470595713785659416,
7470652003031449662,7470595713785659417,
7470652003031449662,7470595713785659418,
7470652003031449662,7470595713785659419,
7470652003031449662,7470595713785659420,
7470652003031449662,7470595713785659421,
7470652003031449662,7470595713785659422,
7470652003031449662,7470595713785659423,
7470652003031449662,7470595713785659424,
7470652003031449662,7470595713785659425,
7470652003031449662,7470595713785659426,
7470652003031449662,7470595713785659427,
7470652003031449662,7470595713785659428,
7470652003031449662,7470595713785659429,
7470652003031449662,7470595713785659430,
7470652003031449662,7470595713785659431,
7470652003031449662,7470595713785659432,
7470652003031449662,7470595713785659433,
7470652003031449662,7470595713785659434,
7470652003031449662,7470595713785659435,
7470652003031449662,7470595713785659436,
7470652003031449662,7470595713785659437,
7470652003031449662,7470595713785659438,
7470652003031449662,7470595713785659439,
7470652003031449662,7470595713785659440,
7470652003031449662,7470595713785659441,
7470652003031449662,7470595713785659442,
7470652003031449662,7470595713785659443,
7470652003031449662,7470595713785659444,
7470652003031449662,7470595713785659445,
7470652003031449662,7470595713785659446,
7470652003031449662,7470595713785659447,
7470652003031449662,7470595713785659448,
7470652003031449662,7470595713785659449,
7470652003031449662,7470595713785659450,
7470652003031449662,7470595713785659451,
7470652003031449662,7470595713785659452,
7470652003031449662,7470595713785659453,
7470652003031449662,7470595713785659454,
7470652003031449662,7470595713785659455,
7470652003031449662,7470595713785659456,
7470652003031449662,7470595713785659457,
7470652003031449662,7470595713785659458,
7470652003031449662,7470595713785659459,
7470652003031449662,7470595713785659460,
7470652003031449662,7470595713785659461,
7470652003031449662,7470595713785659462,
7470652003031449662,7470595713785659463,
7470652003031449662,7470595713785659464,
7470652003031449662,7471500920620576138,
7470652003031449662,7471500956037537396,
7470652003031449662,7471500999098045477,
7470652003031449662,7471612063261669576,
7470652003031449662,7471612090991690330,
7470652003031449662,7471612131746969578,
7470652003031449662,7471614264043532504,
7470652003031449662,7472313540480660109,
7470652003031449662,7472313540507138534,
7470652003031449662,7472313540507968286,
7470652003031449662,7472313540508368799,
7470652003031449662,7472313540509882931,
7470652003031449662,7472313540523658048,
7470652003031449662,7472313540523725724,
7470652003031449662,7472313540523884831,
7470652003031449662,7472313540524159302,
7470652003031449662,7472313540524725911,
7470652003031449662,7472313540525176106,
7470652003031449662,7472313540525190298,
7470652003031449662,7472313540528052465,
7470652003031449662,7472313540528073977,
7470652003031449662,7472313540528715562,
7470652003031449662,7472313540529074136,
7470652003031449662,7472313540529898890,
7470652003031449662,7472313540530770154,
7470652003031449662,7472313540531412605,
7470652003031449662,7472371116907859730,
7470652003031449662,7472371116907914493,
7470652003031449662,7472380118921616120,
7470652003031449662,7472966923910825497,
7470652003031449662,7472966923911682068,
7470652003031449662,7473049686396531367,
7470652003031449662,7473208335282589513,
7470652003031449662,7473208335282593548,
7470652003031449662,7473208335283128434,
7470652003031449662,7473208335285257678,
7470652003031449662,7473208335286213719,
7470652003031449662,7473208335385023645,
7470652003031449663,7470595713781465126,
7470652003031449663,7470595713781465127,
7470652003031449663,7470595713781465128,
7470652003031449663,7470595713781465129,
7470652003031449663,7470595713781465130,
7470652003031449663,7470595713781465131,
7470652003031449663,7470595713781465132,
7470652003031449663,7470595713781465133,
7470652003031449663,7470595713781465134,
7470652003031449663,7470595713781465135,
7470652003031449663,7470595713781465136,
7470652003031449663,7470595713781465137,
7470652003031449663,7470595713781465138,
7470652003031449663,7470595713781465139,
7470652003031449663,7470595713781465140,
7470652003031449663,7470595713781465141,
7470652003031449663,7470595713781465142,
7470652003031449663,7470595713781465143,
7470652003031449663,7470595713781465144,
7470652003031449663,7470595713781465145,
7470652003031449663,7470595713781465146,
7470652003031449663,7470595713781465147,
7470652003031449663,7470595713781465148,
7470652003031449663,7470595713781465149,
7470652003031449663,7470595713781465150,
7470652003031449663,7470595713781465151,
7470652003031449663,7470595713781465152,
7470652003031449663,7470595713781465153,
7470652003031449663,7470595713781465154,
7470652003031449663,7470595713781465155,
7470652003031449663,7470595713781465156,
7470652003031449663,7470595713781465157,
7470652003031449663,7470595713781465158,
7470652003031449663,7470595713781465159,
7470652003031449663,7470595713781465160,
7470652003031449663,7470595713781465161,
7470652003031449663,7470595713781465162,
7470652003031449663,7470595713781465163,
7470652003031449663,7470595713781465164,
7470652003031449663,7470595713781465165,
7470652003031449663,7470595713781465166,
7470652003031449663,7470595713781465167,
7470652003031449663,7470595713781465168,
7470652003031449663,7470595713781465169,
7470652003031449663,7470595713781465170,
7470652003031449663,7470595713781465171,
7470652003031449663,7470595713781465172,
7470652003031449663,7470595713781465173,
7470652003031449663,7470595713781465174,
7470652003031449663,7470595713781465175,
7470652003031449663,7470595713781465176,
7470652003031449663,7470595713781465177,
7470652003031449663,7470595713781465178,
7470652003031449663,7470595713781465179,
7470652003031449663,7470595713781465180,
7470652003031449663,7470595713781465181,
7470652003031449663,7470595713781465182,
7470652003031449663,7470595713781465183,
7470652003031449663,7470595713781465184,
7470652003031449663,7470595713781465185,
7470652003031449663,7470595713781465186,
7470652003031449663,7470595713781465187,
7470652003031449663,7470595713781465188,
7470652003031449663,7470595713781465189,
7470652003031449663,7470595713781465190,
7470652003031449663,7470595713781465191,
7470652003031449663,7470595713781465192,
7470652003031449663,7470595713781465193,
7470652003031449663,7470595713781465194,
7470652003031449663,7470595713781465195,
7470652003031449663,7470595713781465196,
7470652003031449663,7470595713781465197,
7470652003031449663,7470595713781465198,
7470652003031449663,7470595713781465199,
7470652003031449663,7470595713781465200,
7470652003031449663,7470595713781465201,
7470652003031449663,7470595713781465202,
7470652003031449663,7470595713781465203,
7470652003031449663,7470595713781465204,
7470652003031449663,7470595713781465205,
7470652003031449663,7470595713781465206,
7470652003031449663,7470595713781465207,
7470652003031449663,7470595713781465208,
7470652003031449663,7470595713781465209,
7470652003031449663,7470595713781465210,
7470652003031449663,7470595713781465211,
7470652003031449663,7470595713781465212,
7470652003031449663,7470595713781465213,
7470652003031449663,7470595713781465214,
7470652003031449663,7470595713781465215,
7470652003031449663,7470595713781465216,
7470652003031449663,7470595713781465217,
7470652003031449663,7470595713781465218,
7470652003031449663,7470595713781465219,
7470652003031449663,7470595713781465220,
7470652003031449663,7470595713781465221,
7470652003031449663,7470595713781465222,
7470652003031449663,7470595713781465223,
7470652003031449663,7471616711575523496,
7470652003031449663,7471616762420189747,
7470652003031449663,7471644760729264258,
7470652003031449663,7472120337128670392,
7470652003031449663,7472120337129281185,
7470652003031449663,7472120337132305333,
7470652003031449663,7472120337133109459,
7470652003031449663,7472120337153479491,
7470652003031449663,7472120337195397054,
7470652003031449663,7472120337196631426,
7470652003031449663,7472815276497672602,
7470652003031449663,7472815276497961833,
7470652003031449663,7472815276498690037,
7470652003031449663,7472815276499231402,
7470652003031449663,7472815276499698103,
7470652003031449663,7472815276500123840,
7470652003031449663,7472815276500377378,
7470652003031449663,7472815276501111209,
7470652003031449663,7473049686463891428,
7470652003031449663,7473049686467445848,
7470652003031449663,7473208335380799610,
7470652003031449664,7470595713668219080,frayed
7470652003031449664,7470595713693384833,
7470652003031449664,7470595713785659525,
7470652003031449664,7470595713810825468,
7470652003031449664,7470595713823408139,
7470652003031449664,7470595713823408140,
7470652003031449664,7470595713823408141,
7470652003031449664,7470595713823408142,
7470652003031449664,7470595713823408143,
7470652003031449664,7470595713823408144,
7470652003031449664,7470595713823408145,
7470652003031449664,7470595713823408146,
7470652003031449664,7470595713823408147,
7470652003031449664,7470595713823408148,
7470652003031449664,7470595713823408149,
7470652003031449664,7470595713823408150,
7470652003031449664,7470595713823408151,
7470652003031449664,7470595713823408152,
7470652003031449664,7470595713823408153,
7470652003031449664,7470595713823408154,
7470652003031449664,7470595713823408155,
7470652003031449664,7470595713823408156,
7470652003031449664,7470595713823408157,
7470652003031449664,7470595713823408158,
7470652003031449664,7470595713823408159,
7470652003031449664,7470595713823408160,
7470652003031449664,7470595713823408161,
7470652003031449664,7470595713823408162,
7470652003031449664,7470595713823408163,
7470652003031449664,7470595713823408164,
7470652003031449664,7470595713823408165,
7470652003031449664,7470595713823408166,
7470652003031449664,7470595713823408167,
7470652003031449664,7470595713823408168,
7470652003031449664,7470595713823408169,
7470652003031449664,7470595713823408170,
7470652003031449664,7470595713823408171,
7470652003031449664,7470595713823408172,
7470652003031449664,7470595713823408173,
7470652003031449664,7470595713823408174,
7470652003031449664,7470595713823408175,
7470652003031449664,7470595713823408176,
7470652003031449664,7470595713823408177,
7470652003031449664,7470595713823408178,
7470652003031449664,7470595713823408179,
7470652003031449664,7470595713823408180,
7470652003031449664,7470595713823408181,
7470652003031449664,7470595713823408182,
7470652003031449664,7470595713823408183,
7470652003031449664,7470595713823408184,
7470652003031449664,7470595713823408185,
7470652003031449664,7470595713823408186,
7470652003031449664,7470595713823408187,
7470652003031449664,7470595713823408188,
7470652003031449664,7470595713823408189,
7470652003031449664,7470595713823408190,
7470652003031449664,7470595713823408191,
7470652003031449664,7470595713823408192,
7470652003031449664,7470595713823408193,
7470652003031449664,7470595713823408194,
7470652003031449664,7470595713823408195,
7470652003031449664,7470595713823408196,
7470652003031449664,7470595713823408197,
7470652003031449664,7470595713823408198,
7470652003031449664,7470595713823408199,
7470652003031449664,7470595713823408200,
7470652003031449664,7470595713823408201,
7470652003031449664,7470595713823408202,
7470652003031449664,7470595713823408203,
7470652003031449664,7470595713823408204,
7470652003031449664,7470595713823408205,
7470652003031449664,7470595713823408206,
7470652003031449664,7470595713823408207,
7470652003031449664,7470595713823408208,
7470652003031449664,7470595713823408209,
7470652003031449664,7470595713823408210,
7470652003031449664,7470595713823408211,
7470652003031449664,7470595713823408212,
7470652003031449664,7470595713823408213,
7470652003031449664,7470595713823408214,
7470652003031449664,7470595713823408215,
7470652003031449664,7470595713823408216,
7470652003031449664,7470595713823408217,
7470652003031449664,7470595713823408218,
7470652003031449664,7470595713823408219,
7470652003031449664,7470595713823408220,
7470652003031449664,7470595713823408221,
7470652003031449664,7470595713823408222,
7470652003031449664,7470595713823408223,
7470652003031449664,7470595713823408224,
7470652003031449664,7470595713823408225,
7470652003031449664,7470595713823408226,
7470652003031449664,7470595713823408227,
7470652003031449664,7470595713823408228,
7470652003031449664,7470595713823408229,
7470652003031449664,7470595713823408230,
7470652003031449664,7470595713823408231,
7470652003031449664,7470595713823408232,
7470652003031449664,7470595713823408233,
7470652003031449664,7470595713823408234,
7470652003031449664,7470595713823408235,
7470652003031449664,7470595713823408236,
7470652003031449664,7470595713823408237,
7470652003031449664,7470595713823408238,
7470652003031449664,7470595713823408239,
7470652003031449664,7470595713823408240,
7470652003031449664,7470595713823408241,
7470652003031449664,7470595713823408242,
7470652003031449664,7470595713823408243,
7470652003031449664,7470595713823408244,
7470652003031449664,7470595713823408245,
7470652003031449664,7470595713823408246,
7470652003031449664,7470595713823408247,
7470652003031449664,7470595713823408248,
7470652003031449664,7470595713823408249,
7470652003031449664,7470595713823408250,
7470652003031449664,7470595713823408251,
7470652003031449664,7470595713823408252,
7470652003031449664,7470595713823408253,
7470652003031449664,7470595713823408254,
7470652003031449664,7470595713823408255,
7470652003031449664,7470595713823408256,
7470652003031449664,7470595713823408257,
7470652003031449664,7470595713823408258,
7470652003031449664,7470595713823408259,
7470652003031449664,7470595713823408260,
7470652003031449664,7470595713823408261,
7470652003031449664,7470595713823408262,
7470652003031449664,7470595713823408263,
7470652003031449664,7470595713823408264,
7470652003031449664,7470595713823408265,
7470652003031449664,7470595713823408266,
7470652003031449664,7470595713823408267,
7470652003031449664,7470595713823408268,
7470652003031449664,7470595713823408269,
7470652003031449664,7470595713823408270,
7470652003031449664,7470595713823408271,
7470652003031449664,7470595713823408272,
7470652003031449664,7470595713823408273,
7470652003031449664,7470595713823408274,
7470652003031449664,7470595713823408275,
7470652003031449664,7470595713823408276,
7470652003031449664,7470595713823408277,
7470652003031449664,7470595713823408278,
7470652003031449664,7470595713823408279,
7470652003031449664,7470595713823408280,
7470652003031449664,7470595713823408281,
7470652003031449664,7470595713823408282,
7470652003031449664,7470595713823408283,
7470652003031449664,7470595713823408284,
7470652003031449664,7470595713823408285,
7470652003031449664,7470595713823408286,
7470652003031449664,7470595713823408287,
7470652003031449664,7470595713823408288,
7470652003031449664,7470595713823408289,
7470652003031449664,7470595713823408290,
7470652003031449664,7470595713823408291,
7470652003031449664,7470595713823408292,
7470652003031449664,7470595713823408293,
7470652003031449664,7470595713823408294,
7470652003031449664,7470595713823408295,
7470652003031449664,7470595713823408296,
7470652003031449664,7470595713823408297,
7470652003031449664,7470595713823408298,
7470652003031449664,7470595713823408299,
7470652003031449664,7470595713823408300,
7470652003031449664,7470595713823408301,
7470652003031449664,7470595713823408302,
7470652003031449664,7470595713823408303,
7470652003031449664,7470595713823408304,
7470652003031449664,7470595713823408305,
7470652003031449664,7470595713823408306,
7470652003031449664,7470595713823408307,
7470652003031449664,7470595713823408308,
7470652003031449664,7470595713823408309,
7470652003031449664,7470595713823408310,
7470652003031449664,7470595713823408311,
7470652003031449664,7470595713823408312,
7470652003031449664,7470595713823408313,
7470652003031449664,7470595713823408314,
7470652003031449664,7470595713823408315,
7470652003031449664,7470595713823408316,
7470652003031449664,7470595713823408317,
7470652003031449664,7470595713823408318,
7470652003031449664,7470595713823408319,
7470652003031449664,7470595713823408320,
7470652003031449664,7470595713823408321,
7470652003031449664,7470595713823408322,
7470652003031449664,7470595713823408323,
7470652003031449664,7470595713823408324,
7470652003031449664,7470595713823408325,
7470652003031449664,7470595713823408326,
7470652003031449664,7470595713823408327,
7470652003031449664,7470595713823408328,
7470652003031449664,7470595713823408329,
7470652003031449664,7470595713823408330,
7470652003031449664,7470595713823408331,
7470652003031449664,7470595713823408332,
7470652003031449664,7470595713823408333,
7470652003031449664,7470595713823408334,
7470652003031449664,7470595713823408335,
7470652003031449664,7470595713823408336,
7470652003031449664,7470595713823408337,
7470652003031449664,7470595713823408338,
7470652003031449664,7470595713823408339,
7470652003031449664,7470595713823408340,
7470652003031449664,7470595713823408341,
7470652003031449664,7470595713823408342,
7470652003031449664,7470595713823408343,
7470652003031449664,7470595713823408344,
7470652003031449664,7470595713823408345,
7470652003031449664,7470595713823408346,
7470652003031449664,7470595713823408347,
7470652003031449664,7470595713823408348,
7470652003031449664,7470595713823408349,
7470652003031449664,7470595713823408350,
7470652003031449664,7470595713823408351,
7470652003031449664,7470595713823408352,
7470652003031449664,7470595713823408353,
7470652003031449664,7470595713823408354,
7470652003031449664,7470595713823408355,
7470652003031449664,7470595713823408356,
7470652003031449664,7470595713827602495,
7470652003031449664,7470595713827602496,
7470652003031449664,7470595713827602497,
7470652003031449664,7470595713827602498,
7470652003031449664,7470595713827602499,
7470652003031449664,7470595713827602500,
7470652003031449664,7470595713827602501,
7470652003031449664,7470595713827602502,
7470652003031449664,7470595713827602503,
7470652003031449664,7470595713827602504,
7470652003031449664,7470595713827602505,
7470652003031449664,7470595713827602506,
7470652003031449664,7470595713827602507,
7470652003031449664,7470595713827602508,
7470652003031449664,7470595713827602541,
7470652003031449664,7470595713827602542,
7470652003031449664,7470595713827602543,
7470652003031449664,7470595713827602544,
7470652003031449664,7470595713827602545,
7470652003031449664,7470595713827602546,
7470652003031449664,7470595713827602547,
7470652003031449664,7470595713827602548,
7470652003031449664,7470595713827602549,
7470652003031449664,7470595713827602550,
7470652003031449664,7470595713827602551,
7470652003031449664,7470595713827602552,
7470652003031449664,7470595713827602553,
7470652003031449664,7470595713827602554,
7470652003031449664,7470595713827602555,
7470652003031449664,7470595713827602556,
7470652003031449664,7470595713827602557,
7470652003031449664,7470595713827602558,
7470652003031449664,7470595713827602559,
7470652003031449664,7470595713827602560,
7470652003031449664,7470595713827602561,
7470652003031449664,7470595713827602562,
7470652003031449664,7470595713827602563,
7470652003031449664,7470595713827602564,
7470652003031449664,7470595713827602565,
7470652003031449664,7470595713827602566,
7470652003031449664,7470595713827602567,
7470652003031449664,7470595713827602568,
7470652003031449664,7470595713827602569,
7470652003031449664,7470595713827602570,
7470652003031449664,7470595713827602571,
7470652003031449664,7470595713827602572,
7470652003031449664,7470595713827602573,
7470652003031449664,7470595713827602574,
7470652003031449664,7470595713827602575,
7470652003031449664,7470595713827602576,
7470652003031449664,7470595713827602577,
7470652003031449664,7470595713827602578,
7470652003031449664,7470595713827602579,
7470652003031449664,7470595713827602580,
7470652003031449664,7470595713827602581,
7470652003031449664,7470595713827602582,
7470652003031449664,7470595713827602583,
7470652003031449664,7470595713827602584,
7470652003031449664,7470595713827602585,
7470652003031449664,7470595713827602586,
7470652003031449664,7470595713827602587,
7470652003031449664,7470595713827602588,
7470652003031449664,7470595713827602589,
7470652003031449664,7470595713827602590,
7470652003031449664,7470595713827602591,
7470652003031449664,7470595713827602592,
7470652003031449664,7470595713827602593,
7470652003031449664,7470595713827602594,
7470652003031449664,7470595713827602595,
7470652003031449664,7470595713827602596,
7470652003031449664,7470595713827602597,
7470652003031449664,7470595713827602598,
7470652003031449664,7470595713827602599,
7470652003031449664,7470595713827602600,
7470652003031449664,7470595713827602601,
7470652003031449664,7470595713827602602,
7470652003031449664,7470595713827602603,
7470652003031449664,7470595713827602604,
7470652003031449664,7470595713827602605,
7470652003031449664,7470595713827602606,
7470652003031449664,7470595713827602607,
7470652003031449664,7470595713827602608,
7470652003031449664,7470595713827602609,
7470652003031449664,7470595713827602610,
7470652003031449664,7470595713827602611,
7470652003031449664,7470595713827602612,
7470652003031449664,7470595713827602613,
7470652003031449664,7471365838833156598,
7470652003031449664,7471365966118259154,
7470652003031449664,7471432654691983549,
7470652003031449664,7471432775346246629,
7470652003031449664,7471432873296877132,
7470652003031449664,7471433128746702049,
7470652003031449664,7471433242597604163,
7470652003031449664,7471433423501108008,
7470652003031449664,7471433508849970013,
7470652003031449664,7472120337124645472,
7470652003031449664,7472120337135948025,
7470652003031449664,7472120337160642756,
7470652003031449664,7472120337183601649,
7470652003031449664,7472120337221462934,
7470652003031449664,7472120337222245249,
7470652003031449664,7472120337223356244,
7470652003031449664,7472120337223683761,
7470652003031449664,7472120337224349974,
7470652003031449664,7472120337224475123,
7470652003031449664,7472313540452904154,
7470652003031449664,7472313540486167188,
7470652003031449664,7472313540487779443,
7470652003031449664,7472313540488366280,
7470652003031449664,7472313540489449225,
7470652003031449664,7472313540489909601,
7470652003031449664,7472313540490283801,
7470652003031449664,7472313540492462036,
7470652003031449664,7472313540492899777,
7470652003031449664,7472313540497048600,
7470652003031449664,7472313540509166936,
7470652003031449664,7472371116850365486,
7470652003031449664,7472371116856417101,
7470652003031449664,7472371116857780782,
7470652003031449664,7472371116867124392,
7470652003031449664,7472371116867142363,
7470652003031449664,7472371116867423470,
7470652003031449664,7472371116867560226,
7470652003031449664,7472371116871274999,
7470652003031449664,7472371116874886466,
7470652003031449664,7472762259828440923,
7470652003031449664,7472762259830416171,
7470652003031449664,7472762259831909286,
7470652003031449664,7472762259833203017,
7470652003031449664,7472762259836114015,
7470652003031449664,7472762259837801321,
7470652003031449664,7472762259852215915,
7470652003031449664,7472762259852651660,
7470652003031449664,7472762259852916937,
7470652003031449664,7472762259852951377,
7470652003031449664,7472815276464688933,
7470652003031449664,7472815276486722866,
7470652003031449664,7472815276494007494,
7470652003031449664,7472815276494672975,
7470652003031449664,7472815276494914904,
7470652003031449664,7472815276495291648,
7470652003031449664,7472815276495391190,
7470652003031449664,7472966923924471823,
7470652003031449664,7472966923931388490,
7470652003031449664,7472966923935449658,
7470652003031449664,7472966923941603032,
7470652003031449664,7472966923942981096,
7470652003031449664,7472966923944294766,
7470652003031449664,7472968447481681490,
7470652003031449664,7473049686409086699,
7470652003031449664,7473049686409430140,
7470652003031449664,7473049686410216561,
7470652003031449664,7473049686411025572,
7470652003031449664,7473049686411345324,
7470652003031449664,7473049686412339078,
7470652003031449664,7473049686412921532,
7470652003031449664,7473049686413358166,
7470652003031449664,7473049686413785552,
7470652003031449664,7473049686414254805,
7470652003031449664,7473049686423752941,
7470652003031449664,7473049686444274757,
7470652003031449664,7473049686445281556,
7470652003031449664,7473049686455423782,
7470652003031449664,7473049686464045469,
7470652003031449664,7473049686464448973,
7470652003031449664,7473049686465051787,
7470652003031449664,7473049686465634663,
7470652003031449664,7473049686466936391,
7470652003031449664,7473050929479936089,
7470652003031449664,7473208335348520267,
7470652003031449664,7473208335349202452,
7470652003031449664,7473208335358501158,
7470652003031449664,7473208335358654995,
7470652003031449664,7473208335361761821,
7470652003031449664,7473208335365422462,
7470652003031449664,7473208335365997602,
7470652003031449664,7473208335369303586,
7470652003031449664,7473208335375596733,
7470652003031449664,7473208335375893981,
7470652003031449664,7473208335376687260,
7470652003031449664,7473208335378740369,
7470652003031449664,7473208335378822627,
7470652003031449664,7473208335379131397,
7470652003031449664,7473208335379427837,
7470652003031449664,7473208335381105432,
7470652003031449664,7473208335382081606,
7470652003031449664,7473208335382122286,
7470652003031449664,7473208335382621370,
7470652003031449664,7473208335387652776,
7470652003031449664,7473208335388602866,
7470652003031449664,7473208335390147951,
7470652003031449664,7473208335390223724,
7470652003031449664,7473208335400995228,
7470652003031449664,7473208335401130746,
7470652003031449664,7473208335401217841,
7470652003031449664,7473208335401785425,
7470652003031449664,7473208335402366147,
7470652003031449664,7473208335402749684,
7470652003031449664,7473208335403390063,
7470652003031449664,7473208335404160090,
7470652003031449664,7473208335404359687,
7470652003031449664,7473208335404442732,
7470652003031449664,7473208335404717242,
7470652003031449664,7473208335404804420,
7470652003031449664,7473208335405050507,
7470652003031449664,7473208335405064787,
7470652003031449664,7473208335405103162,
7470652003031449664,7473208335405360403,
7470652003031449664,7473208335405481346,
7470652003031449664,7473208335406551499,
7470652003031449664,7473208335407176744,
7470652003031449664,7473208335407475328,
7470652003031449664,7473208335407496937,
7470652003031449664,7473208335407536115,
7470652003031449664,7473208335407551882,
7470652003031449664,7473208335407657223,
7470652003031449664,7473208335408451940,
7470652003031449664,7473208335410095815,
7470652003031449664,7473208335410332899,
7470652003031449664,7473208335410569781,
7470652003031449664,7473208335410612156,
7470652003031449664,7473208335410753629,
7470652003031449664,7473208335410767613,
7470652003031449664,7473208335410873753,
7470652003031449664,7473208335411244654,
7470652003031449664,7473208335411275884,
7470652003031449664,7473208335411702287,
7470652003031449664,7473208335414746788,
7470652003031449664,7473208335416146219,
7470652003031449664,7473208335420915993,
7470652003031449664,7473208335421493293,
7470652003031449664,7473208335423276103,
7470652003031449664,7473208335427285147,
7470652003031449664,7473208335427655733,
7470652003031449664,7473208335427714708,
7470652003031449664,7473208335428490334,
7470652003031449664,7473208335428817904,
7470652003031449664,7473208335428980064,
7470652003031449664,7473208335430018440,
7470652003031449665,7470595713823408357,
7470652003031449665,7470595713823408358,
7470652003031449665,7470595713823408359,
7470652003031449665,7470595713823408360,
7470652003031449665,7470595713823408361,
7470652003031449665,7470595713823408362,
7470652003031449665,7470595713823408363,
7470652003031449665,7470595713823408364,
7470652003031449665,7470595713823408365,
7470652003031449665,7470595713823408366,
7470652003031449665,7470595713823408367,
7470652003031449665,7470595713823408368,
7470652003031449665,7470595713823408369,
7470652003031449665,7470595713823408370,
7470652003031449665,7470595713823408371,
7470652003031449665,7470595713823408372,
7470652003031449665,7470595713823408373,
7470652003031449665,7470595713823408374,
7470652003031449665,7470595713823408375,
7470652003031449665,7470595713823408376,
7470652003031449665,7470595713823408377,
7470652003031449665,7470595713823408378,
7470652003031449665,7470595713823408379,
7470652003031449665,7470595713823408380,
7470652003031449665,7470595713823408381,
7470652003031449665,7470595713823408382,
7470652003031449665,7470595713823408383,
7470652003031449665,7470595713823408384,
7470652003031449665,7470595713823408385,
7470652003031449665,7470595713823408386,
7470652003031449665,7470595713823408387,
7470652003031449665,7470595713823408388,
7470652003031449665,7470595713823408389,
7470652003031449665,7470595713823408390,
7470652003031449665,7470595713823408391,
7470652003031449665,7470595713823408392,
7470652003031449665,7470595713823408393,
7470652003031449665,7470595713823408394,
7470652003031449665,7470595713823408395,
7470652003031449665,7470595713823408396,
7470652003031449665,7470595713823408397,
7470652003031449665,7470595713823408398,
7470652003031449665,7470595713823408399,
7470652003031449665,7470595713823408400,
7470652003031449665,7470595713823408401,
7470652003031449665,7470595713823408402,
7470652003031449665,7470595713823408403,
7470652003031449665,7470595713823408404,
7470652003031449665,7470595713823408405,
7470652003031449665,7470595713823408406,
7470652003031449665,7470595713823408407,
7470652003031449665,7470595713823408408,
7470652003031449665,7470595713823408409,
7470652003031449665,7470595713823408410,
7470652003031449665,7470595713823408411,
7470652003031449665,7470595713823408412,
7470652003031449665,7470595713823408413,
7470652003031449665,7470595713823408414,
7470652003031449665,7470595713823408415,
7470652003031449665,7470595713823408416,
7470652003031449665,7470595713823408417,
7470652003031449665,7470595713823408418,
7470652003031449665,7470595713823408419,
7470652003031449665,7470595713823408420,
7470652003031449665,7470595713823408421,
7470652003031449665,7470595713823408422,
7470652003031449665,7470595713823408423,
7470652003031449665,7470595713823408424,
7470652003031449665,7470595713823408425,
7470652003031449665,7470595713823408426,
7470652003031449665,7470595713823408427,
7470652003031449665,7470595713823408428,
7470652003031449665,7470595713823408429,
7470652003031449665,7470595713823408430,
7470652003031449665,7470595713827602432,
7470652003031449665,7470595713827602433,
7470652003031449665,7470595713827602434,
7470652003031449665,7470595713827602435,
7470652003031449665,7470595713827602436,
7470652003031449665,7470595713827602437,
7470652003031449665,7470595713827602438,
7470652003031449665,7470595713827602439,
7470652003031449665,7470595713827602440,
7470652003031449665,7470595713827602441,
7470652003031449665,7470595713827602442,
7470652003031449665,7470595713827602443,
7470652003031449665,7470595713827602444,
7470652003031449665,7470595713827602445,
7470652003031449665,7470595713827602446,
7470652003031449665,7470595713827602447,
7470652003031449665,7470595713827602448,
7470652003031449665,7470595713827602449,
7470652003031449665,7470595713827602450,
7470652003031449665,7470595713827602451,
7470652003031449665,7470595713827602452,
7470652003031449665,7470595713827602453,
7470652003031449665,7470595713827602454,
7470652003031449665,7470595713827602455,
7470652003031449665,7470595713827602456,
7470652003031449665,7470595713827602457,
7470652003031449665,7470595713827602458,
7470652003031449665,7470595713827602459,
7470652003031449665,7470595713827602460,
7470652003031449665,7470595713827602461,
7470652003031449665,7470595713827602462,
7470652003031449665,7470595713827602463,
7470652003031449665,7470595713827602464,
7470652003031449665,7470595713827602465,
7470652003031449665,7470595713827602466,
7470652003031449665,7470595713827602467,
7470652003031449665,7470595713827602468,
7470652003031449665,7470595713827602469,
7470652003031449665,7470595713827602470,
7470652003031449665,7470595713827602471,
7470652003031449665,7470595713827602472,
7470652003031449665,7470595713827602473,
7470652003031449665,7470595713827602474,
7470652003031449665,7470595713827602475,
7470652003031449665,7470595713827602476,
7470652003031449665,7470595713827602477,
7470652003031449665,7470595713827602478,
7470652003031449665,7470595713827602479,
7470652003031449665,7470595713827602480,
7470652003031449665,7470595713827602481,
7470652003031449665,7470595713827602482,
7470652003031449665,7470595713827602483,
7470652003031449665,7470595713827602484,
7470652003031449665,7470595713827602485,
7470652003031449665,7470595713827602486,
7470652003031449665,7470595713827602487,
7470652003031449665,7470595713827602488,
7470652003031449665,7470595713827602489,
7470652003031449665,7470595713827602490,
7470652003031449665,7470595713827602491,
7470652003031449665,7470595713827602492,
7470652003031449665,7470595713827602493,
7470652003031449665,7470595713827602494,
7470652003031449665,7471613703682428049,
7470652003031449665,7471613740244580455,
7470652003031449665,7471613782532631475,
7470652003031449665,7471613836325844215,
7470652003031449665,7471613872712509085,
7470652003031449665,7471613906339198378,
7470652003031449665,7471613984512753741,
7470652003031449665,7471614034160672693,
7470652003031449665,7471614069652667199,
7470652003031449665,7471614117458839873,
7470652003031449665,7471614148735913680,
7470652003031449665,7471614179562913847,
7470652003031449665,7471645621668387857,
7470652003031449665,7471645666140645720,
7470652003031449665,7472313540471775240,
7470652003031449665,7472371116867935950,
7470652003031449665,7472371116868715599,
7470652003031449665,7472371116870360615,
7470652003031449665,7472371116870565516,
7470652003031449665,7472371116893978968,
7470652003031449665,7472371116895578964,
7470652003031449665,7472371116899383826,
7470652003031449665,7472762259828755761,
7470652003031449665,7472762259830030882,
7470652003031449665,7472762259830660867,
7470652003031449665,7472762259831218997,
7470652003031449665,7472762259837117400,
7470652003031449665,7472762259839752358,
7470652003031449665,7472762259839957279,
7470652003031449665,7472815276471567857,
7470652003031449665,7472815276471885853,
7470652003031449665,7472815276485710842,
7470652003031449665,7472966923900563438,
7470652003031449665,7472966923902226589,
7470652003031449665,7472966923902810422,
7470652003031449665,7472966923942367825,
7470652003031449665,7472966923942945969,
7470652003031449665,7472966923944562063,
7470652003031449665,7472968447457125719,
7470652003031449665,7472968447462826232,
7470652003031449665,7472968447469875941,
7470652003031449665,7473208335368286921,
7470652003031449665,7473208335370161307,
7470652003031449665,7473208335404198513,
7470652003031449665,7473208335404756182,
7470652003031449665,7473208335405824384,
7470652003031449665,7473208335406135380,
7470652003031449665,7473208335406542630,
7470652003031449665,7473208335406720879,
7470652003031449665,7473208335407692364,
7470652003031449666,7470595713827602509,
7470652003031449666,7470595713827602510,
7470652003031449666,7470595713827602511,
7470652003031449666,7470595713827602512,
7470652003031449666,7470595713827602513,
7470652003031449666,7470595713827602514,
7470652003031449666,7470595713827602515,
7470652003031449666,7470595713827602516,
7470652003031449666,7470595713827602517,
7470652003031449666,7470595713827602518,
7470652003031449666,7470595713827602519,
7470652003031449666,7470595713827602520,
7470652003031449666,7470595713827602521,
7470652003031449666,7470595713827602522,
7470652003031449666,7470595713827602523,
7470652003031449666,7470595713827602524,
7470652003031449666,7470595713827602525,
7470652003031449666,7470595713827602526,
7470652003031449666,7470595713827602527,
7470652003031449666,7470595713827602528,
7470652003031449666,7470595713827602529,
7470652003031449666,7470595713827602530,
7470652003031449666,7470595713827602531,
7470652003031449666,7470595713827602532,
7470652003031449666,7470595713827602533,
7470652003031449666,7470595713827602534,
7470652003031449666,7470595713827602535,
7470652003031449666,7470595713827602536,
7470652003031449666,7470595713827602537,
7470652003031449666,7470595713827602538,
7470652003031449666,7470595713827602539,
7470652003031449666,7470595713827602540,
7470652003031449666,7471612608835628896,
7470652003031449666,7471642451622154810,
7470652003031449666,7472120337205367793,
7470652003031449666,7472120337206033950,
7470652003031449666,7472762259832841110,
7470652003031449666,7472762259836277913,
7470652003031449666,7472762259836329895,
7470652003031449666,7472762259836363590,
7470652003031449666,7472815276466521403,
7470652003031449666,7472966923926351148,
7470652003031449666,7472966923926806941,
7470652003031449666,7472966923951834802,
7470652003031449666,7473208335347865834,
7470652003031449666,7473208335375587446,
7470652003031449666,7473208335376430942,
7470652003031449666,7473208335376810239,
7470652003031449666,7473208335378027829,
7470652003031449667,7470595713672413340,
7470652003031449667,7470595713672413341,
7470652003031449667,7470595713676607674,
7470652003031449667,7470595713819213997,
7470652003031449667,7470595713819213998,
7470652003031449667,7470595713819213999,
7470652003031449667,7470595713819214000,
7470652003031449667,7470595713819214001,
7470652003031449667,7470595713819214002,
7470652003031449667,7470595713819214003,
7470652003031449667,7470595713819214004,
7470652003031449667,7470595713819214005,
7470652003031449667,7470595713819214006,
7470652003031449667,7470595713819214007,
7470652003031449667,7470595713819214008,
7470652003031449667,7470595713819214009,
7470652003031449667,7470595713819214010,
7470652003031449667,7470595713819214011,
7470652003031449667,7470595713819214012,
7470652003031449667,7470595713819214013,
7470652003031449667,7470595713819214014,
7470652003031449667,7470595713819214015,
7470652003031449667,7470595713819214016,
7470652003031449667,7470595713819214017,
7470652003031449667,7470595713819214018,
7470652003031449667,7470595713819214019,
7470652003031449667,7470595713819214020,
7470652003031449667,7470595713819214021,
7470652003031449667,7470595713819214022,
7470652003031449667,7470595713819214023,
7470652003031449667,7470595713819214024,
7470652003031449667,7470595713819214025,
7470652003031449667,7470595713819214026,
7470652003031449667,7470595713819214027,
7470652003031449667,7470595713819214028,
7470652003031449667,7470595713819214029,
7470652003031449667,7470595713819214030,
7470652003031449667,7470595713819214031,
7470652003031449667,7470595713819214032,
7470652003031449667,7470595713819214033,
7470652003031449667,7470595713819214034,
7470652003031449667,7470595713819214035,
7470652003031449667,7470595713819214036,
7470652003031449667,7470595713819214037,
7470652003031449667,7470595713819214038,
7470652003031449667,7470595713819214039,
7470652003031449667,7470595713819214040,
7470652003031449667,7470595713819214041,
7470652003031449667,7470595713819214042,
7470652003031449667,7470595713819214043,
7470652003031449667,7470595713819214044,
7470652003031449667,7470595713819214045,
7470652003031449667,7470595713819214046,
7470652003031449667,7470595713819214047,
7470652003031449667,7470595713819214048,
7470652003031449667,7470595713819214049,
7470652003031449667,7470595713819214050,
7470652003031449667,7470595713819214051,
7470652003031449667,7470595713819214052,
7470652003031449667,7470595713819214053,
7470652003031449667,7470595713819214054,
7470652003031449667,7470595713819214055,
7470652003031449667,7470595713819214056,
7470652003031449667,7470595713819214057,
7470652003031449667,7470595713819214058,
7470652003031449667,7470595713819214059,
7470652003031449667,7470595713819214060,
7470652003031449667,7470595713819214061,
7470652003031449667,7470595713819214062,
7470652003031449667,7470595713819214063,
7470652003031449667,7470595713819214064,
7470652003031449667,7470595713819214065,
7470652003031449667,7470595713819214066,
7470652003031449667,7470595713819214067,
7470652003031449667,7470595713819214068,
7470652003031449667,7470595713819214069,
7470652003031449667,7470595713819214070,
7470652003031449667,7470595713819214071,
7470652003031449667,7470595713819214072,
7470652003031449667,7470595713819214073,
7470652003031449667,7470595713819214074,
7470652003031449667,7470595713819214075,
7470652003031449667,7470595713819214076,
7470652003031449667,7470595713819214077,
7470652003031449667,7470595713819214078,
7470652003031449667,7470595713819214079,
7470652003031449667,7470595713819214080,
7470652003031449667,7470595713819214081,
7470652003031449667,7470595713819214082,
7470652003031449667,7470595713819214083,
7470652003031449667,7470595713819214084,
7470652003031449667,7470595713819214085,
7470652003031449667,7470595713819214086,
7470652003031449667,7470595713819214087,
7470652003031449667,7470595713819214088,
7470652003031449667,7470595713819214089,
7470652003031449667,7470595713819214090,
7470652003031449667,7470595713819214091,
7470652003031449667,7470595713819214092,
7470652003031449667,7470595713819214093,
7470652003031449667,7470595713819214094,
7470652003031449667,7470595713819214095,
7470652003031449667,7470595713819214096,
7470652003031449667,7470595713819214097,
7470652003031449667,7470595713819214098,
7470652003031449667,7470595713819214099,
7470652003031449667,7470595713819214100,
7470652003031449667,7470595713823408128,
7470652003031449667,7470595713823408129,
7470652003031449667,7470595713823408130,
7470652003031449667,7470595713823408131,
7470652003031449667,7470595713823408132,
7470652003031449667,7470595713823408133,
7470652003031449667,7470595713823408134,
7470652003031449667,7470595713823408135,
7470652003031449667,7470595713823408136,
7470652003031449667,7470595713823408137,
7470652003031449667,7470595713823408138,
7470652003031449667,7471615778800203315,
7470652003031449667,7471615817312411874,
7470652003031449667,7471615969106959749,
7470652003031449667,7471616017277443712,
7470652003031449667,7471643319293899869,
7470652003031449667,7471643343807202173,
7470652003031449667,7471643359844733072,
7470652003031449667,7471643408354396326,
7470652003031449667,7471643427043805797,
7470652003031449667,7472120337111027646,
7470652003031449667,7472120337115495797,
7470652003031449667,7472120337134121300,
7470652003031449667,7472120337134563778,
7470652003031449667,7472120337135434338,
7470652003031449667,7472313540469647167,
7470652003031449667,7472313540472702603,
7470652003031449667,7472313540473755523,
7470652003031449667,7472313540474168488,
7470652003031449667,7472313540507177908,
7470652003031449667,7472313540507415890,
7470652003031449667,7472313540507501963,
7470652003031449667,7472313540507874162,
7470652003031449667,7472313540508377277,
7470652003031449667,7472313540508451663,
7470652003031449667,7472313540508478893,
7470652003031449667,7472313540508993210,
7470652003031449667,7472313540509328423,
7470652003031449667,7472313540512303347,
7470652003031449667,7472313540515294493,
7470652003031449667,7472313540516057479,
7470652003031449667,7472313540517923156,
7470652003031449667,7472313540518278165,
7470652003031449667,7472313540518508161,
7470652003031449667,7472313540520552547,
7470652003031449667,7472313540520639031,
7470652003031449667,7472313540521261455,
7470652003031449667,7472313540521584616,
7470652003031449667,7472313540522917497,
7470652003031449667,7472313540523172184,
7470652003031449667,7472313540523271682,
7470652003031449667,7472313540523422506,
7470652003031449667,7472313540524825210,
7470652003031449667,7472313540526746233,
7470652003031449667,7472371116897190320,
7470652003031449667,7472371116897819521,
7470652003031449667,7472371116898710073,
7470652003031449667,7472762259834196211,
7470652003031449667,7472815276466249246,
7470652003031449667,7472815276477637785,
7470652003031449667,7472815276478891839,
7470652003031449667,7472815276504808326,
7470652003031449667,7473049686468079113,
7470652003031449667,7473208335387361464,
7470652003031449667,7473208335387507997,
7470652003031449667,7473208335388706832,
7470652003031449667,7473208335389181605,
7470652003031449667,7473208335389303254,
7470652003031449667,7473208335389321672,
7470652003031449667,7473208335389783596,
7470652003031449667,7473208335390179345,
7470652003031449667,7473208335391255939,
7470652003031449668,7470595713739522089,
7470652003031449668,7470595713739522090,
7470652003031449668,7470595713739522091,
7470652003031449668,7470595713739522092,
7470652003031449668,7470595713739522093,
7470652003031449668,7470595713739522094,
7470652003031449668,7470595713739522095,
7470652003031449668,7470595713739522096,
7470652003031449668,7470595713739522097,
7470652003031449668,7470595713739522098,
7470652003031449668,7470595713739522099,
7470652003031449668,7470595713739522100,
7470652003031449668,7470595713739522101,
7470652003031449668,7470595713739522102,
7470652003031449668,7470595713739522103,
7470652003031449668,7470595713739522104,
7470652003031449668,7470595713739522105,
7470652003031449668,7470595713739522106,
7470652003031449668,7470595713739522107,
7470652003031449668,7470595713739522108,
7470652003031449668,7470595713739522109,
7470652003031449668,7470595713739522110,
7470652003031449668,7470595713739522111,
7470652003031449668,7470595713739522112,
7470652003031449668,7470595713739522113,
7470652003031449668,7470595713739522114,
7470652003031449668,7470595713739522115,
7470652003031449668,7470595713739522116,
7470652003031449668,7470595713739522117,
7470652003031449668,7470595713739522118,
7470652003031449668,7470595713739522119,
7470652003031449668,7470595713739522120,
7470652003031449668,7470595713739522121,
7470652003031449668,7470595713739522122,
7470652003031449668,7470595713739522123,
7470652003031449668,7470595713739522124,
7470652003031449668,7470595713739522125,
7470652003031449668,7470595713739522126,
7470652003031449668,7470595713739522127,
7470652003031449668,7470595713739522128,
7470652003031449668,7470595713739522129,
7470652003031449668,7470595713739522130,
7470652003031449668,7470595713739522131,
7470652003031449668,7470595713739522132,
7470652003031449668,7470595713739522133,
7470652003031449668,7470595713739522134,
7470652003031449668,7470595713739522135,
7470652003031449668,7470595713739522136,
7470652003031449668,7470595713739522137,
7470652003031449668,7470595713739522138,
7470652003031449668,7470595713739522139,
7470652003031449668,7470595713739522140,
7470652003031449668,7470595713739522141,
7470652003031449668,7470595713739522142,
7470652003031449668,7470595713739522143,
7470652003031449668,7470595713739522144,
7470652003031449668,7470595713739522145,
7470652003031449668,7470595713739522146,
7470652003031449668,7470595713739522147,
7470652003031449668,7470595713739522148,
7470652003031449668,7470595713739522149,
7470652003031449668,7470595713739522150,
7470652003031449668,7470595713739522151,
7470652003031449668,7470595713739522152,
7470652003031449668,7470595713739522153,
7470652003031449668,7470595713739522154,
7470652003031449668,7470595713739522155,
7470652003031449668,7470595713739522156,
7470652003031449668,7470595713739522157,
7470652003031449668,7470595713739522158,
7470652003031449668,7470595713739522159,
7470652003031449668,7470595713739522160,
7470652003031449668,7470595713739522161,
7470652003031449668,7470595713739522162,
7470652003031449668,7470595713739522163,
7470652003031449668,7472313540448687831,
7470652003031449668,7472371116875468914,
7470652003031449668,7472374827682487125,
7470652003031449668,7472762259837603180,
7470652003031449668,7472762259839434746,
7470652003031449668,7473049686417384071,
7470652003031449668,7473049686417966383,
7470652003031449668,7473049686418043484,
7470652003031449668,7473049686418331501,
7470652003031449668,7473049686418361522,
7470652003031449668,7473049686418685727,
7470652003031449668,7473049686419468864,
7470652003031449668,7473049686420678542,
7470652003031449668,7473049686421118364,
7470652003031449669,7470595713731133714,
7470652003031449669,7470595713731133715,
7470652003031449669,7470595713731133716,
7470652003031449669,7470595713731133717,
7470652003031449669,7470595713735327744,
7470652003031449669,7470595713735327745,
7470652003031449669,7470595713735327746,
7470652003031449669,7470595713735327747,
7470652003031449669,7470595713735327748,
7470652003031449669,7470595713735327749,
7470652003031449669,7470595713735327750,
7470652003031449669,7470595713735327751,
7470652003031449669,7470595713735327752,
7470652003031449669,7470595713735327753,
7470652003031449669,7470595713735327754,
7470652003031449669,7470595713735327755,
7470652003031449669,7470595713735327756,
7470652003031449669,7470595713735327840,
7470652003031449669,7470595713735327841,
7470652003031449669,7470595713735327842,
7470652003031449669,7470595713735327843,
7470652003031449669,7470595713735327844,
7470652003031449669,7470595713735327845,
7470652003031449669,7470595713735327846,
7470652003031449669,7470595713735327847,
7470652003031449669,7470595713735327848,
7470652003031449669,7470595713735327849,
7470652003031449669,7470595713735327850,
7470652003031449669,7470595713735327851,
7470652003031449669,7470595713735327852,
7470652003031449669,7470595713735327853,
7470652003031449669,7470595713735327854,
7470652003031449669,7470595713735327855,
7470652003031449669,7470595713735327856,
7470652003031449669,7470595713735327857,
7470652003031449669,7470595713735327858,
7470652003031449669,7470595713735327859,
7470652003031449669,7470595713735327860,
7470652003031449669,7470595713735327861,
7470652003031449669,7470595713735327862,
7470652003031449669,7470595713735327863,
7470652003031449669,7470595713735327864,
7470652003031449669,7470595713735327865,
7470652003031449669,7470595713735327866,
7470652003031449669,7470595713735327867,
7470652003031449669,7470595713735327868,
7470652003031449669,7470595713735327869,
7470652003031449669,7470595713735327870,
7470652003031449669,7470595713735327871,
7470652003031449669,7470595713735327872,
7470652003031449669,7470595713735327873,
7470652003031449669,7470595713735327874,
7470652003031449669,7470595713735327875,
7470652003031449669,7470595713735327876,
7470652003031449669,7470595713735327877,
7470652003031449669,7470595713735327878,
7470652003031449669,7470595713735327879,
7470652003031449669,7470595713735327880,
7470652003031449669,7470595713735327881,
7470652003031449669,7470595713735327882,
7470652003031449669,7470595713735327883,
7470652003031449669,7470595713735327884,
7470652003031449669,7470595713735327885,
7470652003031449669,7470595713735327886,
7470652003031449669,7470595713735327887,
7470652003031449669,7470595713735327888,
7470652003031449669,7470595713735327889,
7470652003031449669,7470595713735327890,
7470652003031449669,7470595713735327891,
7470652003031449669,7470595713735327892,
7470652003031449669,7470595713735327893,
7470652003031449669,7470595713735327894,
7470652003031449669,7470595713735327895,
7470652003031449669,7470595713735327896,
7470652003031449669,7470595713735327897,
7470652003031449669,7470595713735327898,
7470652003031449669,7470595713735327899,
7470652003031449669,7470595713735327900,
7470652003031449669,7470595713735327901,
7470652003031449669,7470595713735327902,
7470652003031449669,7470595713735327903,
7470652003031449669,7470595713735327904,
7470652003031449669,7470595713735327905,
7470652003031449669,7470595713735327906,
7470652003031449669,7470595713735327907,
7470652003031449669,7470595713735327908,
7470652003031449669,7470595713735327909,
7470652003031449669,7470595713735327910,
7470652003031449669,7470595713735327911,
7470652003031449669,7470595713735327912,
7470652003031449669,7470595713735327913,
7470652003031449669,7470595713735327914,
7470652003031449669,7470595713735327915,
7470652003031449669,7470595713735327916,
7470652003031449669,7470595713735327917,
7470652003031449669,7470595713735327918,
7470652003031449669,7470595713735327919,
7470652003031449669,7470595713735327920,
7470652003031449669,7470595713735327921,
7470652003031449669,7470595713735327922,
7470652003031449669,7470595713735327923,
7470652003031449669,7470595713735327924,
7470652003031449669,7470595713735327926,
7470652003031449669,7470595713735327927,
7470652003031449669,7470595713735327928,
7470652003031449669,7470595713735327929,
7470652003031449669,7470595713735327930,
7470652003031449669,7470595713735327931,
7470652003031449669,7470595713735327932,
7470652003031449669,7470595713735327933,
7470652003031449669,7470595713735327934,
7470652003031449669,7470595713735327935,
7470652003031449669,7470595713735327936,
7470652003031449669,7470595713735327937,
7470652003031449669,7470595713735327938,
7470652003031449669,7470595713735327939,
7470652003031449669,7470595713735327940,
7470652003031449669,7470595713735327941,
7470652003031449669,7470595713735327942,
7470652003031449669,7470595713735327971,
7470652003031449669,7470595713735327972,
7470652003031449669,7470595713735327973,
7470652003031449669,7470595713735327974,
7470652003031449669,7470595713735327975,
7470652003031449669,7470595713735327976,
7470652003031449669,7470595713735327977,
7470652003031449669,7470595713735327978,
7470652003031449669,7470595713735327979,
7470652003031449669,7470595713735327980,
7470652003031449669,7470595713735327981,
7470652003031449669,7470595713735327982,
7470652003031449669,7470595713735327983,
7470652003031449669,7470595713735327984,
7470652003031449669,7470595713735327985,
7470652003031449669,7470595713735327986,
7470652003031449669,7470595713735327987,
7470652003031449669,7470595713735327988,
7470652003031449669,7470595713735327989,
7470652003031449669,7470595713735327990,
7470652003031449669,7470595713735327991,
7470652003031449669,7470595713735327992,
7470652003031449669,7470595713735327993,
7470652003031449669,7470595713735327994,
7470652003031449669,7470595713735327995,
7470652003031449669,7470595713735327996,
7470652003031449669,7470595713735327997,
7470652003031449669,7470595713735327998,
7470652003031449669,7470595713735327999,
7470652003031449669,7470595713735328000,
7470652003031449669,7470595713735328001,
7470652003031449669,7470595713735328002,
7470652003031449669,7470595713735328003,
7470652003031449669,7470595713735328004,
7470652003031449669,7470595713735328005,
7470652003031449669,7470595713735328006,
7470652003031449669,7470595713735328007,
7470652003031449669,7470595713735328008,
7470652003031449669,7470595713735328009,
7470652003031449669,7470595713735328010,
7470652003031449669,7470595713735328011,
7470652003031449669,7470595713735328012,
7470652003031449669,7470595713735328013,
7470652003031449669,7470595713735328014,
7470652003031449669,7470595713735328015,
7470652003031449669,7470595713735328016,
7470652003031449669,7470595713735328017,
7470652003031449669,7470595713735328018,
7470652003031449669,7470595713735328019,
7470652003031449669,7470595713735328020,
7470652003031449669,7470595713735328021,
7470652003031449669,7470595713735328022,
7470652003031449669,7470595713735328023,
7470652003031449669,7470595713735328024,
7470652003031449669,7470595713735328025,
7470652003031449669,7470595713735328026,
7470652003031449669,7470595713735328027,
7470652003031449669,7470595713735328028,
7470652003031449669,7470595713735328029,
7470652003031449669,7470595713735328030,
7470652003031449669,7470595713735328031,
7470652003031449669,7470595713735328032,
7470652003031449669,7470595713735328033,
7470652003031449669,7470595713735328034,
7470652003031449669,7470595713735328035,
7470652003031449669,7470595713735328036,
7470652003031449669,7470595713739522048,
7470652003031449669,7470595713739522049,
7470652003031449669,7470595713739522050,
7470652003031449669,7470595713739522051,
7470652003031449669,7470595713739522052,
7470652003031449669,7470595713739522053,
7470652003031449669,7470595713739522054,
7470652003031449669,7470595713739522055,
7470652003031449669,7470595713739522056,
7470652003031449669,7470595713739522057,
7470652003031449669,7470595713739522058,
7470652003031449669,7470595713739522059,
7470652003031449669,7470595713739522060,
7470652003031449669,7470595713739522070,
7470652003031449669,7470595713739522071,
7470652003031449669,7470595713739522072,
7470652003031449669,7470595713739522073,
7470652003031449669,7470595713739522074,
7470652003031449669,7470595713739522075,
7470652003031449669,7470595713739522076,
7470652003031449669,7470595713739522077,
7470652003031449669,7470595713739522078,
7470652003031449669,7470595713739522079,
7470652003031449669,7470595713739522080,
7470652003031449669,7470595713739522081,
7470652003031449669,7470595713739522082,
7470652003031449669,7470595713739522083,
7470652003031449669,7470595713739522084,
7470652003031449669,7470595713739522085,
7470652003031449669,7470595713739522086,
7470652003031449669,7470595713739522087,
7470652003031449669,7470595713739522088,
7470652003031449669,7470595713760493678,
7470652003031449669,7470595713760493679,
7470652003031449669,7471431821583111866,
7470652003031449669,7471431937289552485,
7470652003031449669,7471494097158569506,
7470652003031449669,7471494154177565245,
7470652003031449669,7471600727631728806,
7470652003031449669,7471604159892636199,
7470652003031449669,7471604392727398238,
7470652003031449669,7471611448804946813,
7470652003031449669,7471640492313818043,
7470652003031449669,7471647223439979677,
7470652003031449669,7472120337122951845,
7470652003031449669,7472120337123251952,
7470652003031449669,7472120337173609888,
7470652003031449669,7472120337174528581,
7470652003031449669,7472120337174536875,
7470652003031449669,7472120337176254439,
7470652003031449669,7472120337176993317,
7470652003031449669,7472120337188193130,
7470652003031449669,7472120337191815675,
7470652003031449669,7472120337193955241,
7470652003031449669,7472120337195332296,
7470652003031449669,7472120337212583160,
7470652003031449669,7472313540473521785,
7470652003031449669,7472313540474579779,
7470652003031449669,7472313540476650441,
7470652003031449669,7472313540476753185,
7470652003031449669,7472313540483761865,
7470652003031449669,7472313540484007999,
7470652003031449669,7472313540484184258,
7470652003031449669,7472313540484630558,
7470652003031449669,7472313540486701871,
7470652003031449669,7472313540487337510,
7470652003031449669,7472313540502217194,
7470652003031449669,7472313540515563200,
7470652003031449669,7472313540521113656,
7470652003031449669,7472371116905642542,
7470652003031449669,7472371116910023594,
7470652003031449669,7472371116911756052,
7470652003031449669,7472762259839830981,
7470652003031449669,7472762259840154566,
7470652003031449669,7472762259842757553,
7470652003031449669,7472762259842883409,
7470652003031449669,7472762259843355411,
7470652003031449669,7472966923924665269,
7470652003031449669,7472966923924876667,
7470652003031449669,7473208335343662428,
7470652003031449669,7473208335412638770,
7470652003031449669,7473208335418314996,
7470652003031449670,7470595713735327925,
7470652003031449670,7470595713735327943,
7470652003031449670,7470595713735327944,
7470652003031449670,7470595713735327945,
7470652003031449670,7470595713735327946,
7470652003031449670,7470595713735327947,
7470652003031449670,7470595713735327948,
7470652003031449670,7470595713735327949,
7470652003031449670,7470595713735327950,
7470652003031449670,7470595713735327951,
7470652003031449670,7470595713735327952,
7470652003031449670,7470595713735327953,
7470652003031449670,7470595713735327954,
7470652003031449670,7470595713735327955,
7470652003031449670,7470595713735327956,
7470652003031449670,7470595713735327957,
7470652003031449670,7470595713735327958,
7470652003031449670,7470595713735327959,
7470652003031449670,7470595713735327960,
7470652003031449670,7470595713735327961,
7470652003031449670,7470595713735327962,
7470652003031449670,7470595713735327963,
7470652003031449670,7470595713735327964,
7470652003031449670,7470595713735327965,
7470652003031449670,7470595713735327966,
7470652003031449670,7470595713735327967,
7470652003031449670,7470595713735327968,
7470652003031449670,7470595713735327969,
7470652003031449670,7470595713735327970,
7470652003031449670,7470595713806631185,
7470652003031449670,7470595713806631191,
7470652003031449670,7470595713810825400,
7470652003031449670,7471645073317762761,
7470652003031449670,7472120337208358241,
7470652003031449670,7472120337211334271,
7470652003031449670,7472120337211478052,
7470652003031449670,7472313540520700420,
7470652003031449670,7472815276465016190,
7470652003031449670,7472815276466518044,
7470652003031449670,7472815276467270767,
7470652003031449670,7472966923934349249,
7470652003031449670,7472966923937555781,
7470652003031449670,7472966923938016759,
7470652003031449670,7472966923938086668,
7470652003031449670,7472966923938420087,
7470652003031449670,7472966923938993150,
7470652003031449670,7472966923939125606,
7470652003031449670,7472966923939660122,
7470652003031449670,7472966923939763931,
7470652003031449670,7472966923940022380,
7470652003031449670,7472966923940554656,
7470652003031449670,7472966923940695944,
7470652003031449670,7472966923940898516,
7470652003031449670,7473049686409524563,
7470652003031449670,7473049686410540173,
7470652003031449670,7473049686410633022,
7470652003031449670,7473049686412668545,
7470652003031449670,7473208335287018191,
7470652003031449670,7473208335419531955,
7470652003031449671,7470595713739522061,
7470652003031449671,7470595713739522062,
7470652003031449671,7470595713739522063,
7470652003031449671,7470595713739522064,
7470652003031449671,7470595713739522065,
7470652003031449671,7470595713739522066,
7470652003031449671,7470595713739522067,
7470652003031449671,7470595713739522068,
7470652003031449671,7470595713739522069,
7470652003031449672,7470595713735327757,
7470652003031449672,7470595713735327758,
7470652003031449672,7470595713735327759,
7470652003031449672,7470595713735327760,
7470652003031449672,7470595713735327761,
7470652003031449672,7470595713735327762,
7470652003031449672,7470595713735327763,
7470652003031449672,7470595713735327764,
7470652003031449672,7470595713735327765,
7470652003031449672,7470595713735327766,
7470652003031449672,7470595713735327767,
7470652003031449672,7470595713735327768,
7470652003031449672,7470595713735327769,
7470652003031449672,7470595713735327770,
7470652003031449672,7470595713735327771,
7470652003031449672,7470595713735327772,
7470652003031449672,7470595713735327773,
7470652003031449672,7470595713735327774,
7470652003031449672,7470595713735327775,
7470652003031449672,7470595713735327776,
7470652003031449672,7470595713735327777,
7470652003031449672,7470595713735327778,
7470652003031449672,7470595713735327779,
7470652003031449672,7470595713735327780,
7470652003031449672,7470595713735327781,
7470652003031449672,7470595713735327782,
7470652003031449672,7470595713735327783,
7470652003031449672,7470595713735327784,
7470652003031449672,7470595713735327785,
7470652003031449672,7470595713735327786,
7470652003031449672,7470595713735327787,
7470652003031449672,7470595713735327788,
7470652003031449672,7470595713735327789,
7470652003031449672,7470595713735327790,
7470652003031449672,7470595713735327791,
7470652003031449672,7470595713735327792,
7470652003031449672,7470595713735327793,
7470652003031449672,7470595713735327794,
7470652003031449672,7470595713735327795,
7470652003031449672,7470595713735327796,
7470652003031449672,7470595713735327797,
7470652003031449672,7470595713735327798,
7470652003031449672,7470595713735327799,
7470652003031449672,7470595713735327800,
7470652003031449672,7470595713735327801,
7470652003031449672,7470595713735327802,
7470652003031449672,7470595713735327803,
7470652003031449672,7470595713735327804,
7470652003031449672,7470595713735327805,
7470652003031449672,7470595713735327806,
7470652003031449672,7470595713735327807,
7470652003031449672,7470595713735327808,
7470652003031449672,7470595713735327809,
7470652003031449672,7470595713735327810,
7470652003031449672,7470595713735327811,
7470652003031449672,7470595713735327812,
7470652003031449672,7470595713735327813,
7470652003031449672,7470595713735327814,
7470652003031449672,7470595713735327815,
7470652003031449672,7470595713735327816,
7470652003031449672,7470595713735327817,
7470652003031449672,7470595713735327818,
7470652003031449672,7470595713735327819,
7470652003031449672,7470595713735327820,
7470652003031449672,7470595713735327821,
7470652003031449672,7470595713735327822,
7470652003031449672,7470595713735327823,
7470652003031449672,7470595713735327824,
7470652003031449672,7470595713735327825,
7470652003031449672,7470595713735327826,
7470652003031449672,7470595713735327827,
7470652003031449672,7470595713735327828,
7470652003031449672,7470595713735327829,
7470652003031449672,7470595713735327830,
7470652003031449672,7470595713735327831,
7470652003031449672,7470595713735327832,
7470652003031449672,7470595713735327833,
7470652003031449672,7470595713735327834,
7470652003031449672,7470595713735327835,
7470652003031449672,7470595713735327836,
7470652003031449672,7470595713735327837,
7470652003031449672,7470595713735327838,
7470652003031449672,7470595713735327839,
7470652003031449673,7470595713810825461,
7470652003031449673,7470595713810825462,
7470652003031449673,7470595713810825463,
7470652003031449673,7470595713810825464,
7470652003031449673,7470595713810825465,
7470652003031449673,7470595713810825466,
7470652003031449673,7470595713810825467,
7470652003031449673,7470595713810825468,
7470652003031449673,7470595713810825469,
7470652003031449673,7470595713810825470,
7470652003031449673,7470595713810825471,
7470652003031449673,7470595713810825472,
7470652003031449673,7470595713810825473,
7470652003031449673,7470595713810825474,
7470652003031449673,7470595713810825475,
7470652003031449673,7470595713810825476,
7470652003031449673,7470595713810825477,
7470652003031449673,7470595713810825478,
7470652003031449673,7470595713810825479,
7470652003031449673,7470595713810825480,
7470652003031449673,7470595713810825481,
7470652003031449673,7470595713810825482,
7470652003031449673,7470595713810825483,
7470652003031449673,7470595713810825484,
7470652003031449673,7470595713810825485,
7470652003031449673,7470595713810825486,
7470652003031449673,7470595713810825487,
7470652003031449673,7470595713810825488,
7470652003031449673,7470595713810825489,
7470652003031449673,7470595713810825490,
7470652003031449673,7470595713810825491,
7470652003031449673,7470595713810825492,
7470652003031449673,7470595713810825493,
7470652003031449673,7470595713810825494,
7470652003031449673,7470595713810825495,
7470652003031449673,7470595713810825496,
7470652003031449673,7470595713810825497,
7470652003031449673,7470595713810825498,
7470652003031449673,7470595713810825499,
7470652003031449673,7470595713810825500,
7470652003031449673,7470595713810825501,
7470652003031449673,7470595713810825502,
7470652003031449673,7470595713810825503,
7470652003031449673,7470595713810825504,
7470652003031449673,7470595713810825505,
7470652003031449673,7470595713810825506,
7470652003031449673,7470595713810825507,
7470652003031449673,7470595713810825508,
7470652003031449673,7470595713810825509,
7470652003031449673,7470595713810825510,
7470652003031449673,7470595713810825511,
7470652003031449673,7470595713810825512,
7470652003031449673,7470595713810825513,
7470652003031449673,7470595713810825514,
7470652003031449673,7470595713810825515,
7470652003031449673,7470595713815019520,
7470652003031449673,7470595713815019521,
7470652003031449673,7470595713815019522,
7470652003031449673,7470595713815019523,
7470652003031449673,7470595713815019524,
7470652003031449673,7470595713815019525,
7470652003031449673,7470595713815019526,
7470652003031449673,7470595713815019527,
7470652003031449673,7470595713815019528,
7470652003031449673,7470595713815019529,
7470652003031449673,7470595713815019530,
7470652003031449673,7470595713815019531,
7470652003031449673,7471487196209803002,
7470652003031449673,7472313540504938456,
7470652003031449673,7473208335366814291,
7470652003031449673,7473208335367017717,
7470652003031449673,7473208335368266160,
7470652003031449673,7473208335369055074,
7470652003031449673,7473208335369060360,
7470652003031449673,7473208335369556406,
7470652003031449673,7473208335370177475,
7470652003031449673,7473208335370597805,
7470652003031449673,7473208335370639276,
7470652003031449673,7473208335371867394,
7470652003031449673,7473208335372133137,
7470652003031449673,7473208335372188438,
7470652003031449673,7473208335372213987,
7470652003031449673,7473208335372438562,
7470652003031449673,7473208335372522473,
7470652003031449673,7473208335372560023,
7470652003031449673,7473208335372671500,
7470652003031449673,7473208335372833424,
7470652003031449673,7473208335372906802,
7470652003031449673,7473208335373422838,
7470652003031449673,7473208335373450174,
7470652003031449673,7473208335373459201,
7470652003031449673,7473208335373525750,
7470652003031449673,7473208335373539624,
7470652003031449673,7473208335373751384,
7470652003031449673,7473208335373824788,
7470652003031449673,7473208335374216834,
7470652003031449673,7473208335374398107,
7470652003031449673,7473208335374991449,
7470652003031449673,7473208335375265932,
7470652003031449673,7473208335375397867,
7470652003031449673,7473208335376393171,
7470652003031449673,7473208335376426247,
7470652003031449673,7473208335376801298,
7470652003031449673,7473208335376922080,
7470652003031449673,7473208335378329549,
7470652003031449673,7473208335378780090,
7470652003031449674,7470595713705967804,
7470652003031449674,7470595713710161956,
7470652003031449674,7470595713710161958,
7470652003031449674,7470595713735327901,
7470652003031449674,7470595713764688043,
7470652003031449674,7470595713764688044,
7470652003031449674,7470595713764688045,
7470652003031449674,7470595713764688046,
7470652003031449674,7470595713764688047,
7470652003031449674,7470595713764688048,
7470652003031449674,7470595713764688049,
7470652003031449674,7470595713764688050,
7470652003031449674,7470595713764688051,
7470652003031449674,7470595713764688052,
7470652003031449674,7470595713764688053,
7470652003031449674,7470595713764688054,
7470652003031449674,7470595713764688055,
7470652003031449674,7470595713764688056,
7470652003031449674,7470595713764688057,
7470652003031449674,7470595713764688058,
7470652003031449674,7470595713764688059,
7470652003031449674,7470595713764688060,
7470652003031449674,7470595713764688061,
7470652003031449674,7470595713764688062,
7470652003031449674,7470595713764688063,
7470652003031449674,7470595713764688064,
7470652003031449674,7470595713764688065,
7470652003031449674,7470595713764688066,
7470652003031449674,7470595713764688067,
7470652003031449674,7470595713764688068,
7470652003031449674,7470595713764688069,
7470652003031449674,7470595713764688070,
7470652003031449674,7470595713764688071,
7470652003031449674,7470595713764688072,
7470652003031449674,7470595713764688073,
7470652003031449674,7470595713764688074,
7470652003031449674,7470595713764688075,
7470652003031449674,7470595713764688076,
7470652003031449674,7470595713764688077,
7470652003031449674,7470595713764688078,
7470652003031449674,7470595713764688079,
7470652003031449674,7470595713764688080,
7470652003031449674,7470595713764688081,
7470652003031449674,7470595713764688082,
7470652003031449674,7470595713764688083,
7470652003031449674,7470595713764688084,
7470652003031449674,7470595713764688085,
7470652003031449674,7470595713764688086,
7470652003031449674,7470595713764688087,
7470652003031449674,7470595713764688098,
7470652003031449674,7470595713764688099,
7470652003031449674,7470595713764688100,
7470652003031449674,7470595713764688101,
7470652003031449674,7470595713764688102,
7470652003031449674,7470595713764688103,
7470652003031449674,7470595713764688104,
7470652003031449674,7470595713764688105,
7470652003031449674,7470595713764688106,
7470652003031449674,7470595713764688107,
7470652003031449674,7470595713764688108,
7470652003031449674,7470595713764688109,
7470652003031449674,7470595713764688110,
7470652003031449674,7470595713764688111,
7470652003031449674,7470595713764688112,
7470652003031449674,7470595713764688113,
7470652003031449674,7470595713764688114,
7470652003031449674,7470595713764688115,
7470652003031449674,7470595713764688116,
7470652003031449674,7470595713764688117,
7470652003031449674,7470595713764688118,
7470652003031449674,7470595713764688119,
7470652003031449674,7470595713764688120,
7470652003031449674,7470595713764688121,
7470652003031449674,7470595713764688122,
7470652003031449674,7470595713764688123,
7470652003031449674,7470595713764688124,
7470652003031449674,7470595713764688125,
7470652003031449674,7470595713764688126,
7470652003031449674,7470595713764688127,
7470652003031449674,7470595713764688128,
7470652003031449674,7470595713764688129,
7470652003031449674,7470595713764688130,
7470652003031449674,7470595713764688131,
7470652003031449674,7470595713764688132,
7470652003031449674,7470595713764688133,
7470652003031449674,7470595713764688134,
7470652003031449674,7470595713764688135,
7470652003031449674,7470595713764688136,
7470652003031449674,7470595713768882178,
7470652003031449674,7470595713768882179,
7470652003031449674,7470595713768882180,
7470652003031449674,7470595713768882181,
7470652003031449674,7470595713768882182,
7470652003031449674,7470595713768882183,
7470652003031449674,7470595713768882184,
7470652003031449674,7470595713768882185,
7470652003031449674,7470595713768882186,
7470652003031449674,7470595713768882187,
7470652003031449674,7470595713768882188,
7470652003031449674,7470595713768882189,
7470652003031449674,7470595713768882190,
7470652003031449674,7470595713768882191,
7470652003031449674,7470595713768882362,
7470652003031449674,7470595713768882363,
7470652003031449674,7470595713768882364,
7470652003031449674,7470595713768882365,
7470652003031449674,7470595713768882366,
7470652003031449674,7470595713768882367,
7470652003031449674,7470595713768882368,
7470652003031449674,7470595713768882369,
7470652003031449674,7470595713768882370,
7470652003031449674,7470595713768882371,
7470652003031449674,7470595713768882372,
7470652003031449674,7470595713768882395,
7470652003031449674,7470595713768882396,
7470652003031449674,7470595713768882397,
7470652003031449674,7470595713768882398,
7470652003031449674,7470595713768882399,
7470652003031449674,7470595713768882400,
7470652003031449674,7470595713768882401,
7470652003031449674,7471611326640074350,
7470652003031449674,7471645200994323494,
7470652003031449674,7471645229117879179,
7470652003031449674,7472120337139154245,
7470652003031449674,7472120337139602918,
7470652003031449674,7472120337223509277,
7470652003031449674,7472120337223555975,
7470652003031449674,7472313540472287995,
7470652003031449674,7472371116908229286,
7470652003031449674,7473049686464939274,
7470652003031449674,7473049686466421214,
7470652003031449674,7473208335335633491,
7470652003031449674,7473208335349917423,
7470652003031449674,7473208335349978759,
7470652003031449674,7473208335349993101,
7470652003031449674,7473208335350007159,
7470652003031449674,7473208335350405282,
7470652003031449674,7473208335350548940,
7470652003031449674,7473208335350816250,
7470652003031449674,7473208335350833505,
7470652003031449674,7473208335351823145,
7470652003031449674,7473208335351837965,
7470652003031449674,7473208335351873448,
7470652003031449674,7473208335351927009,
7470652003031449674,7473208335352321087,
7470652003031449674,7473208335352667615,
7470652003031449674,7473208335352896448,
7470652003031449674,7473208335352965149,
7470652003031449674,7473208335353171806,
7470652003031449674,7473208335353661859,
7470652003031449674,7473208335353714702,
7470652003031449674,7473208335375647591,
7470652003031449674,7473208335387520452,
7470652003031449674,7473208335419189427,
7470652003031449674,7473208335429845047,
7470652003031449674,7473208335432524969,
7470652003031449675,7470595713764688088,
7470652003031449675,7470595713764688089,
7470652003031449675,7470595713764688090,
7470652003031449675,7470595713764688091,
7470652003031449675,7470595713764688092,
7470652003031449675,7470595713764688093,
7470652003031449675,7470595713764688094,
7470652003031449675,7470595713764688095,
7470652003031449675,7470595713764688096,
7470652003031449675,7470595713764688097,
7470652003031449676,7470595713768882373,
7470652003031449676,7470595713768882374,
7470652003031449676,7470595713768882375,
7470652003031449676,7470595713768882376,
7470652003031449676,7470595713768882377,
7470652003031449676,7470595713768882378,
7470652003031449676,7470595713768882379,
7470652003031449676,7470595713768882380,
7470652003031449676,7470595713768882381,
7470652003031449676,7470595713768882382,
7470652003031449676,7470595713768882383,
7470652003031449676,7470595713768882384,
7470652003031449676,7470595713768882385,
7470652003031449676,7470595713768882386,
7470652003031449676,7470595713768882387,
7470652003031449676,7470595713768882388,
7470652003031449676,7470595713768882389,
7470652003031449676,7470595713768882390,
7470652003031449676,7470595713768882391,
7470652003031449676,7470595713768882392,
7470652003031449676,7470595713768882393,
7470652003031449676,7470595713768882394,
7470652003031449677,7470595713768882192,
7470652003031449677,7470595713768882193,
7470652003031449677,7470595713768882194,
7470652003031449677,7470595713768882195,
7470652003031449677,7470595713768882196,
7470652003031449677,7470595713768882197,
7470652003031449677,7470595713768882198,
7470652003031449677,7470595713768882199,
7470652003031449677,7470595713768882200,
7470652003031449677,7470595713768882201,
7470652003031449677,7470595713768882202,
7470652003031449677,7470595713768882203,
7470652003031449677,7470595713768882204,
7470652003031449677,7470595713768882205,
7470652003031449677,7470595713768882206,
7470652003031449677,7470595713768882207,
7470652003031449677,7470595713768882208,
7470652003031449677,7470595713768882209,
7470652003031449677,7470595713768882210,
7470652003031449677,7470595713768882211,
7470652003031449677,7470595713768882212,
7470652003031449677,7470595713768882213,
7470652003031449677,7470595713768882214,
7470652003031449677,7470595713768882215,
7470652003031449677,7470595713768882216,
7470652003031449677,7470595713768882217,
7470652003031449677,7470595713768882218,
7470652003031449677,7470595713768882219,
7470652003031449677,7470595713768882220,
7470652003031449677,7470595713768882221,
7470652003031449677,7470595713768882222,
7470652003031449677,7470595713768882223,
7470652003031449677,7470595713768882224,
7470652003031449677,7470595713768882225,
7470652003031449677,7470595713768882226,
7470652003031449677,7470595713768882227,
7470652003031449677,7470595713768882228,
7470652003031449677,7470595713768882229,
7470652003031449677,7470595713768882230,
7470652003031449677,7470595713768882231,
7470652003031449677,7470595713768882232,
7470652003031449677,7470595713768882233,
7470652003031449677,7470595713768882234,
7470652003031449677,7470595713768882235,
7470652003031449677,7470595713768882236,
7470652003031449677,7470595713768882237,
7470652003031449677,7470595713768882238,
7470652003031449677,7470595713768882239,
7470652003031449677,7470595713768882240,
7470652003031449677,7470595713768882241,
7470652003031449677,7470595713768882242,
7470652003031449677,7470595713768882243,
7470652003031449677,7470595713768882244,
7470652003031449677,7470595713768882245,
7470652003031449677,7470595713768882246,
7470652003031449677,7470595713768882247,
7470652003031449677,7470595713768882248,
7470652003031449677,7470595713768882249,
7470652003031449677,7470595713768882250,
7470652003031449677,7470595713768882251,
7470652003031449677,7470595713768882252,
7470652003031449677,7470595713768882253,
7470652003031449677,7470595713768882254,
7470652003031449677,7470595713768882255,
7470652003031449677,7470595713768882256,
7470652003031449677,7470595713768882257,
7470652003031449677,7470595713768882258,
7470652003031449677,7470595713768882259,
7470652003031449677,7470595713768882260,
7470652003031449677,7470595713768882261,
7470652003031449677,7470595713768882262,
7470652003031449677,7470595713768882263,
7470652003031449677,7470595713768882264,
7470652003031449677,7470595713768882265,
7470652003031449677,7470595713768882266,
7470652003031449677,7470595713768882267,
7470652003031449677,7470595713768882268,
7470652003031449677,7470595713768882269,
7470652003031449677,7470595713768882270,
7470652003031449677,7470595713768882271,
7470652003031449677,7470595713768882272,
7470652003031449677,7470595713768882273,
7470652003031449677,7470595713768882274,
7470652003031449677,7470595713768882275,
7470652003031449677,7470595713768882276,
7470652003031449677,7470595713768882277,
7470652003031449677,7470595713768882278,
7470652003031449677,7470595713768882279,
7470652003031449677,7470595713768882280,
7470652003031449677,7470595713768882281,
7470652003031449677,7470595713768882282,
7470652003031449677,7470595713768882283,
7470652003031449677,7470595713768882284,
7470652003031449677,7470595713768882285,
7470652003031449677,7470595713768882286,
7470652003031449677,7470595713768882287,
7470652003031449677,7470595713768882288,
7470652003031449677,7470595713768882289,
7470652003031449677,7470595713768882290,
7470652003031449677,7470595713768882291,
7470652003031449677,7470595713768882292,
7470652003031449677,7470595713768882293,
7470652003031449677,7470595713768882294,
7470652003031449677,7470595713768882295,
7470652003031449677,7470595713768882296,
7470652003031449677,7470595713768882297,
7470652003031449677,7470595713768882298,
7470652003031449677,7470595713768882299,
7470652003031449677,7470595713768882300,
7470652003031449677,7470595713768882301,
7470652003031449677,7470595713768882302,
7470652003031449677,7470595713768882303,
7470652003031449677,7470595713768882304,
7470652003031449677,7470595713768882305,
7470652003031449677,7470595713768882306,
7470652003031449677,7470595713768882307,
7470652003031449677,7470595713768882308,
7470652003031449677,7470595713768882309,
7470652003031449677,7470595713768882310,
7470652003031449677,7470595713768882311,
7470652003031449677,7470595713768882312,
7470652003031449677,7470595713768882313,
7470652003031449677,7470595713768882314,
7470652003031449677,7470595713768882315,
7470652003031449677,7470595713768882316,
7470652003031449677,7470595713768882317,
7470652003031449677,7470595713768882318,
7470652003031449677,7470595713768882319,
7470652003031449677,7470595713768882320,
7470652003031449677,7470595713768882321,
7470652003031449677,7470595713768882322,
7470652003031449677,7470595713768882323,
7470652003031449677,7470595713768882324,
7470652003031449677,7470595713768882325,
7470652003031449677,7470595713768882326,
7470652003031449677,7470595713768882327,
7470652003031449677,7470595713768882328,
7470652003031449677,7470595713768882329,
7470652003031449677,7470595713768882330,
7470652003031449677,7470595713768882331,
7470652003031449677,7470595713768882332,
7470652003031449677,7470595713768882333,
7470652003031449677,7470595713768882334,
7470652003031449677,7470595713768882335,
7470652003031449677,7470595713768882336,
7470652003031449677,7470595713768882337,
7470652003031449677,7470595713768882338,
7470652003031449677,7470595713768882339,
7470652003031449677,7470595713768882340,
7470652003031449677,7470595713768882341,
7470652003031449677,7470595713768882342,
7470652003031449677,7470595713768882343,
7470652003031449677,7470595713768882344,
7470652003031449677,7470595713768882345,
7470652003031449677,7470595713768882346,
7470652003031449677,7470595713768882347,
7470652003031449677,7470595713768882348,
7470652003031449677,7470595713768882349,
7470652003031449677,7470595713768882350,
7470652003031449677,7470595713768882351,
7470652003031449677,7470595713768882352,
7470652003031449677,7470595713768882353,
7470652003031449677,7470595713768882354,
7470652003031449677,7470595713768882355,
7470652003031449677,7470595713768882356,
7470652003031449677,7470595713768882357,
7470652003031449677,7470595713768882358,
7470652003031449677,7470595713768882359,
7470652003031449677,7470595713768882360,
7470652003031449677,7470595713768882361,
7470652003031449677,7471434864155664817,
7470652003031449677,7472120337169003395,
7470652003031449677,7472120337169583558,
7470652003031449677,7472120337209078143,
7470652003031449677,7472120337210995857,
7470652003031449677,7472313540490863965,
7470652003031449677,7472313540491023026,
7470652003031449677,7472313540491719518,
7470652003031449677,7472313540492356792,
7470652003031449677,7472313540493497869,
7470652003031449677,7472313540493568879,
7470652003031449677,7472313540493604000,
7470652003031449677,7472762259837991828,
7470652003031449677,7472815276477687385,
7470652003031449677,7472815276478501945,
7470652003031449677,7472815276478544594,
7470652003031449677,7472815276478811629,
7470652003031449677,7472966923908524763,
7470652003031449677,7472966923908617316,
7470652003031449677,7472966923927771632,
7470652003031449677,7473208335341384468,
7470652003031449677,7473208335341928379,
7470652003031449677,7473208335341955966,
7470652003031449677,7473208335341977755,
7470652003031449677,7473208335343146687,
7470652003031449677,7473208335343274650,
7470652003031449677,7473208335343306358,
7470652003031449677,7473208335344076391,
7470652003031449677,7473208335344219410,
7470652003031449677,7473208335344846968,
7470652003031449677,7473208335344903789,
7470652003031449677,7473208335344906317,
7470652003031449677,7473208335344974478,
7470652003031449678,7470595713764688137,
7470652003031449678,7470595713764688138,
7470652003031449678,7470595713764688139,
7470652003031449678,7470595713764688140,
7470652003031449678,7470595713764688141,
7470652003031449678,7470595713764688142,
7470652003031449678,7470595713764688143,
7470652003031449678,7470595713764688144,
7470652003031449678,7470595713764688145,
7470652003031449678,7470595713764688146,
7470652003031449678,7470595713764688147,
7470652003031449678,7470595713764688148,
7470652003031449678,7470595713764688149,
7470652003031449678,7470595713764688150,
7470652003031449678,7470595713768882176,
7470652003031449678,7470595713768882177,
7470652003031449678,7472120337211380975,
7470652003031449678,7472120337222507313,
7470652003031449678,7472313540527922618,
7470652003031449679,7470595713684996356,
7470652003031449679,7470595713684996357,
7470652003031449679,7470595713684996358,
7470652003031449679,7470595713684996359,
7470652003031449679,7470595713684996360,
7470652003031449679,7470595713684996395,
7470652003031449679,7470595713684996396,
7470652003031449679,7470595713684996397,
7470652003031449679,7470595713689190404,
7470652003031449679,7470595713689190405,
7470652003031449679,7470595713689190406,
7470652003031449679,7470595713689190407,
7470652003031449679,7470595713689190408,
7470652003031449679,7470595713689190409,
7470652003031449679,7470595713689190410,
7470652003031449679,7470595713689190411,
7470652003031449679,7470595713689190412,
7470652003031449679,7470595713689190413,
7470652003031449679,7470595713689190414,
7470652003031449679,7470595713689190415,
7470652003031449679,7470595713689190416,
7470652003031449679,7470595713689190417,
7470652003031449679,7470595713689190418,
7470652003031449679,7470595713689190419,
7470652003031449679,7470595713689190420,
7470652003031449679,7470595713689190421,
7470652003031449679,7470595713689190422,
7470652003031449679,7470595713689190423,
7470652003031449679,7470595713689190424,
7470652003031449679,7470595713689190425,
7470652003031449679,7470595713689190426,
7470652003031449679,7470595713689190427,
7470652003031449679,7470595713689190428,
7470652003031449679,7470595713689190429,
7470652003031449679,7470595713689190430,
7470652003031449679,7470595713689190431,
7470652003031449679,7470595713689190432,
7470652003031449679,7470595713689190433,
7470652003031449679,7470595713689190434,
7470652003031449679,7470595713689190435,
7470652003031449679,7470595713689190436,
7470652003031449679,7470595713689190437,
7470652003031449679,7470595713689190438,
7470652003031449679,7470595713689190439,
7470652003031449679,7470595713689190440,
7470652003031449679,7470595713689190441,
7470652003031449679,7470595713689190442,
7470652003031449679,7470595713689190443,
7470652003031449679,7470595713689190444,
7470652003031449679,7470595713689190445,
7470652003031449679,7470595713689190446,
7470652003031449679,7470595713689190447,
7470652003031449679,7470595713689190448,
7470652003031449679,7470595713689190449,
7470652003031449679,7470595713689190450,
7470652003031449679,7470595713689190451,
7470652003031449679,7470595713689190452,
7470652003031449679,7470595713689190453,
7470652003031449679,7470595713689190454,
7470652003031449679,7470595713689190455,
7470652003031449679,7470595713689190456,
7470652003031449679,7470595713689190457,
7470652003031449679,7470595713689190458,
7470652003031449679,7470595713689190459,
7470652003031449679,7470595713689190460,
7470652003031449679,7470595713689190461,
7470652003031449679,7470595713689190462,
7470652003031449679,7470595713689190463,
7470652003031449679,7470595713689190464,
7470652003031449679,7470595713689190465,
7470652003031449679,7470595713689190466,
7470652003031449679,7470595713689190467,
7470652003031449679,7470595713689190468,
7470652003031449679,7470595713689190469,
7470652003031449679,7470595713689190470,
7470652003031449679,7470595713689190471,
7470652003031449679,7470595713689190472,
7470652003031449679,7470595713689190473,
7470652003031449679,7470595713689190474,
7470652003031449679,7470595713689190475,
7470652003031449679,7470595713689190476,
7470652003031449679,7470595713689190477,
7470652003031449679,7470595713689190478,
7470652003031449679,7470595713689190479,
7470652003031449679,7470595713689190480,
7470652003031449679,7470595713689190481,
7470652003031449679,7470595713689190482,
7470652003031449679,7470595713689190483,
7470652003031449679,7470595713689190484,
7470652003031449679,7470595713689190485,
7470652003031449679,7470595713689190486,
7470652003031449679,7470595713689190487,
7470652003031449679,7470595713689190488,
7470652003031449679,7470595713689190489,
7470652003031449679,7470595713689190490,
7470652003031449679,7470595713689190491,
7470652003031449679,7470595713689190492,
7470652003031449679,7470595713689190493,
7470652003031449679,7470595713689190494,
7470652003031449679,7470595713689190495,
7470652003031449679,7470595713689190496,
7470652003031449679,7470595713689190497,
7470652003031449679,7470595713689190498,
7470652003031449679,7470595713689190499,
7470652003031449679,7470595713689190500,
7470652003031449679,7470595713689190501,
7470652003031449679,7470595713689190502,
7470652003031449679,7470595713689190503,
7470652003031449679,7470595713689190504,
7470652003031449679,7470595713689190505,
7470652003031449679,7470595713689190506,
7470652003031449679,7470595713689190507,
7470652003031449679,7470595713689190508,
7470652003031449679,7470595713689190509,
7470652003031449679,7470595713689190510,
7470652003031449679,7470595713689190511,
7470652003031449679,7470595713689190512,
7470652003031449679,7470595713689190513,
7470652003031449679,7470595713689190514,
7470652003031449679,7470595713689190515,
7470652003031449679,7470595713689190516,
7470652003031449679,7470595713689190517,
7470652003031449679,7470595713689190518,
7470652003031449679,7470595713689190519,
7470652003031449679,7470595713689190520,
7470652003031449679,7470595713689190521,
7470652003031449679,7470595713689190522,
7470652003031449679,7470595713689190523,
7470652003031449679,7470595713689190524,
7470652003031449679,7470595713689190525,
7470652003031449679,7470595713689190526,
7470652003031449679,7470595713689190527,
7470652003031449679,7470595713689190528,
7470652003031449679,7470595713689190529,
7470652003031449679,7470595713689190530,
7470652003031449679,7470595713689190531,
7470652003031449679,7470595713689190532,
7470652003031449679,7470595713689190533,
7470652003031449679,7470595713689190534,
7470652003031449679,7470595713689190535,
7470652003031449679,7470595713689190536,
7470652003031449679,7470595713689190537,
7470652003031449679,7470595713689190538,
7470652003031449679,7470595713689190539,
7470652003031449679,7470595713689190540,
7470652003031449679,7470595713689190541,
7470652003031449679,7470595713689190542,
7470652003031449679,7470595713689190543,
7470652003031449679,7470595713689190544,
7470652003031449679,7470595713689190545,
7470652003031449679,7470595713689190546,
7470652003031449679,7470595713689190547,
7470652003031449679,7470595713689190581,
7470652003031449679,7470595713689190582,
7470652003031449679,7470595713689190583,
7470652003031449679,7470595713689190584,
7470652003031449679,7470595713689190585,
7470652003031449679,7470595713689190586,
7470652003031449679,7470595713689190587,
7470652003031449679,7470595713689190588,
7470652003031449679,7470595713689190589,
7470652003031449679,7470595713689190590,
7470652003031449679,7470595713689190591,
7470652003031449679,7470595713689190592,
7470652003031449679,7470595713689190593,
7470652003031449679,7470595713689190594,
7470652003031449679,7470595713689190595,
7470652003031449679,7470595713689190596,
7470652003031449679,7470595713689190597,
7470652003031449679,7470595713689190598,
7470652003031449679,7470595713689190599,
7470652003031449679,7470595713689190600,
7470652003031449679,7470595713689190601,
7470652003031449679,7470595713689190602,
7470652003031449679,7470595713689190603,
7470652003031449679,7470595713689190604,
7470652003031449679,7470595713689190605,
7470652003031449679,7470595713689190606,
7470652003031449679,7470595713689190607,
7470652003031449679,7470595713689190608,
7470652003031449679,7470595713689190609,
7470652003031449679,7470595713689190610,
7470652003031449679,7470595713689190611,
7470652003031449679,7470595713689190612,
7470652003031449679,7470595713689190613,
7470652003031449679,7470595713689190614,
7470652003031449679,7470595713689190615,
7470652003031449679,7470595713689190616,
7470652003031449679,7470595713689190617,
7470652003031449679,7470595713689190618,
7470652003031449679,7470595713689190619,
7470652003031449679,7470595713689190620,
7470652003031449679,7470595713689190621,
7470652003031449679,7470595713689190622,
7470652003031449679,7470595713689190623,
7470652003031449679,7470595713689190624,
7470652003031449679,7470595713689190625,
7470652003031449679,7470595713689190626,
7470652003031449679,7470595713689190627,
7470652003031449679,7470595713689190628,
7470652003031449679,7470595713689190629,
7470652003031449679,7470595713689190630,
7470652003031449679,7470595713689190631,
7470652003031449679,7470595713689190632,
7470652003031449679,7470595713689190633,
7470652003031449679,7470595713689190634,
7470652003031449679,7470595713689190635,
7470652003031449679,7470595713689190636,
7470652003031449679,7470595713689190637,
7470652003031449679,7470595713689190638,
7470652003031449679,7470595713689190639,
7470652003031449679,7470595713689190640,
7470652003031449679,7470595713689190641,
7470652003031449679,7470595713689190642,
7470652003031449679,7470595713689190643,
7470652003031449679,7470595713689190644,
7470652003031449679,7470595713689190645,
7470652003031449679,7470595713689190646,
7470652003031449679,7470595713689190647,
7470652003031449679,7470595713689190648,
7470652003031449679,7470595713689190649,
7470652003031449679,7470595713689190650,
7470652003031449679,7470595713689190651,
7470652003031449679,7470595713689190652,
7470652003031449679,7470595713689190653,
7470652003031449679,7470595713689190654,
7470652003031449679,7470595713689190655,
7470652003031449679,7470595713689190656,
7470652003031449679,7470595713689190657,
7470652003031449679,7470595713689190658,
7470652003031449679,7470595713689190659,
7470652003031449679,7470595713689190660,
7470652003031449679,7470595713689190661,
7470652003031449679,7470595713689190662,
7470652003031449679,7470595713689190663,
7470652003031449679,7470595713689190664,
7470652003031449679,7470595713689190665,
7470652003031449679,7470595713689190666,
7470652003031449679,7470595713689190667,
7470652003031449679,7471504761061808419,
7470652003031449679,7471505183358638682,
7470652003031449679,7471505290037100016,
7470652003031449679,7471644935075957172,
7470652003031449679,7471647716420786723,
7470652003031449679,7471648585560423805,
7470652003031449679,7471648621275123744,
7470652003031449679,7471648650867884955,
7470652003031449679,7471648768750601677,
7470652003031449679,7471648804810122155,
7470652003031449679,7471648829787602742,
7470652003031449679,7471648854851769153,
7470652003031449679,7472120337154641115,
7470652003031449679,7472120337161510535,
7470652003031449679,7472120337165034773,
7470652003031449679,7472120337174335420,
7470652003031449679,7472120337219565539,
7470652003031449679,7472313540455065654,
7470652003031449679,7472313540459532948,
7470652003031449679,7472313540460348808,
7470652003031449679,7472313540473771769,
7470652003031449679,7472313540477797830,
7470652003031449679,7472313540482475820,
7470652003031449679,7472313540483365060,
7470652003031449679,7472313540483556923,
7470652003031449679,7472313540483816135,
7470652003031449679,7472313540483944136,
7470652003031449679,7472313540484181741,
7470652003031449679,7472313540490808338,
7470652003031449679,7472313540493672295,
7470652003031449679,7472313540497747061,
7470652003031449679,7472313540498610890,
7470652003031449679,7472313540531445305,
7470652003031449679,7472371116871646423,
7470652003031449679,7472371116872423678,
7470652003031449679,7472371116879138314,
7470652003031449679,7472371116906714417,
7470652003031449679,7472371116906979989,
7470652003031449679,7472380118923715668,
7470652003031449679,7472815276462316783,
7470652003031449679,7472815276497858009,
7470652003031449679,7472966923921500862,
7470652003031449679,7473049686384207101,
7470652003031449679,7473049686401223889,
7470652003031449679,7473049686405564145,
7470652003031449679,7473049686417623091,
7470652003031449679,7473049686417639853,
7470652003031449679,7473049686419776806,
7470652003031449679,7473049686420373169,
7470652003031449679,7473049686421274078,
7470652003031449679,7473208335312030658,
7470652003031449679,7473208335314260502,
7470652003031449679,7473208335318030646,
7470652003031449679,7473208335319659295,
7470652003031449679,7473208335319850422,
7470652003031449679,7473208335320040511,
7470652003031449679,7473208335321531897,
7470652003031449679,7473208335321704614,
7470652003031449679,7473208335341526822,
7470652003031449679,7473208335375521280,
7470652003031449679,7473208335377818504,
7470652003031449679,7473208335379665413,
7470652003031449679,7473208335380378998,
7470652003031449679,7473208335381840446,
7470652003031449679,7473208335382128597,
7470652003031449679,7473208335388957803,wisdom
7470652003031449679,7473208335412949682,
7470652003031449679,7473208335413084229,
7470652003031449679,7473208335413419563,
7470652003031449679,7473208335413788674,
7470652003031449679,7473208335415461526,
7470652003031449679,7473208335415710754,
7470652003031449679,7473208335415865401,
7470652003031449679,7473208335416149742,
7470652003031449679,7473208335416298424,
7470652003031449679,7473208335431366825,
7470652003031449679,7473208335432971266,
7470652003031449680,7470595713684996361,
7470652003031449680,7470595713684996362,
7470652003031449680,7470595713684996363,
7470652003031449680,7470595713684996364,
7470652003031449680,7470595713684996365,
7470652003031449680,7470595713684996366,
7470652003031449680,7470595713684996367,
7470652003031449680,7470595713684996368,
7470652003031449680,7470595713684996369,
7470652003031449680,7470595713684996370,
7470652003031449680,7470595713684996371,
7470652003031449680,7470595713684996372,
7470652003031449680,7470595713684996373,
7470652003031449680,7470595713684996374,
7470652003031449680,7470595713684996375,
7470652003031449680,7470595713684996376,
7470652003031449680,7470595713684996377,
7470652003031449680,7470595713684996378,
7470652003031449680,7470595713684996379,
7470652003031449680,7470595713684996380,
7470652003031449680,7470595713684996381,
7470652003031449680,7470595713689190528,
7470652003031449680,7470595713747910921,
7470652003031449680,7470595713747910922,
7470652003031449680,7470595713747910923,
7470652003031449680,7471638776822520166,
7470652003031449680,7471638821700705802,
7470652003031449681,7470595713684996382,
7470652003031449681,7470595713684996383,
7470652003031449681,7470595713684996384,
7470652003031449681,7470595713684996385,
7470652003031449681,7470595713684996386,
7470652003031449681,7470595713684996387,
7470652003031449681,7470595713684996388,
7470652003031449681,7470595713684996389,
7470652003031449681,7470595713684996390,
7470652003031449681,7470595713684996391,
7470652003031449681,7470595713684996392,
7470652003031449681,7470595713684996393,
7470652003031449681,7470595713684996394,
7470652003031449681,7470595713823408142,
7470652003031449681,7470595713823408336,
7470652003031449681,7472120337171722723,
7470652003031449681,7472120337172123914,
7470652003031449681,7472313540484764168,
7470652003031449681,7472815276471706762,
7470652003031449682,7470595713689190548,
7470652003031449682,7470595713689190549,
7470652003031449682,7470595713689190550,
7470652003031449682,7470595713689190551,
7470652003031449682,7470595713689190552,
7470652003031449682,7470595713689190553,
7470652003031449682,7470595713689190554,
7470652003031449682,7470595713689190555,
7470652003031449682,7470595713689190556,
7470652003031449682,7470595713689190557,
7470652003031449682,7470595713689190558,
7470652003031449682,7470595713689190559,
7470652003031449682,7470595713689190560,
7470652003031449682,7470595713689190561,
7470652003031449682,7470595713689190562,
7470652003031449682,7470595713689190563,
7470652003031449682,7470595713689190564,
7470652003031449682,7470595713689190565,
7470652003031449682,7470595713689190566,
7470652003031449682,7470595713689190567,
7470652003031449682,7470595713689190568,
7470652003031449682,7470595713689190569,
7470652003031449682,7470595713689190570,
7470652003031449682,7470595713689190571,
7470652003031449682,7470595713689190572,
7470652003031449682,7470595713689190573,
7470652003031449682,7470595713689190574,
7470652003031449682,7470595713689190575,
7470652003031449682,7470595713689190576,
7470652003031449682,7470595713689190577,
7470652003031449682,7470595713689190578,
7470652003031449682,7470595713689190579,
7470652003031449682,7470595713689190580,
7470652003031449682,7472120337207048746,
7470652003031449683,7470595713684996398,
7470652003031449683,7470595713684996399,
7470652003031449683,7470595713684996400,
7470652003031449683,7470595713684996401,
7470652003031449683,7470595713684996402,
7470652003031449683,7470595713684996403,
7470652003031449683,7470595713684996404,
7470652003031449683,7470595713684996405,
7470652003031449683,7470595713689190400,
7470652003031449683,7470595713689190401,
7470652003031449683,7470595713689190402,
7470652003031449683,7470595713689190403,
7470652003031449684,7470595713693384854,
7470652003031449684,7470595713714356361,
7470652003031449684,7470595713714356362,
7470652003031449684,7470595713714356363,
7470652003031449684,7470595713714356364,
7470652003031449684,7470595713714356365,
7470652003031449684,7470595713714356366,
7470652003031449684,7470595713714356367,
7470652003031449684,7470595713714356368,
7470652003031449684,7470595713714356369,
7470652003031449684,7470595713714356370,
7470652003031449684,7470595713714356371,
7470652003031449684,7470595713714356372,
7470652003031449684,7470595713714356373,
7470652003031449684,7470595713714356374,
7470652003031449684,7470595713714356375,
7470652003031449684,7470595713714356376,
7470652003031449684,7470595713714356377,
7470652003031449684,7470595713714356378,
7470652003031449684,7470595713714356379,
7470652003031449684,7470595713714356380,
7470652003031449684,7470595713714356381,
7470652003031449684,7470595713714356382,
7470652003031449684,7470595713714356383,
7470652003031449684,7470595713714356384,
7470652003031449684,7470595713714356385,
7470652003031449684,7470595713714356386,
7470652003031449684,7470595713714356387,
7470652003031449684,7470595713714356388,
7470652003031449684,7470595713714356389,
7470652003031449684,7470595713714356390,
7470652003031449684,7470595713714356391,
7470652003031449684,7470595713714356392,
7470652003031449684,7470595713714356393,
7470652003031449684,7470595713714356394,
7470652003031449684,7470595713714356395,
7470652003031449684,7470595713714356396,
7470652003031449684,7470595713714356397,
7470652003031449684,7470595713714356398,
7470652003031449684,7470595713714356399,
7470652003031449684,7470595713714356400,
7470652003031449684,7470595713714356401,
7470652003031449684,7470595713714356402,
7470652003031449684,7470595713714356403,
7470652003031449684,7470595713714356404,
7470652003031449684,7470595713714356405,
7470652003031449684,7470595713714356406,
7470652003031449684,7470595713714356407,
7470652003031449684,7470595713714356408,
7470652003031449684,7470595713714356409,
7470652003031449684,7470595713714356410,
7470652003031449684,7470595713714356411,
7470652003031449684,7470595713756299504,
7470652003031449684,7470595713815019571,
7470652003031449685,7470595713664024841,
7470652003031449685,7470595713664024842,
7470652003031449685,7470595713664024843,
7470652003031449685,7470595713664024844,
7470652003031449685,7470595713664024845,
7470652003031449685,7470595713664024846,
7470652003031449685,7470595713668218880,
7470652003031449685,7470595713668218881,
7470652003031449685,7470595713668218882,
7470652003031449685,7470595713668218883,
7470652003031449685,7470595713668218884,
7470652003031449685,7470595713668218885,
7470652003031449685,7470595713668218886,
7470652003031449685,7470595713668218887,
7470652003031449685,7470595713668218888,
7470652003031449685,7470595713668218889,
7470652003031449685,7470595713668218890,
7470652003031449685,7470595713668218891,
7470652003031449685,7470595713668218892,
7470652003031449685,7470595713668218893,
7470652003031449685,7470595713668218894,
7470652003031449685,7470595713668218895,
7470652003031449685,7470595713668218896,
7470652003031449685,7470595713668218897,
7470652003031449685,7470595713668218898,
7470652003031449685,7470595713668218899,
7470652003031449685,7470595713668218900,
7470652003031449685,7470595713668218901,
7470652003031449685,7470595713668218902,
7470652003031449685,7470595713668218903,
7470652003031449685,7470595713668218904,
7470652003031449685,7470595713668218905,
7470652003031449685,7470595713668218906,
7470652003031449685,7470595713668218907,
7470652003031449685,7470595713668218908,
7470652003031449685,7470595713668218909,
7470652003031449685,7470595713668218910,
7470652003031449685,7470595713668218911,
7470652003031449685,7470595713668218912,
7470652003031449685,7470595713668218913,
7470652003031449685,7470595713668218914,
7470652003031449685,7470595713668218915,
7470652003031449685,7470595713668218916,
7470652003031449685,7470595713668218917,
7470652003031449685,7470595713668219036,
7470652003031449685,7470595713668219037,
7470652003031449685,7470595713668219038,
7470652003031449685,7470595713668219039,
7470652003031449685,7470595713668219040,
7470652003031449685,7470595713668219041,
7470652003031449685,7470595713668219042,
7470652003031449685,7470595713668219043,
7470652003031449685,7470595713668219044,
7470652003031449685,7470595713668219045,
7470652003031449685,7470595713668219046,
7470652003031449685,7470595713668219047,
7470652003031449685,7470595713668219048,
7470652003031449685,7470595713668219049,
7470652003031449685,7470595713668219050,
7470652003031449685,7470595713668219051,
7470652003031449685,7470595713668219052,
7470652003031449685,7470595713668219053,
7470652003031449685,7470595713668219054,
7470652003031449685,7470595713668219055,
7470652003031449685,7470595713668219056,
7470652003031449685,7470595713668219057,
7470652003031449685,7470595713668219058,
7470652003031449685,7470595713668219059,
7470652003031449685,7470595713668219060,
7470652003031449685,7470595713668219061,
7470652003031449685,7470595713668219062,
7470652003031449685,7470595713668219063,
7470652003031449685,7470595713668219064,
7470652003031449685,7470595713668219065,
7470652003031449685,7470595713668219066,
7470652003031449685,7470595713668219067,
7470652003031449685,7470595713668219068,
7470652003031449685,7470595713668219069,
7470652003031449685,7470595713668219070,
7470652003031449685,7470595713668219071,
7470652003031449685,7470595713668219072,
7470652003031449685,7470595713668219073,
7470652003031449685,7470595713668219074,
7470652003031449685,7470595713668219075,
7470652003031449685,7470595713668219076,
7470652003031449685,7470595713668219077,
7470652003031449685,7470595713668219078,
7470652003031449685,7470595713668219079,
7470652003031449685,7470595713668219080,
7470652003031449685,7470595713668219081,
7470652003031449685,7470595713668219082,
7470652003031449685,7470595713668219083,
7470652003031449685,7470595713668219084,
7470652003031449685,7470595713668219085,
7470652003031449685,7470595713668219086,
7470652003031449685,7470595713668219087,
7470652003031449685,7470595713668219088,
7470652003031449685,7470595713668219089,
7470652003031449685,7470595713668219090,
7470652003031449685,7470595713668219091,
7470652003031449685,7470595713668219092,
7470652003031449685,7470595713668219093,
7470652003031449685,7470595713668219094,
7470652003031449685,7470595713668219095,
7470652003031449685,7470595713668219096,
7470652003031449685,7470595713668219097,
7470652003031449685,7470595713668219098,
7470652003031449685,7470595713668219099,
7470652003031449685,7470595713668219100,
7470652003031449685,7470595713668219101,
7470652003031449685,7470595713668219102,
7470652003031449685,7470595713668219103,
7470652003031449685,7470595713668219104,
7470652003031449685,7470595713668219105,
7470652003031449685,7470595713668219106,
7470652003031449685,7470595713668219107,
7470652003031449685,7470595713668219108,
7470652003031449685,7470595713668219109,
7470652003031449685,7470595713668219110,
7470652003031449685,7470595713668219111,
7470652003031449685,7470595713668219112,
7470652003031449685,7470595713668219113,
7470652003031449685,7470595713668219114,
7470652003031449685,7470595713668219115,
7470652003031449685,7470595713668219116,
7470652003031449685,7470595713668219117,
7470652003031449685,7470595713668219118,
7470652003031449685,7470595713668219119,
7470652003031449685,7470595713668219120,
7470652003031449685,7470595713668219121,
7470652003031449685,7470595713668219122,
7470652003031449685,7470595713668219123,
7470652003031449685,7470595713668219124,
7470652003031449685,7470595713668219125,
7470652003031449685,7470595713668219126,
7470652003031449685,7470595713668219127,
7470652003031449685,7470595713668219128,
7470652003031449685,7470595713668219129,
7470652003031449685,7470595713668219130,
7470652003031449685,7470595713668219131,
7470652003031449685,7470595713668219132,
7470652003031449685,7470595713668219133,
7470652003031449685,7470595713668219134,
7470652003031449685,7470595713668219135,
7470652003031449685,7470595713668219136,
7470652003031449685,7470595713668219137,
7470652003031449685,7470595713668219138,
7470652003031449685,7470595713668219152,
7470652003031449685,7470595713672413294,
7470652003031449685,7470595713672413295,
7470652003031449685,7470595713672413296,
7470652003031449685,7470595713672413297,
7470652003031449685,7470595713672413298,
7470652003031449685,7470595713672413299,
7470652003031449685,7470595713672413300,
7470652003031449685,7470595713672413301,
7470652003031449685,7470595713672413302,
7470652003031449685,7470595713672413303,
7470652003031449685,7470595713672413304,
7470652003031449685,7470595713672413305,
7470652003031449685,7470595713672413306,
7470652003031449685,7470595713672413307,
7470652003031449685,7470595713672413308,
7470652003031449685,7470595713672413309,
7470652003031449685,7470595713672413310,
7470652003031449685,7470595713672413311,
7470652003031449685,7470595713672413312,
7470652003031449685,7470595713672413313,
7470652003031449685,7470595713672413314,
7470652003031449685,7470595713672413315,
7470652003031449685,7470595713672413316,
7470652003031449685,7470595713672413317,
7470652003031449685,7470595713672413318,
7470652003031449685,7470595713672413319,
7470652003031449685,7470595713672413320,
7470652003031449685,7470595713672413321,
7470652003031449685,7470595713672413322,
7470652003031449685,7470595713672413323,
7470652003031449685,7470595713672413324,
7470652003031449685,7470595713672413325,
7470652003031449685,7470595713672413326,
7470652003031449685,7470595713672413327,
7470652003031449685,7470595713672413328,
7470652003031449685,7470595713672413329,
7470652003031449685,7470595713672413330,
7470652003031449685,7470595713672413331,
7470652003031449685,7470595713672413332,
7470652003031449685,7470595713672413333,
7470652003031449685,7470595713672413334,
7470652003031449685,7470595713672413335,
7470652003031449685,7470595713672413336,
7470652003031449685,7470595713672413337,
7470652003031449685,7470595713672413338,
7470652003031449685,7470595713672413339,
7470652003031449685,7470595713672413340,
7470652003031449685,7470595713672413341,
7470652003031449685,7470595713672413342,
7470652003031449685,7470595713672413343,
7470652003031449685,7470595713672413344,
7470652003031449685,7470595713672413345,
7470652003031449685,7470595713672413346,
7470652003031449685,7470595713672413347,
7470652003031449685,7470595713672413348,
7470652003031449685,7470595713672413349,
7470652003031449685,7470595713672413350,
7470652003031449685,7470595713672413351,
7470652003031449685,7470595713672413352,
7470652003031449685,7470595713672413353,
7470652003031449685,7470595713672413354,
7470652003031449685,7470595713672413355,
7470652003031449685,7470595713672413404,
7470652003031449685,7470595713672413405,
7470652003031449685,7470595713672413406,
7470652003031449685,7470595713672413407,
7470652003031449685,7470595713672413408,
7470652003031449685,7470595713672413409,
7470652003031449685,7470595713672413410,
7470652003031449685,7470595713672413411,
7470652003031449685,7470595713672413412,
7470652003031449685,7470595713672413413,
7470652003031449685,7470595713672413414,
7470652003031449685,7470595713672413415,
7470652003031449685,7470595713676607491,
7470652003031449685,7470595713676607492,
7470652003031449685,7470595713676607493,
7470652003031449685,7470595713676607494,
7470652003031449685,7470595713676607495,
7470652003031449685,7470595713676607496,
7470652003031449685,7470595713676607497,
7470652003031449685,7470595713676607547,
7470652003031449685,7470595713676607548,
7470652003031449685,7470595713676607549,
7470652003031449685,7470595713676607550,
7470652003031449685,7470595713676607551,
7470652003031449685,7470595713676607552,
7470652003031449685,7470595713676607553,
7470652003031449685,7470595713676607554,
7470652003031449685,7470595713676607555,
7470652003031449685,7470595713676607556,
7470652003031449685,7470595713676607557,
7470652003031449685,7470595713676607558,
7470652003031449685,7470595713676607559,
7470652003031449685,7470595713676607560,
7470652003031449685,7470595713676607561,
7470652003031449685,7470595713676607745,
7470652003031449685,7470595713676607746,
7470652003031449685,7470595713676607747,
7470652003031449685,7470595713676607748,
7470652003031449685,7470595713676607749,
7470652003031449685,7470595713676607750,
7470652003031449685,7470595713676607751,
7470652003031449685,7470595713676607752,
7470652003031449685,7470595713676607753,
7470652003031449685,7470595713676607754,
7470652003031449685,7470595713676607755,
7470652003031449685,7470595713676607756,
7470652003031449685,7470595713676607757,
7470652003031449685,7470595713676607758,
7470652003031449685,7470595713680801792,
7470652003031449685,7470595713680801793,
7470652003031449685,7470595713680801794,
7470652003031449685,7470595713680801795,
7470652003031449685,7470595713680801796,
7470652003031449685,7470595713680801797,
7470652003031449685,7470595713680801798,
7470652003031449685,7470595713680801799,
7470652003031449685,7470595713680801800,
7470652003031449685,7471366230225683445,
7470652003031449685,7471366354444348807,
7470652003031449685,7471600562730745836,
7470652003031449685,7471638972868591151,
7470652003031449685,7471639110689820283,
7470652003031449685,7471646838770759284,
7470652003031449685,7471646872599356268,
7470652003031449685,7471646907647159384,
7470652003031449685,7472120337126178835,
7470652003031449685,7472120337158622944,
7470652003031449685,7472120337179626097,
7470652003031449685,7472120337212069066,
7470652003031449685,7472313540477486289,
7470652003031449685,7472313540481417505,
7470652003031449685,7472313540512358928,
7470652003031449685,7472371116866142656,
7470652003031449685,7472371116866776872,
7470652003031449685,7472371116872180761,
7470652003031449685,7472371116875176801,
7470652003031449685,7472371116878791475,
7470652003031449685,7472371116893615132,
7470652003031449685,7472371116896493590,
7470652003031449685,7472371116897623136,
7470652003031449685,7472371116898309005,
7470652003031449685,7472371116898758156,
7470652003031449685,7472371116899926116,
7470652003031449685,7472762259837048761,
7470652003031449685,7472762259837059356,
7470652003031449685,7472762259837203131,
7470652003031449685,7472762259837237673,
7470652003031449685,7472762259838237904,
7470652003031449685,7472762259839902641,
7470652003031449685,7472762259840550444,
7470652003031449685,7472762259850967199,
7470652003031449685,7472815276472792834,
7470652003031449685,7472815276473393207,
7470652003031449685,7472815276474417154,
7470652003031449685,7472815276474612388,
7470652003031449685,7472815276476907967,
7470652003031449685,7472815276477063852,
7470652003031449685,7472815276481322210,
7470652003031449685,7472815276481964433,
7470652003031449685,7472815276482992395,
7470652003031449685,7472815276483298049,
7470652003031449685,7472815276490285161,
7470652003031449685,7472815276491459467,
7470652003031449685,7472815276492411770,
7470652003031449685,7472815276494568824,
7470652003031449685,7472815276496921673,
7470652003031449685,7472815276498848227,
7470652003031449685,7472815276500509245,
7470652003031449685,7472815276500562504,
7470652003031449685,7472966923916158529,
7470652003031449685,7472966923916237352,
7470652003031449685,7472966923917636542,
7470652003031449685,7472966923917865106,
7470652003031449685,7472966923920348330,
7470652003031449685,7472966923921401583,
7470652003031449685,7472966923922162789,
7470652003031449685,7472966923922803500,
7470652003031449685,7472966923927178558,
7470652003031449685,7472966923929142589,
7470652003031449685,7472966923931780199,
7470652003031449685,7472968447455560819,
7470652003031449685,7472968447458024329,
7470652003031449685,7473049686409359997,
7470652003031449685,7473049686409766848,
7470652003031449685,7473049686410202104,
7470652003031449685,7473049686410272929,
7470652003031449685,7473049686410847779,
7470652003031449685,7473049686410954025,
7470652003031449685,7473049686411231113,
7470652003031449685,7473049686412047799,
7470652003031449685,7473049686413435119,
7470652003031449685,7473049686414489302,
7470652003031449685,7473049686414537055,
7470652003031449685,7473049686414640687,
7470652003031449685,7473049686414725380,
7470652003031449685,7473049686415575303,
7470652003031449685,7473049686418211705,
7470652003031449685,7473049686418219462,
7470652003031449685,7473049686420590655,
7470652003031449685,7473049686421970035,
7470652003031449685,7473049686422753775,
7470652003031449685,7473049686423312005,
7470652003031449685,7473049686423628455,
7470652003031449685,7473049686424294487,
7470652003031449685,7473049686424481023,
7470652003031449685,7473049686424490308,
7470652003031449685,7473049686425357439,
7470652003031449685,7473049686425600515,
7470652003031449685,7473049686425639191,
7470652003031449685,7473049686438519477,
7470652003031449685,7473049686440582127,
7470652003031449685,7473049686444573785,
7470652003031449685,7473049686444799190,
7470652003031449685,7473049686446605392,
7470652003031449685,7473049686456196263,
7470652003031449685,7473049686458769018,
7470652003031449685,7473049686459425668,
7470652003031449685,7473049686460326147,
7470652003031449685,7473049686461110909,
7470652003031449685,7473049686461780088,
7470652003031449685,7473049686462481947,
7470652003031449685,7473049686462966496,
7470652003031449685,7473208335261334842,
7470652003031449685,7473208335278592234,
7470652003031449685,7473208335306095899,
7470652003031449685,7473208335307557508,
7470652003031449685,7473208335351672691,
7470652003031449685,7473208335352429268,
7470652003031449685,7473208335374901233,
7470652003031449685,7473208335375115961,
7470652003031449685,7473208335375361828,
7470652003031449685,7473208335375549559,
7470652003031449685,7473208335375876825,
7470652003031449685,7473208335376712793,
7470652003031449685,7473208335378596575,
7470652003031449685,7473208335378801823,
7470652003031449685,7473208335400542194,
7470652003031449685,7473208335403529859,
7470652003031449685,7473208335403691141,
7470652003031449685,7473208335403911995,
7470652003031449685,7473208335421121973,
7470652003031449685,7473208335422480807,
7470652003031449685,7473208335425961755,
7470652003031449685,7473208335429449181,
7470652003031449685,7473208335429788332,
7470652003031449685,7473208335431031105,
7470652003031449686,7470595713668218918,
7470652003031449686,7470595713668218919,
7470652003031449686,7470595713668218920,
7470652003031449686,7470595713668218921,
7470652003031449686,7470595713668218922,
7470652003031449686,7470595713668218923,
7470652003031449686,7470595713668218924,
7470652003031449686,7470595713668218925,
7470652003031449686,7470595713668218926,
7470652003031449686,7470595713668218927,
7470652003031449686,7470595713668218928,
7470652003031449686,7470595713668218929,
7470652003031449686,7470595713668218930,
7470652003031449686,7470595713668218931,
7470652003031449686,7470595713668218932,
7470652003031449686,7470595713668218933,
7470652003031449686,7470595713668218934,
7470652003031449686,7470595713668218935,
7470652003031449686,7470595713668218936,
7470652003031449686,7470595713668218937,
7470652003031449686,7470595713668218938,
7470652003031449686,7470595713668218939,
7470652003031449686,7470595713668218940,
7470652003031449686,7470595713668218941,
7470652003031449686,7470595713668218942,
7470652003031449686,7470595713668218943,
7470652003031449686,7470595713668218944,
7470652003031449686,7470595713668218945,
7470652003031449686,7470595713668218946,
7470652003031449686,7470595713668218947,
7470652003031449686,7470595713668218948,
7470652003031449686,7470595713668218949,
7470652003031449686,7470595713668218950,
7470652003031449686,7470595713668218951,
7470652003031449686,7470595713668218952,
7470652003031449686,7470595713668218953,
7470652003031449686,7470595713668218954,
7470652003031449686,7470595713668218955,
7470652003031449686,7470595713668218956,
7470652003031449686,7470595713668218957,
7470652003031449686,7470595713668218958,
7470652003031449686,7470595713668218959,
7470652003031449686,7470595713668218960,
7470652003031449686,7470595713668218961,
7470652003031449686,7470595713668218962,
7470652003031449686,7470595713668218963,
7470652003031449686,7470595713668218964,
7470652003031449686,7470595713668218965,
7470652003031449686,7470595713668218966,
7470652003031449686,7470595713668218967,
7470652003031449686,7470595713668218968,
7470652003031449686,7470595713668218969,
7470652003031449686,7470595713668218970,
7470652003031449686,7470595713668218971,
7470652003031449686,7470595713668218972,
7470652003031449686,7470595713668218973,
7470652003031449686,7470595713668218974,
7470652003031449686,7470595713668218975,
7470652003031449686,7470595713668218976,
7470652003031449686,7470595713668218977,
7470652003031449686,7470595713668218978,
7470652003031449686,7470595713668218979,
7470652003031449686,7470595713668218980,
7470652003031449686,7470595713668218981,
7470652003031449686,7470595713668218982,
7470652003031449686,7470595713668218983,
7470652003031449686,7470595713668218984,
7470652003031449686,7470595713668218985,
7470652003031449686,7470595713668218986,
7470652003031449686,7470595713668218987,
7470652003031449686,7470595713668218988,
7470652003031449686,7470595713668218989,
7470652003031449686,7470595713668218990,
7470652003031449686,7470595713668218991,
7470652003031449686,7470595713668218992,
7470652003031449686,7470595713668218993,
7470652003031449686,7470595713668218994,
7470652003031449686,7470595713668218995,
7470652003031449686,7470595713668218996,
7470652003031449686,7470595713668218997,
7470652003031449686,7470595713668218998,
7470652003031449686,7470595713668218999,
7470652003031449686,7470595713668219000,
7470652003031449686,7470595713668219001,
7470652003031449686,7470595713668219002,
7470652003031449686,7470595713668219003,
7470652003031449686,7470595713668219004,
7470652003031449686,7470595713668219005,
7470652003031449686,7470595713668219006,
7470652003031449686,7470595713668219007,
7470652003031449686,7470595713668219008,
7470652003031449686,7470595713668219009,
7470652003031449686,7470595713668219010,
7470652003031449686,7470595713668219011,
7470652003031449686,7470595713668219012,
7470652003031449686,7470595713668219013,
7470652003031449686,7470595713668219014,
7470652003031449686,7470595713668219015,
7470652003031449686,7470595713668219016,
7470652003031449686,7470595713668219017,
7470652003031449686,7470595713668219018,
7470652003031449686,7470595713668219019,
7470652003031449686,7470595713668219020,
7470652003031449686,7470595713668219021,
7470652003031449686,7470595713668219022,
7470652003031449686,7470595713668219023,
7470652003031449686,7470595713668219024,
7470652003031449686,7470595713668219025,
7470652003031449686,7470595713668219026,
7470652003031449686,7470595713668219027,
7470652003031449686,7470595713668219028,
7470652003031449686,7470595713668219029,
7470652003031449686,7470595713668219030,
7470652003031449686,7470595713668219031,
7470652003031449686,7470595713668219032,
7470652003031449686,7470595713668219033,
7470652003031449686,7470595713668219034,
7470652003031449686,7470595713668219035,
7470652003031449686,7471642305016738298,
7470652003031449686,7471642332538552139,
7470652003031449686,7471642357108318975,
7470652003031449686,7471647803514954819,
7470652003031449686,7471649420044850958,
7470652003031449686,7472120337152833090,
7470652003031449686,7472313540474197336,
7470652003031449686,7472313540496761381,
7470652003031449686,7472371116867657481,
7470652003031449686,7472371116870003411,
7470652003031449686,7472371116892010444,
7470652003031449686,7472371116893026575,
7470652003031449686,7472371116895692067,
7470652003031449686,7472371116898763155,
7470652003031449686,7472679508293457326,
7470652003031449686,7472762259843223653,
7470652003031449686,7472815276465267802,
7470652003031449686,7472815276467859960,
7470652003031449686,7472966923918264646,
7470652003031449686,7472966923962815185,
7470652003031449686,7472966923963542729,
7470652003031449686,7473208335357335934,
7470652003031449686,7473208335357699770,
7470652003031449686,7473208335411011492,
7470652003031449687,7470595713664024783,
7470652003031449687,7470595713664024784,
7470652003031449687,7470595713664024785,
7470652003031449687,7470595713664024801,
7470652003031449687,7470595713664024802,
7470652003031449687,7470595713664024803,
7470652003031449687,7470595713664024804,
7470652003031449687,7470595713664024805,
7470652003031449687,7470595713664024806,
7470652003031449687,7470595713664024807,
7470652003031449687,7470595713664024808,
7470652003031449687,7470595713664024809,
7470652003031449687,7470595713664024810,
7470652003031449687,7470595713664024811,
7470652003031449687,7470595713664024812,
7470652003031449687,7470595713664024813,
7470652003031449687,7470595713664024814,
7470652003031449687,7470595713664024815,
7470652003031449687,7470595713664024816,
7470652003031449687,7470595713664024817,
7470652003031449687,7470595713664024818,
7470652003031449687,7470595713664024819,
7470652003031449687,7470595713664024820,
7470652003031449687,7470595713664024821,
7470652003031449687,7470595713664024822,
7470652003031449687,7470595713664024823,
7470652003031449687,7470595713664024824,
7470652003031449687,7470595713664024825,
7470652003031449687,7470595713664024826,
7470652003031449687,7470595713664024827,
7470652003031449687,7470595713664024828,
7470652003031449687,7470595713664024829,
7470652003031449687,7470595713664024830,
7470652003031449687,7470595713664024831,
7470652003031449687,7470595713664024832,
7470652003031449687,7470595713664024833,
7470652003031449687,7470595713664024834,
7470652003031449687,7470595713664024835,
7470652003031449687,7470595713664024836,
7470652003031449687,7470595713664024837,
7470652003031449687,7470595713664024838,
7470652003031449687,7470595713664024839,
7470652003031449687,7470595713664024840,
7470652003031449687,7472120337163908902,
7470652003031449687,7472120337166775529,
7470652003031449687,7472120337169423337,
7470652003031449687,7472313540479488073,
7470652003031449687,7472313540517733084,
7470652003031449687,7472313540517950506,
7470652003031449687,7472313540522242134,
7470652003031449687,7472762259835508415,
7470652003031449687,7472762259835531135,
7470652003031449687,7473049686401765122,
7470652003031449687,7473049686405102352,
7470652003031449687,7473049686405166977,
7470652003031449687,7473049686405289216,
7470652003031449687,7473049686405371512,
7470652003031449687,7473049686406055718,
7470652003031449687,7473049686406185146,
7470652003031449687,7473049686406699263,
7470652003031449687,7473049686406700653,
7470652003031449687,7473049686408366963,
7470652003031449687,7473050929482727105,
7470652003031449688,7470595713664024786,
7470652003031449688,7470595713664024787,
7470652003031449688,7470595713664024788,
7470652003031449688,7470595713664024789,
7470652003031449688,7470595713664024790,
7470652003031449688,7470595713664024791,
7470652003031449688,7470595713664024792,
7470652003031449688,7470595713664024793,
7470652003031449688,7470595713664024794,
7470652003031449688,7470595713664024795,
7470652003031449688,7470595713664024796,
7470652003031449688,7470595713664024797,
7470652003031449688,7470595713664024798,
7470652003031449688,7470595713664024799,
7470652003031449688,7470595713664024800,
7470652003031449689,7470595713676607562,
7470652003031449689,7470595713676607563,
7470652003031449689,7470595713676607564,
7470652003031449689,7470595713676607565,
7470652003031449689,7470595713676607566,
7470652003031449689,7470595713676607567,
7470652003031449689,7470595713676607568,
7470652003031449689,7470595713676607569,
7470652003031449689,7470595713676607570,
7470652003031449689,7470595713676607571,
7470652003031449689,7470595713676607572,
7470652003031449689,7470595713676607573,
7470652003031449689,7470595713676607574,
7470652003031449689,7470595713676607575,
7470652003031449689,7470595713676607576,
7470652003031449689,7470595713676607577,
7470652003031449689,7470595713676607578,
7470652003031449689,7470595713676607579,
7470652003031449689,7470595713676607580,
7470652003031449689,7470595713676607581,
7470652003031449689,7470595713676607582,
7470652003031449689,7470595713676607583,
7470652003031449689,7470595713676607584,
7470652003031449689,7470595713676607585,
7470652003031449689,7470595713676607586,
7470652003031449689,7470595713676607587,
7470652003031449689,7470595713676607588,
7470652003031449689,7470595713676607589,
7470652003031449689,7470595713676607590,
7470652003031449689,7470595713676607591,
7470652003031449689,7470595713676607592,
7470652003031449689,7470595713676607593,
7470652003031449689,7470595713676607594,
7470652003031449689,7470595713676607595,
7470652003031449689,7470595713676607596,
7470652003031449689,7470595713676607597,
7470652003031449689,7470595713676607598,
7470652003031449689,7470595713676607599,
7470652003031449689,7470595713676607600,
7470652003031449689,7470595713676607601,
7470652003031449689,7470595713676607602,
7470652003031449689,7470595713676607603,
7470652003031449689,7470595713676607604,
7470652003031449689,7470595713676607605,
7470652003031449689,7470595713676607606,
7470652003031449689,7470595713676607607,
7470652003031449689,7470595713676607608,
7470652003031449689,7470595713676607609,
7470652003031449689,7470595713676607610,
7470652003031449689,7470595713676607611,
7470652003031449689,7470595713676607612,
7470652003031449689,7470595713676607613,
7470652003031449689,7470595713676607614,
7470652003031449689,7470595713676607615,
7470652003031449689,7470595713676607616,
7470652003031449689,7470595713676607617,
7470652003031449689,7470595713676607618,
7470652003031449689,7470595713676607619,
7470652003031449689,7470595713676607620,
7470652003031449689,7470595713676607621,
7470652003031449689,7470595713676607622,
7470652003031449689,7470595713676607623,
7470652003031449689,7470595713676607624,
7470652003031449689,7470595713676607625,
7470652003031449689,7470595713676607626,
7470652003031449689,7470595713676607627,
7470652003031449689,7470595713676607628,
7470652003031449689,7470595713676607629,
7470652003031449689,7470595713676607630,
7470652003031449689,7470595713676607631,
7470652003031449689,7470595713676607632,
7470652003031449689,7470595713676607633,
7470652003031449689,7470595713676607634,
7470652003031449689,7470595713676607635,
7470652003031449689,7470595713676607636,
7470652003031449689,7470595713676607637,
7470652003031449689,7470595713676607638,
7470652003031449689,7470595713676607639,
7470652003031449689,7470595713676607640,
7470652003031449689,7470595713676607641,
7470652003031449689,7470595713676607642,
7470652003031449689,7470595713676607643,
7470652003031449689,7470595713676607644,
7470652003031449689,7470595713676607645,
7470652003031449689,7470595713676607646,
7470652003031449689,7470595713676607647,
7470652003031449689,7470595713676607648,
7470652003031449689,7470595713676607649,
7470652003031449689,7470595713676607650,
7470652003031449689,7470595713676607651,
7470652003031449689,7470595713676607652,
7470652003031449689,7470595713676607653,
7470652003031449689,7470595713676607654,
7470652003031449689,7470595713676607655,
7470652003031449689,7470595713676607656,
7470652003031449689,7470595713676607657,
7470652003031449689,7470595713676607658,
7470652003031449689,7470595713676607659,
7470652003031449689,7470595713676607660,
7470652003031449689,7470595713676607661,
7470652003031449689,7470595713676607662,
7470652003031449689,7470595713676607663,
7470652003031449689,7470595713676607664,
7470652003031449689,7470595713676607665,
7470652003031449689,7470595713676607666,
7470652003031449689,7470595713676607667,
7470652003031449689,7470595713676607668,
7470652003031449689,7470595713676607669,
7470652003031449689,7470595713676607670,
7470652003031449689,7470595713676607671,
7470652003031449689,7470595713676607672,
7470652003031449689,7470595713676607673,
7470652003031449689,7470595713676607674,
7470652003031449689,7470595713676607675,
7470652003031449689,7470595713676607676,
7470652003031449689,7470595713676607677,
7470652003031449689,7470595713676607678,
7470652003031449689,7470595713676607679,
7470652003031449689,7470595713676607680,
7470652003031449689,7470595713676607681,
7470652003031449689,7470595713676607682,
7470652003031449689,7470595713676607683,
7470652003031449689,7470595713676607684,
7470652003031449689,7470595713676607685,
7470652003031449689,7470595713676607686,
7470652003031449689,7470595713676607687,
7470652003031449689,7470595713676607688,
7470652003031449689,7470595713676607689,
7470652003031449689,7470595713676607690,
7470652003031449689,7470595713676607691,
7470652003031449689,7470595713676607692,
7470652003031449689,7470595713676607693,
7470652003031449689,7470595713676607694,
7470652003031449689,7470595713676607695,
7470652003031449689,7470595713676607696,
7470652003031449689,7470595713676607697,
7470652003031449689,7470595713676607698,
7470652003031449689,7470595713676607699,
7470652003031449689,7470595713676607700,
7470652003031449689,7470595713676607701,
7470652003031449689,7470595713676607702,
7470652003031449689,7470595713676607703,
7470652003031449689,7470595713676607704,
7470652003031449689,7470595713676607705,
7470652003031449689,7470595713676607706,
7470652003031449689,7470595713676607707,
7470652003031449689,7470595713676607708,
7470652003031449689,7470595713676607709,
7470652003031449689,7470595713676607710,
7470652003031449689,7470595713676607711,
7470652003031449689,7470595713676607712,
7470652003031449689,7470595713676607713,
7470652003031449689,7470595713676607714,
7470652003031449689,7470595713676607715,
7470652003031449689,7470595713676607716,
7470652003031449689,7470595713676607717,
7470652003031449689,7470595713676607718,
7470652003031449689,7470595713676607719,
7470652003031449689,7470595713676607720,
7470652003031449689,7470595713676607721,
7470652003031449689,7470595713676607722,
7470652003031449689,7470595713676607723,
7470652003031449689,7470595713676607724,
7470652003031449689,7470595713676607725,
7470652003031449689,7470595713676607726,
7470652003031449689,7470595713676607727,
7470652003031449689,7470595713676607728,
7470652003031449689,7470595713676607729,
7470652003031449689,7470595713676607730,
7470652003031449689,7470595713676607731,
7470652003031449689,7470595713676607732,
7470652003031449689,7470595713676607733,
7470652003031449689,7470595713676607734,
7470652003031449689,7470595713676607735,
7470652003031449689,7470595713676607736,
7470652003031449689,7470595713676607737,
7470652003031449689,7470595713676607738,
7470652003031449689,7470595713676607739,
7470652003031449689,7470595713676607740,
7470652003031449689,7470595713676607741,
7470652003031449689,7470595713676607742,
7470652003031449689,7470595713676607743,
7470652003031449689,7470595713676607744,
7470652003031449689,7472120337202128486,
7470652003031449689,7472313540468081825,
7470652003031449689,7472313540527420603,
7470652003031449689,7472371116897465731,
7470652003031449689,7472762259838571908,
7470652003031449689,7472762259838767774,
7470652003031449689,7472762259840209041,
7470652003031449689,7472815276449780725,
7470652003031449689,7472815276498204733,
7470652003031449689,7472815276499652932,
7470652003031449689,7472815276500515743,
7470652003031449689,7472815276501231058,
7470652003031449689,7472815276501557763,
7470652003031449689,7472815276501667771,
7470652003031449689,7472815276501911663,
7470652003031449689,7472815276502113225,
7470652003031449689,7472815276502226042,
7470652003031449689,7472815276502793659,
7470652003031449689,7472815276503318301,
7470652003031449689,7472815276503634115,
7470652003031449689,7472815276503751247,
7470652003031449689,7472815276503819444,
7470652003031449689,7472815276504015147,
7470652003031449689,7472815276504995091,
7470652003031449689,7472815276505371813,
7470652003031449689,7472815276505477596,
7470652003031449689,7472815276505599661,
7470652003031449689,7472966923926563194,
7470652003031449689,7473049686376703674,
7470652003031449689,7473049686460392648,
7470652003031449689,7473049686461960148,
7470652003031449689,7473208335304172456,
7470652003031449689,7473208335344624768,
7470652003031449689,7473208335368198108,
7470652003031449689,7473208335408514048,
7470652003031449690,7470595713672413416,
7470652003031449690,7470595713672413417,
7470652003031449690,7470595713672413418,
7470652003031449690,7470595713672413419,
7470652003031449690,7470595713672413420,
7470652003031449690,7470595713672413421,
7470652003031449690,7470595713672413422,
7470652003031449690,7470595713672413423,
7470652003031449690,7470595713672413424,
7470652003031449690,7470595713672413425,
7470652003031449690,7470595713672413426,
7470652003031449690,7470595713672413427,
7470652003031449690,7470595713672413428,
7470652003031449690,7470595713672413429,
7470652003031449690,7470595713672413430,
7470652003031449690,7470595713672413431,
7470652003031449690,7470595713672413432,
7470652003031449690,7470595713672413433,
7470652003031449690,7470595713672413434,
7470652003031449690,7470595713672413435,
7470652003031449690,7470595713672413436,
7470652003031449690,7470595713672413437,
7470652003031449690,7470595713672413438,
7470652003031449690,7470595713672413439,
7470652003031449690,7470595713672413440,
7470652003031449690,7470595713672413441,
7470652003031449690,7470595713672413442,
7470652003031449690,7470595713672413443,
7470652003031449690,7470595713672413444,
7470652003031449690,7470595713672413445,
7470652003031449690,7470595713672413446,
7470652003031449690,7470595713672413447,
7470652003031449690,7470595713672413448,
7470652003031449690,7470595713672413449,
7470652003031449690,7470595713672413450,
7470652003031449690,7470595713672413451,
7470652003031449690,7470595713672413452,
7470652003031449690,7470595713672413453,
7470652003031449690,7470595713672413454,
7470652003031449690,7470595713672413455,
7470652003031449690,7470595713672413456,
7470652003031449690,7470595713672413457,
7470652003031449690,7470595713672413458,
7470652003031449690,7470595713672413459,
7470652003031449690,7470595713672413460,
7470652003031449690,7470595713672413461,
7470652003031449690,7470595713672413462,
7470652003031449690,7470595713672413463,
7470652003031449690,7470595713672413464,
7470652003031449690,7470595713672413465,
7470652003031449690,7470595713672413466,
7470652003031449690,7470595713672413467,
7470652003031449690,7470595713672413468,
7470652003031449690,7470595713672413469,
7470652003031449690,7470595713672413470,
7470652003031449690,7470595713672413471,
7470652003031449690,7470595713672413472,
7470652003031449690,7470595713672413473,
7470652003031449690,7470595713672413474,
7470652003031449690,7470595713672413475,
7470652003031449690,7470595713672413476,
7470652003031449690,7470595713672413477,
7470652003031449690,7470595713672413478,
7470652003031449690,7470595713672413479,
7470652003031449690,7470595713672413480,
7470652003031449690,7470595713672413481,
7470652003031449690,7470595713672413482,
7470652003031449690,7470595713672413483,
7470652003031449690,7470595713672413484,
7470652003031449690,7470595713672413485,
7470652003031449690,7470595713672413486,
7470652003031449690,7470595713672413487,
7470652003031449690,7470595713672413488,
7470652003031449690,7470595713672413489,
7470652003031449690,7470595713672413490,
7470652003031449690,7470595713672413491,
7470652003031449690,7470595713672413492,
7470652003031449690,7470595713672413493,
7470652003031449690,7470595713672413494,
7470652003031449690,7470595713672413495,
7470652003031449690,7470595713676607488,
7470652003031449690,7470595713676607489,
7470652003031449690,7470595713676607490,
7470652003031449690,7470595713773076636,
7470652003031449690,7471484549320894959,
7470652003031449690,7471616639819257175,
7470652003031449690,7471644836527064792,
7470652003031449690,7472120337158186267,
7470652003031449690,7472120337186075085,
7470652003031449690,7472120337217613490,
7470652003031449690,7472313540478894371,
7470652003031449690,7472313540479744682,
7470652003031449690,7472313540490922039,
7470652003031449690,7472313540504837901,
7470652003031449690,7472313540520228763,
7470652003031449690,7472313540523566029,
7470652003031449690,7472371116876217581,
7470652003031449690,7472371116878837055,
7470652003031449690,7472371116892234689,
7470652003031449690,7472371116892633180,
7470652003031449690,7472371116894195174,
7470652003031449690,7472371116899164825,
7470652003031449690,7472762259833115683,
7470652003031449690,7472762259833205398,
7470652003031449690,7472762259834360351,
7470652003031449690,7472762259836118578,
7470652003031449690,7472762259838398325,
7470652003031449690,7472762259839948158,
7470652003031449690,7472815276479748324,
7470652003031449690,7472815276495486682,
7470652003031449690,7472815276503108168,
7470652003031449690,7472815276504145764,
7470652003031449690,7472815276504882748,
7470652003031449690,7472968447474607596,
7470652003031449690,7472968447477655474,
7470652003031449690,7473049686422902642,
7470652003031449690,7473049686424502859,
7470652003031449690,7473049686463663971,
7470652003031449690,7473049686464316913,
7470652003031449690,7473049686464472128,
7470652003031449690,7473049686464896151,
7470652003031449690,7473208335284151193,
7470652003031449690,7473208335343410202,
7470652003031449690,7473208335379755611,
7470652003031449691,7470595713668219139,
7470652003031449691,7470595713668219140,
7470652003031449691,7470595713668219141,
7470652003031449691,7470595713668219142,
7470652003031449691,7470595713668219143,
7470652003031449691,7470595713668219144,
7470652003031449691,7470595713668219145,
7470652003031449691,7470595713668219146,
7470652003031449691,7470595713668219147,
7470652003031449691,7470595713668219148,
7470652003031449691,7470595713668219149,
7470652003031449691,7470595713668219150,
7470652003031449691,7470595713668219151,
7470652003031449691,7470595713668219153,
7470652003031449691,7470595713668219154,
7470652003031449691,7470595713668219155,
7470652003031449691,7470595713668219156,
7470652003031449691,7470595713668219157,
7470652003031449691,7470595713668219158,
7470652003031449691,7470595713668219159,
7470652003031449691,7470595713668219160,
7470652003031449691,7470595713668219161,
7470652003031449691,7470595713668219162,
7470652003031449691,7470595713668219163,
7470652003031449691,7470595713668219164,
7470652003031449691,7470595713668219165,
7470652003031449691,7470595713668219166,
7470652003031449691,7470595713668219167,
7470652003031449691,7470595713668219168,
7470652003031449691,7470595713668219169,
7470652003031449691,7470595713668219170,
7470652003031449691,7470595713668219171,
7470652003031449691,7470595713668219172,
7470652003031449691,7470595713668219173,
7470652003031449691,7470595713668219174,
7470652003031449691,7470595713668219175,
7470652003031449691,7470595713668219176,
7470652003031449691,7470595713668219177,
7470652003031449691,7470595713672413184,
7470652003031449691,7470595713672413185,
7470652003031449691,7470595713672413186,
7470652003031449691,7470595713672413187,
7470652003031449691,7470595713672413188,
7470652003031449691,7470595713672413189,
7470652003031449691,7470595713672413190,
7470652003031449691,7470595713672413191,
7470652003031449691,7470595713672413192,
7470652003031449691,7470595713672413193,
7470652003031449691,7470595713672413194,
7470652003031449691,7470595713672413195,
7470652003031449691,7470595713672413196,
7470652003031449691,7470595713672413197,
7470652003031449691,7470595713672413198,
7470652003031449691,7470595713672413199,
7470652003031449691,7470595713672413200,
7470652003031449691,7470595713672413201,
7470652003031449691,7470595713672413202,
7470652003031449691,7470595713672413203,
7470652003031449691,7470595713672413204,
7470652003031449691,7470595713672413205,
7470652003031449691,7470595713672413206,
7470652003031449691,7470595713672413207,
7470652003031449691,7470595713672413208,
7470652003031449691,7470595713672413209,
7470652003031449691,7470595713672413210,
7470652003031449691,7470595713672413211,
7470652003031449691,7470595713672413212,
7470652003031449691,7470595713672413213,
7470652003031449691,7470595713672413214,
7470652003031449691,7470595713672413215,
7470652003031449691,7470595713672413216,
7470652003031449691,7470595713672413217,
7470652003031449691,7470595713672413218,
7470652003031449691,7470595713672413219,
7470652003031449691,7470595713672413220,
7470652003031449691,7470595713672413221,
7470652003031449691,7470595713672413222,
7470652003031449691,7470595713672413223,
7470652003031449691,7470595713672413224,
7470652003031449691,7470595713672413225,
7470652003031449691,7470595713672413226,
7470652003031449691,7470595713672413227,
7470652003031449691,7470595713672413228,
7470652003031449691,7470595713672413229,
7470652003031449691,7470595713672413230,
7470652003031449691,7470595713672413231,
7470652003031449691,7470595713672413232,
7470652003031449691,7470595713672413233,
7470652003031449691,7470595713672413234,
7470652003031449691,7470595713672413235,
7470652003031449691,7470595713672413236,
7470652003031449691,7470595713672413237,
7470652003031449691,7470595713672413238,
7470652003031449691,7470595713672413239,
7470652003031449691,7470595713672413240,
7470652003031449691,7470595713672413241,
7470652003031449691,7470595713672413242,
7470652003031449691,7470595713672413243,
7470652003031449691,7470595713672413244,
7470652003031449691,7470595713672413245,
7470652003031449691,7470595713672413246,
7470652003031449691,7470595713672413247,
7470652003031449691,7470595713672413248,
7470652003031449691,7470595713672413249,
7470652003031449691,7470595713672413250,
7470652003031449691,7470595713672413251,
7470652003031449691,7470595713672413252,
7470652003031449691,7470595713672413253,
7470652003031449691,7470595713672413254,
7470652003031449691,7470595713672413255,
7470652003031449691,7470595713672413256,
7470652003031449691,7470595713672413257,
7470652003031449691,7470595713672413258,
7470652003031449691,7470595713672413259,
7470652003031449691,7470595713672413260,
7470652003031449691,7470595713672413261,
7470652003031449691,7470595713672413262,
7470652003031449691,7470595713672413263,
7470652003031449691,7470595713672413264,
7470652003031449691,7470595713672413265,
7470652003031449691,7470595713672413266,
7470652003031449691,7470595713672413267,
7470652003031449691,7470595713672413268,
7470652003031449691,7470595713672413269,
7470652003031449691,7470595713672413270,
7470652003031449691,7470595713672413271,
7470652003031449691,7470595713672413272,
7470652003031449691,7470595713672413273,
7470652003031449691,7470595713672413274,
7470652003031449691,7470595713672413275,
7470652003031449691,7470595713672413276,
7470652003031449691,7470595713672413277,
7470652003031449691,7470595713672413278,
7470652003031449691,7470595713672413279,
7470652003031449691,7470595713672413280,
7470652003031449691,7470595713672413281,
7470652003031449691,7470595713672413282,
7470652003031449691,7470595713672413283,
7470652003031449691,7470595713672413284,
7470652003031449691,7470595713672413285,
7470652003031449691,7470595713672413286,
7470652003031449691,7470595713672413287,
7470652003031449691,7470595713672413288,
7470652003031449691,7470595713672413289,
7470652003031449691,7470595713672413290,
7470652003031449691,7470595713672413291,
7470652003031449691,7470595713672413292,
7470652003031449691,7470595713672413293,
7470652003031449691,7471644201431121093,
7470652003031449691,7472120337217192527,
7470652003031449691,7472120337217997302,
7470652003031449691,7472120337220110651,
7470652003031449691,7472313540478015015,
7470652003031449691,7472313540523258011,
7470652003031449691,7472371116892870588,
7470652003031449691,7472371116895081164,
7470652003031449691,7472815276452488457,
7470652003031449691,7472815276453032918,
7470652003031449692,7470595713672413356,
7470652003031449692,7470595713672413357,
7470652003031449692,7470595713672413358,
7470652003031449692,7470595713672413359,
7470652003031449692,7470595713672413360,
7470652003031449692,7470595713672413361,
7470652003031449692,7470595713672413362,
7470652003031449692,7470595713672413363,
7470652003031449692,7470595713672413364,
7470652003031449692,7470595713672413365,
7470652003031449692,7470595713672413366,
7470652003031449692,7470595713672413367,
7470652003031449692,7470595713672413368,
7470652003031449692,7470595713672413369,
7470652003031449692,7470595713672413370,
7470652003031449692,7470595713672413371,
7470652003031449692,7470595713672413372,
7470652003031449692,7470595713672413373,
7470652003031449692,7470595713672413374,
7470652003031449692,7470595713672413375,
7470652003031449692,7470595713672413376,
7470652003031449692,7470595713672413377,
7470652003031449692,7470595713672413378,
7470652003031449692,7470595713672413379,
7470652003031449692,7470595713672413380,
7470652003031449692,7470595713672413381,
7470652003031449692,7470595713672413382,
7470652003031449692,7470595713672413383,
7470652003031449692,7470595713672413384,
7470652003031449692,7470595713672413385,
7470652003031449692,7470595713672413386,
7470652003031449692,7470595713672413387,
7470652003031449692,7470595713672413388,
7470652003031449692,7470595713672413389,
7470652003031449692,7470595713672413390,
7470652003031449692,7470595713672413391,
7470652003031449692,7470595713672413392,
7470652003031449692,7470595713672413393,
7470652003031449692,7470595713672413394,
7470652003031449692,7470595713672413395,
7470652003031449692,7470595713672413396,
7470652003031449692,7470595713672413397,
7470652003031449692,7470595713672413398,
7470652003031449692,7470595713672413399,
7470652003031449692,7470595713672413400,
7470652003031449692,7470595713672413401,
7470652003031449692,7470595713672413402,
7470652003031449692,7470595713672413403,
7470652003031449692,7472313540522380048,
7470652003031449692,7472762259836926890,
7470652003031449692,7472762259840470421,
7470652003031449692,7473049686427101729,
7470652003031449692,7473049686427219561,
7470652003031449692,7473208335414224394,
7470652003031449693,7470595713676607498,
7470652003031449693,7470595713676607499,
7470652003031449693,7470595713676607500,
7470652003031449693,7470595713676607501,
7470652003031449693,7470595713676607502,
7470652003031449693,7470595713676607503,
7470652003031449693,7470595713676607504,
7470652003031449693,7470595713676607505,
7470652003031449693,7470595713676607506,
7470652003031449693,7470595713676607507,
7470652003031449693,7470595713676607508,
7470652003031449693,7470595713676607509,
7470652003031449693,7470595713676607510,
7470652003031449693,7470595713676607511,
7470652003031449693,7470595713676607512,
7470652003031449693,7470595713676607513,
7470652003031449693,7470595713676607514,
7470652003031449693,7470595713676607515,
7470652003031449693,7470595713676607516,
7470652003031449693,7470595713676607517,
7470652003031449693,7470595713676607518,
7470652003031449693,7470595713676607519,
7470652003031449693,7470595713676607520,
7470652003031449693,7470595713676607521,
7470652003031449693,7470595713676607522,
7470652003031449693,7470595713676607523,
7470652003031449693,7470595713676607524,
7470652003031449693,7470595713676607525,
7470652003031449693,7470595713676607526,
7470652003031449693,7470595713676607527,
7470652003031449693,7470595713676607528,
7470652003031449693,7470595713676607529,
7470652003031449693,7470595713676607530,
7470652003031449693,7470595713676607531,
7470652003031449693,7470595713676607532,
7470652003031449693,7470595713676607533,
7470652003031449693,7470595713676607534,
7470652003031449693,7470595713676607535,
7470652003031449693,7470595713676607536,
7470652003031449693,7470595713676607537,
7470652003031449693,7470595713676607538,
7470652003031449693,7470595713676607539,
7470652003031449693,7470595713676607540,
7470652003031449693,7470595713676607541,
7470652003031449693,7470595713676607542,
7470652003031449693,7470595713676607543,
7470652003031449693,7470595713676607544,
7470652003031449693,7470595713676607545,
7470652003031449693,7470595713676607546,
7470652003031449693,7472681414326264568,
7470652003031449693,7472681414327675534,
7470652003031449693,7472681414328029746,
7470652003031449693,7472815276468630539,
7470652003031449693,7472966923949913335,
7470652003031449693,7472966923960676096,
7470652003031449693,7473208335307565982,
7470652003031449694,7470595713722744842,
7470652003031449694,7470595713722744843,
7470652003031449694,7470595713722744844,
7470652003031449694,7470595713722744845,
7470652003031449694,7470595713722744846,
7470652003031449694,7470595713722744847,
7470652003031449694,7470595713722744848,
7470652003031449694,7470595713722744849,
7470652003031449694,7470595713722744850,
7470652003031449694,7470595713722744851,
7470652003031449694,7470595713722744852,
7470652003031449694,7470595713722744853,
7470652003031449694,7470595713722744854,
7470652003031449694,7470595713722744855,
7470652003031449694,7470595713722744856,
7470652003031449694,7470595713722744857,
7470652003031449694,7470595713722744858,
7470652003031449694,7470595713722744859,
7470652003031449694,7470595713722744860,
7470652003031449694,7470595713722744861,
7470652003031449694,7470595713722744862,
7470652003031449694,7470595713722744863,
7470652003031449694,7470595713722744864,
7470652003031449694,7470595713722744865,
7470652003031449694,7470595713722744866,
7470652003031449694,7470595713722744867,
7470652003031449694,7470595713722744868,
7470652003031449694,7470595713722744869,
7470652003031449694,7470595713722744870,
7470652003031449694,7470595713722744871,
7470652003031449694,7470595713722744872,
7470652003031449694,7470595713722744873,
7470652003031449694,7470595713722744874,
7470652003031449694,7470595713722744875,
7470652003031449694,7470595713722744876,
7470652003031449694,7470595713722744877,
7470652003031449694,7470595713722744878,
7470652003031449694,7470595713722744879,
7470652003031449694,7470595713722744880,
7470652003031449694,7470595713722744881,
7470652003031449694,7470595713722744882,
7470652003031449694,7470595713722744883,
7470652003031449694,7470595713722744884,
7470652003031449694,7470595713722744885,
7470652003031449694,7470595713722744886,
7470652003031449694,7470595713722744887,
7470652003031449694,7470595713722745074,
7470652003031449694,7470595713722745075,
7470652003031449694,7470595713722745076,
7470652003031449694,7470595713722745077,
7470652003031449694,7470595713722745078,
7470652003031449694,7470595713722745079,
7470652003031449694,7470595713722745080,
7470652003031449694,7470595713722745081,
7470652003031449694,7470595713722745082,
7470652003031449694,7470595713722745083,
7470652003031449694,7470595713722745084,
7470652003031449694,7470595713722745085,
7470652003031449694,7470595713722745086,
7470652003031449694,7470595713722745087,
7470652003031449694,7470595713722745088,
7470652003031449694,7470595713722745089,
7470652003031449694,7470595713722745090,
7470652003031449694,7470595713722745091,
7470652003031449694,7470595713722745092,
7470652003031449694,7470595713722745093,
7470652003031449694,7470595713722745094,
7470652003031449694,7470595713722745095,
7470652003031449694,7470595713722745096,
7470652003031449694,7470595713722745097,
7470652003031449694,7470595713722745098,
7470652003031449694,7470595713722745099,
7470652003031449694,7470595713722745100,
7470652003031449694,7470595713722745101,
7470652003031449694,7470595713722745102,
7470652003031449694,7470595713722745103,
7470652003031449694,7470595713722745104,
7470652003031449694,7470595713722745105,
7470652003031449694,7470595713722745106,
7470652003031449694,7470595713722745107,
7470652003031449694,7470595713722745108,
7470652003031449694,7470595713722745109,
7470652003031449694,7470595713722745110,
7470652003031449694,7470595713722745111,
7470652003031449694,7470595713722745112,
7470652003031449694,7470595713722745113,
7470652003031449694,7470595713722745114,
7470652003031449694,7470595713722745115,
7470652003031449694,7470595713722745116,
7470652003031449694,7470595713722745117,
7470652003031449694,7470595713722745118,
7470652003031449694,7470595713722745119,
7470652003031449694,7470595713722745120,
7470652003031449694,7470595713722745121,
7470652003031449694,7470595713722745122,
7470652003031449694,7470595713722745123,
7470652003031449694,7470595713722745124,
7470652003031449694,7470595713722745125,
7470652003031449694,7470595713722745126,
7470652003031449694,7470595713722745127,
7470652003031449694,7470595713722745128,
7470652003031449694,7470595713722745129,
7470652003031449694,7470595713722745130,
7470652003031449694,7470595713722745131,
7470652003031449694,7470595713722745132,
7470652003031449694,7470595713722745133,
7470652003031449694,7470595713722745134,
7470652003031449694,7470595713722745135,
7470652003031449694,7470595713722745136,
7470652003031449694,7470595713722745137,
7470652003031449694,7470595713722745138,
7470652003031449694,7470595713722745139,
7470652003031449694,7470595713722745140,
7470652003031449694,7470595713722745141,
7470652003031449694,7470595713722745142,
7470652003031449694,7470595713722745143,
7470652003031449694,7470595713722745144,
7470652003031449694,7470595713722745145,
7470652003031449694,7470595713722745146,
7470652003031449694,7470595713722745147,
7470652003031449694,7470595713722745148,
7470652003031449694,7470595713722745149,
7470652003031449694,7470595713722745150,
7470652003031449694,7470595713722745151,
7470652003031449694,7470595713722745152,
7470652003031449694,7470595713726939136,
7470652003031449694,7470595713726939137,
7470652003031449694,7470595713726939138,
7470652003031449694,7470595713726939139,
7470652003031449694,7470595713726939140,
7470652003031449694,7470595713726939141,
7470652003031449694,7470595713726939142,
7470652003031449694,7470595713726939143,
7470652003031449694,7470595713726939144,
7470652003031449694,7470595713726939145,
7470652003031449694,7470595713726939146,
7470652003031449694,7470595713726939147,
7470652003031449694,7471505052008730650,
7470652003031449694,7471505528659974528,
7470652003031449694,7471505580320622152,
7470652003031449694,7472120337193854962,
7470652003031449694,7472815276464439947,
7470652003031449694,7472815276465746928,
7470652003031449694,7472815276466047661,
7470652003031449694,7472815276467415949,
7470652003031449694,7472815276467996274,
7470652003031449694,7472815276468092973,
7470652003031449694,7472966923916700437,
7470652003031449694,7472966923917302617,
7470652003031449694,7472966923917965111,
7470652003031449694,7472966923919073421,
7470652003031449694,7472966923919217272,
7470652003031449694,7472966923928875026,
7470652003031449694,7472966923941635685,
7470652003031449694,7472966923942058719,
7470652003031449694,7472966923943159641,
7470652003031449694,7472966923944592399,
7470652003031449694,7472966923944628282,
7470652003031449694,7472966923945229813,
7470652003031449694,7473050929484300540,
7470652003031449694,7473050929484895984,
7470652003031449694,7473208335315915131,
7470652003031449694,7473208335316367004,
7470652003031449694,7473208335317885037,
7470652003031449694,7473208335318526960,
7470652003031449694,7473208335318708832,
7470652003031449694,7473208335363095915,
7470652003031449694,7473208335365708641,
7470652003031449694,7473208335384175912,
7470652003031449694,7473208335410708347,
7470652003031449694,7473208335416243552,
7470652003031449695,7470595713722745003,
7470652003031449695,7470595713722745004,
7470652003031449695,7470595713722745005,
7470652003031449695,7470595713722745006,
7470652003031449695,7470595713722745007,
7470652003031449695,7470595713722745008,
7470652003031449695,7470595713722745009,
7470652003031449695,7470595713722745010,
7470652003031449695,7470595713722745011,
7470652003031449696,7470595713722744945,
7470652003031449696,7470595713722744946,
7470652003031449696,7470595713722744947,
7470652003031449696,7470595713722744948,
7470652003031449696,7470595713722744949,
7470652003031449696,7470595713722744950,
7470652003031449696,7470595713722744951,
7470652003031449696,7470595713722744952,
7470652003031449696,7470595713722744953,
7470652003031449696,7470595713722744954,
7470652003031449696,7470595713722744955,
7470652003031449696,7470595713722744956,
7470652003031449696,7470595713722744957,
7470652003031449696,7470595713722744958,
7470652003031449696,7470595713722744959,
7470652003031449696,7470595713722744960,
7470652003031449696,7470595713722744961,
7470652003031449696,7470595713722744962,
7470652003031449696,7470595713722744963,
7470652003031449696,7470595713722744964,
7470652003031449696,7470595713722744965,
7470652003031449696,7470595713722744966,
7470652003031449696,7470595713722744967,
7470652003031449696,7470595713722744968,
7470652003031449696,7470595713722744969,
7470652003031449696,7470595713722744970,
7470652003031449696,7470595713722744971,
7470652003031449696,7470595713722744972,
7470652003031449696,7470595713722744973,
7470652003031449696,7470595713722744974,
7470652003031449696,7470595713722744975,
7470652003031449696,7470595713722744976,
7470652003031449696,7470595713722744977,
7470652003031449696,7470595713722744978,
7470652003031449696,7470595713722744979,
7470652003031449696,7470595713722744980,
7470652003031449696,7470595713722744981,
7470652003031449696,7470595713722744982,
7470652003031449696,7470595713722744983,
7470652003031449696,7470595713722744984,
7470652003031449696,7470595713722744985,
7470652003031449696,7470595713722744986,
7470652003031449696,7470595713722744987,
7470652003031449696,7470595713722744988,
7470652003031449696,7470595713722744989,
7470652003031449696,7470595713722744990,
7470652003031449696,7470595713722744991,
7470652003031449696,7470595713722744992,
7470652003031449697,7470595713684996295,
7470652003031449697,7470595713722745037,
7470652003031449697,7470595713722745038,
7470652003031449697,7470595713722745039,
7470652003031449697,7470595713722745040,
7470652003031449697,7470595713722745041,
7470652003031449697,7470595713722745042,
7470652003031449697,7470595713722745043,
7470652003031449697,7470595713722745044,
7470652003031449697,7470595713722745045,
7470652003031449697,7470595713722745046,
7470652003031449697,7470595713722745047,
7470652003031449697,7470595713722745048,
7470652003031449697,7470595713722745049,
7470652003031449697,7470595713722745050,
7470652003031449697,7470595713722745051,
7470652003031449697,7470595713722745052,
7470652003031449697,7470595713722745053,
7470652003031449697,7470595713722745054,
7470652003031449697,7470595713722745055,
7470652003031449697,7470595713722745056,
7470652003031449697,7470595713722745057,
7470652003031449697,7470595713722745058,
7470652003031449697,7470595713722745059,
7470652003031449697,7470595713722745060,
7470652003031449697,7470595713722745061,
7470652003031449697,7470595713722745062,
7470652003031449697,7470595713722745063,
7470652003031449697,7470595713722745064,
7470652003031449697,7470595713722745065,
7470652003031449697,7470595713722745066,
7470652003031449697,7470595713722745067,
7470652003031449697,7470595713722745068,
7470652003031449697,7470595713722745069,
7470652003031449697,7470595713722745070,
7470652003031449697,7470595713722745071,
7470652003031449697,7470595713722745072,
7470652003031449697,7470595713722745073,
7470652003031449698,7470595713722744993,
7470652003031449698,7470595713722744994,
7470652003031449698,7470595713722744995,
7470652003031449698,7470595713722744996,
7470652003031449698,7470595713722744997,
7470652003031449698,7470595713722744998,
7470652003031449698,7470595713722744999,
7470652003031449698,7470595713722745000,
7470652003031449698,7470595713722745001,
7470652003031449698,7470595713722745002,
7470652003031449699,7470595713722744888,
7470652003031449699,7470595713722744889,
7470652003031449699,7470595713722744890,
7470652003031449699,7470595713722744891,
7470652003031449699,7470595713722744892,
7470652003031449699,7470595713722744893,
7470652003031449699,7470595713722744894,
7470652003031449699,7470595713722744895,
7470652003031449699,7470595713722744896,
7470652003031449699,7470595713722744897,
7470652003031449699,7470595713722744898,
7470652003031449699,7470595713722744899,
7470652003031449699,7470595713722744900,
7470652003031449699,7470595713722744901,
7470652003031449699,7470595713722744902,
7470652003031449699,7470595713722744903,
7470652003031449699,7470595713722744904,
7470652003031449699,7470595713722744905,
7470652003031449699,7470595713722744906,
7470652003031449699,7470595713722744907,
7470652003031449699,7470595713722744908,
7470652003031449699,7470595713722744909,
7470652003031449699,7470595713722744910,
7470652003031449699,7470595713722744911,
7470652003031449699,7470595713722744912,
7470652003031449699,7470595713722744913,
7470652003031449699,7470595713722744914,
7470652003031449699,7470595713722744915,
7470652003031449699,7470595713722744916,
7470652003031449699,7470595713722744917,
7470652003031449699,7470595713722744918,
7470652003031449699,7470595713722744919,
7470652003031449699,7470595713722744920,
7470652003031449699,7470595713722744921,
7470652003031449700,7470595713722744922,
7470652003031449700,7470595713722744923,
7470652003031449700,7470595713722744924,
7470652003031449700,7470595713722744925,
7470652003031449700,7470595713722744926,
7470652003031449700,7470595713722744927,
7470652003031449700,7470595713722744928,
7470652003031449700,7470595713722744929,
7470652003031449700,7470595713722744930,
7470652003031449700,7470595713722744931,
7470652003031449700,7470595713722744932,
7470652003031449700,7470595713722744933,
7470652003031449700,7470595713722744934,
7470652003031449700,7470595713722744935,
7470652003031449700,7470595713722744936,
7470652003031449700,7470595713722744937,
7470652003031449700,7470595713722744938,
7470652003031449700,7470595713722744939,
7470652003031449700,7470595713722744940,
7470652003031449700,7470595713722744941,
7470652003031449700,7470595713722744942,
7470652003031449700,7470595713722744943,
7470652003031449700,7470595713722744944,
7470652003031449701,7470595713722745012,
7470652003031449701,7470595713722745013,
7470652003031449701,7470595713722745014,
7470652003031449701,7470595713722745015,
7470652003031449701,7470595713722745016,
7470652003031449701,7470595713722745017,
7470652003031449701,7470595713722745018,
7470652003031449701,7470595713722745019,
7470652003031449701,7470595713722745020,
7470652003031449701,7470595713722745021,
7470652003031449701,7470595713722745022,
7470652003031449701,7470595713722745023,
7470652003031449701,7470595713722745024,
7470652003031449701,7470595713722745025,
7470652003031449701,7470595713722745026,
7470652003031449701,7470595713722745027,
7470652003031449701,7470595713722745028,
7470652003031449701,7470595713722745029,
7470652003031449701,7470595713722745030,
7470652003031449701,7470595713722745031,
7470652003031449701,7470595713722745032,
7470652003031449701,7470595713722745033,
7470652003031449701,7470595713722745034,
7470652003031449701,7470595713722745035,
7470652003031449701,7470595713722745036,
7470652003031449702,7470595713693384829,
7470652003031449702,7470595713693384830,
7470652003031449702,7470595713693384831,
7470652003031449702,7470595713693384832,
7470652003031449702,7470595713693384833,
7470652003031449702,7470595713693384834,
7470652003031449702,7470595713693384835,
7470652003031449702,7470595713693384836,
7470652003031449702,7470595713693384837,
7470652003031449702,7470595713693384838,
7470652003031449702,7470595713693384839,
7470652003031449702,7470595713693384840,
7470652003031449702,7470595713693384841,
7470652003031449702,7470595713693384842,
7470652003031449702,7470595713693384843,
7470652003031449702,7470595713693384844,
7470652003031449702,7470595713693384845,
7470652003031449702,7470595713693384846,
7470652003031449702,7470595713693384847,
7470652003031449702,7470595713693384848,
7470652003031449702,7470595713693384849,
7470652003031449702,7470595713693384850,
7470652003031449702,7470595713693384851,
7470652003031449702,7470595713693384852,
7470652003031449702,7470595713693384853,
7470652003031449702,7470595713693384854,
7470652003031449702,7470595713693384855,
7470652003031449702,7470595713693384856,
7470652003031449702,7470595713693384857,
7470652003031449702,7470595713693384858,
7470652003031449702,7470595713693384859,
7470652003031449702,7470595713693384860,
7470652003031449702,7470595713693384861,
7470652003031449702,7470595713693384862,
7470652003031449702,7470595713693384863,
7470652003031449702,7470595713693384864,
7470652003031449702,7470595713693384865,
7470652003031449702,7470595713693384866,
7470652003031449702,7470595713693384867,
7470652003031449702,7470595713693384966,
7470652003031449702,7470595713693384967,
7470652003031449702,7470595713693384968,
7470652003031449702,7470595713693384969,
7470652003031449702,7470595713693384970,
7470652003031449702,7470595713693384971,
7470652003031449702,7470595713693384972,
7470652003031449702,7470595713697579008,
7470652003031449702,7470595713697579009,
7470652003031449702,7470595713697579010,
7470652003031449702,7470595713697579011,
7470652003031449702,7470595713697579012,
7470652003031449702,7470595713697579013,
7470652003031449702,7470595713697579014,
7470652003031449702,7470595713697579015,
7470652003031449702,7470595713697579016,
7470652003031449702,7470595713697579017,
7470652003031449702,7470595713697579018,
7470652003031449702,7470595713697579019,
7470652003031449702,7470595713697579020,
7470652003031449702,7470595713697579021,
7470652003031449702,7470595713697579022,
7470652003031449702,7470595713697579023,
7470652003031449702,7470595713697579024,
7470652003031449702,7470595713697579025,
7470652003031449702,7470595713697579026,
7470652003031449702,7470595713697579027,
7470652003031449702,7470595713697579028,
7470652003031449702,7470595713697579029,
7470652003031449702,7470595713697579030,
7470652003031449702,7470595713697579031,
7470652003031449702,7470595713697579032,
7470652003031449702,7470595713697579033,
7470652003031449702,7470595713697579034,
7470652003031449702,7470595713697579035,
7470652003031449702,7470595713697579036,
7470652003031449702,7470595713697579037,
7470652003031449702,7470595713697579038,
7470652003031449702,7470595713697579039,
7470652003031449702,7470595713697579040,
7470652003031449702,7470595713697579041,
7470652003031449702,7470595713697579042,
7470652003031449702,7470595713697579043,
7470652003031449702,7470595713697579044,
7470652003031449702,7470595713697579045,
7470652003031449702,7470595713697579046,
7470652003031449702,7470595713697579047,
7470652003031449702,7470595713697579048,
7470652003031449702,7470595713697579049,
7470652003031449702,7470595713697579050,
7470652003031449702,7470595713697579051,
7470652003031449702,7470595713697579052,
7470652003031449702,7470595713697579053,
7470652003031449702,7470595713697579061,
7470652003031449702,7470595713697579129,
7470652003031449702,7470595713697579130,
7470652003031449702,7470595713701773350,
7470652003031449702,7470595713701773351,
7470652003031449702,7470595713701773352,
7470652003031449702,7470595713705967750,
7470652003031449702,7470595713705967751,
7470652003031449702,7470595713705967752,
7470652003031449702,7470595713705967753,
7470652003031449702,7470595713705967754,
7470652003031449702,7470595713705967755,
7470652003031449702,7470595713705967756,
7470652003031449702,7472313540492392544,
7470652003031449702,7472313540495976019,
7470652003031449702,7472371116867412849,
7470652003031449702,7472371116869422280,
7470652003031449702,7472371116870583816,
7470652003031449702,7472815276477138163,
7470652003031449702,7472815276480117381,
7470652003031449702,7472966923926721822,
7470652003031449702,7472966923927446915,
7470652003031449702,7472966923928088604,
7470652003031449702,7473208335287285355,
7470652003031449702,7473208335334380285,
7470652003031449702,7473208335335054306,
7470652003031449702,7473208335335904301,
7470652003031449702,7473208335343055367,
7470652003031449703,7470595713697579062,
7470652003031449703,7470595713697579063,
7470652003031449703,7470595713697579064,
7470652003031449703,7470595713697579065,
7470652003031449703,7470595713697579066,
7470652003031449703,7470595713697579067,
7470652003031449703,7470595713697579068,
7470652003031449703,7470595713697579069,
7470652003031449703,7470595713697579070,
7470652003031449703,7470595713697579071,
7470652003031449703,7470595713697579072,
7470652003031449703,7470595713697579073,
7470652003031449703,7470595713697579074,
7470652003031449703,7470595713697579075,
7470652003031449703,7470595713697579076,
7470652003031449703,7470595713697579077,
7470652003031449703,7470595713697579078,
7470652003031449703,7470595713697579079,
7470652003031449703,7470595713697579080,
7470652003031449703,7470595713697579081,
7470652003031449703,7470595713697579082,
7470652003031449703,7470595713697579083,
7470652003031449703,7470595713697579084,
7470652003031449703,7470595713697579085,
7470652003031449703,7470595713697579086,
7470652003031449703,7470595713697579087,
7470652003031449703,7470595713697579088,
7470652003031449703,7470595713697579089,
7470652003031449703,7470595713697579090,
7470652003031449703,7470595713697579091,
7470652003031449703,7470595713697579092,
7470652003031449703,7470595713697579093,
7470652003031449703,7470595713697579094,
7470652003031449703,7470595713697579095,
7470652003031449703,7470595713697579096,
7470652003031449703,7470595713697579097,
7470652003031449703,7470595713697579098,
7470652003031449703,7470595713697579099,
7470652003031449703,7470595713697579100,
7470652003031449703,7470595713697579101,
7470652003031449703,7470595713697579102,
7470652003031449703,7470595713697579103,
7470652003031449703,7470595713697579104,
7470652003031449703,7470595713697579105,
7470652003031449703,7470595713697579106,
7470652003031449703,7470595713697579107,
7470652003031449703,7470595713697579108,
7470652003031449703,7470595713697579109,
7470652003031449703,7470595713697579110,
7470652003031449703,7470595713697579111,
7470652003031449703,7470595713697579112,
7470652003031449703,7470595713697579113,
7470652003031449703,7470595713697579114,
7470652003031449703,7470595713697579115,
7470652003031449703,7470595713697579116,
7470652003031449703,7470595713697579117,
7470652003031449703,7470595713697579118,
7470652003031449703,7470595713697579119,
7470652003031449703,7470595713697579120,
7470652003031449703,7470595713697579121,
7470652003031449703,7470595713697579122,
7470652003031449703,7470595713697579123,
7470652003031449703,7470595713697579124,
7470652003031449703,7470595713697579125,
7470652003031449703,7470595713697579126,
7470652003031449703,7470595713697579127,
7470652003031449703,7470595713697579128,
7470652003031449703,7470595713714356230,
7470652003031449703,7470595713810825436,
7470652003031449703,7472966923932854884,
7470652003031449703,7472966923933486972,
7470652003031449703,7472966923933621755,
7470652003031449703,7472966923934062788,
7470652003031449703,7472966923934592135,
7470652003031449703,7472966923934742898,
7470652003031449703,7472966923934897084,
7470652003031449703,7472966923935160916,
7470652003031449703,7472966923935928889,
7470652003031449703,7473208335330976471,
7470652003031449703,7473208335331604821,
7470652003031449703,7473208335340386776,
7470652003031449703,7473208335433418665,
7470652003031449704,7470595713693384868,
7470652003031449704,7470595713693384869,
7470652003031449704,7470595713693384870,
7470652003031449704,7470595713693384871,
7470652003031449704,7470595713693384872,
7470652003031449704,7470595713693384873,
7470652003031449704,7470595713693384874,
7470652003031449704,7470595713693384875,
7470652003031449704,7470595713693384876,
7470652003031449704,7470595713693384877,
7470652003031449704,7470595713693384878,
7470652003031449704,7470595713693384879,
7470652003031449704,7470595713693384880,
7470652003031449704,7470595713693384881,
7470652003031449704,7470595713693384882,
7470652003031449704,7470595713693384883,
7470652003031449704,7470595713693384884,
7470652003031449704,7470595713693384885,
7470652003031449704,7470595713693384886,
7470652003031449704,7470595713693384887,
7470652003031449704,7470595713693384888,
7470652003031449704,7470595713693384889,
7470652003031449704,7470595713693384890,
7470652003031449704,7470595713693384891,
7470652003031449704,7470595713693384892,
7470652003031449704,7470595713693384893,
7470652003031449704,7470595713693384894,
7470652003031449704,7470595713693384895,
7470652003031449704,7470595713693384896,
7470652003031449704,7470595713693384897,
7470652003031449704,7470595713693384898,
7470652003031449704,7470595713693384899,
7470652003031449704,7470595713693384900,
7470652003031449704,7470595713693384901,
7470652003031449704,7470595713693384902,
7470652003031449704,7470595713693384903,
7470652003031449704,7470595713693384904,
7470652003031449704,7470595713693384905,
7470652003031449704,7470595713693384906,
7470652003031449704,7470595713693384907,
7470652003031449704,7470595713693384908,
7470652003031449704,7470595713693384909,
7470652003031449704,7470595713693384910,
7470652003031449704,7470595713693384911,
7470652003031449704,7470595713693384912,
7470652003031449704,7470595713693384913,
7470652003031449704,7470595713693384914,
7470652003031449704,7470595713693384915,
7470652003031449704,7470595713693384916,
7470652003031449704,7470595713693384917,
7470652003031449704,7470595713693384918,
7470652003031449704,7470595713693384919,
7470652003031449704,7470595713693384920,
7470652003031449704,7470595713693384921,
7470652003031449704,7470595713693384922,
7470652003031449704,7470595713693384923,
7470652003031449704,7470595713693384924,
7470652003031449704,7470595713693384925,
7470652003031449704,7470595713693384926,
7470652003031449704,7470595713693384927,
7470652003031449704,7470595713693384928,
7470652003031449704,7470595713693384929,
7470652003031449704,7470595713693384930,
7470652003031449704,7470595713693384931,
7470652003031449704,7470595713693384932,
7470652003031449704,7470595713693384933,
7470652003031449704,7470595713693384934,
7470652003031449704,7470595713693384935,
7470652003031449704,7470595713693384936,
7470652003031449704,7470595713693384937,
7470652003031449704,7470595713693384938,
7470652003031449704,7470595713693384939,
7470652003031449704,7470595713693384940,
7470652003031449704,7470595713693384941,
7470652003031449704,7470595713693384942,
7470652003031449704,7470595713693384943,
7470652003031449704,7470595713693384944,
7470652003031449704,7470595713693384945,
7470652003031449704,7470595713693384946,
7470652003031449704,7470595713693384947,
7470652003031449704,7470595713693384948,
7470652003031449704,7470595713693384949,
7470652003031449704,7470595713693384950,
7470652003031449704,7470595713693384951,
7470652003031449704,7470595713693384952,
7470652003031449704,7470595713693384953,
7470652003031449704,7470595713693384954,
7470652003031449704,7470595713693384955,
7470652003031449704,7470595713693384956,
7470652003031449704,7470595713693384957,
7470652003031449704,7470595713693384958,
7470652003031449704,7470595713693384959,
7470652003031449704,7470595713693384960,
7470652003031449704,7470595713693384961,
7470652003031449704,7470595713693384962,
7470652003031449704,7470595713693384963,
7470652003031449704,7470595713693384964,
7470652003031449704,7470595713693384965,
7470652003031449704,7470595713760493716,
7470652003031449704,7472313540456969285,
7470652003031449704,7472313540457310944,
7470652003031449704,7472313540457359157,
7470652003031449704,7472313540492124876,
7470652003031449704,7472371116862974287,
7470652003031449704,7472371116863038959,
7470652003031449704,7472371116863274340,
7470652003031449704,7472371116863328978,
7470652003031449704,7472371116863487106,
7470652003031449704,7472371116863862102,
7470652003031449704,7472371116863947735,
7470652003031449704,7472371116864145455,
7470652003031449704,7472371116864236212,
7470652003031449704,7472371116865120520,
7470652003031449704,7472371116865568345,
7470652003031449704,7472371116866705227,
7470652003031449704,7472815276493444932,
7470652003031449704,7472815276496749537,
7470652003031449704,7472815276497444158,
7470652003031449704,7473208335320560188,
7470652003031449704,7473208335320912736,
7470652003031449704,7473208335323242933,
7470652003031449704,7473208335418772406,
7470652003031449704,7473208335419942252,
7470652003031449704,7473208335435038263,
7470652003031449704,7473208335435537670,
7470652003031449704,7473208335437619897,
7470652003031449705,7470595713697579054,
7470652003031449705,7470595713697579055,
7470652003031449705,7470595713697579056,
7470652003031449705,7470595713697579057,
7470652003031449705,7470595713697579058,
7470652003031449705,7470595713697579059,
7470652003031449705,7470595713697579060,
7470652003031449706,7470595713697579131,
7470652003031449706,7470595713697579132,
7470652003031449706,7470595713697579133,
7470652003031449706,7470595713697579134,
7470652003031449706,7470595713697579135,
7470652003031449706,7470595713697579136,
7470652003031449706,7470595713697579137,
7470652003031449706,7470595713697579138,
7470652003031449706,7470595713697579139,
7470652003031449706,7470595713697579140,
7470652003031449706,7470595713697579141,
7470652003031449706,7470595713697579142,
7470652003031449706,7470595713697579143,
7470652003031449706,7470595713697579144,
7470652003031449706,7470595713697579145,
7470652003031449706,7470595713697579146,
7470652003031449706,7470595713697579147,
7470652003031449706,7470595713697579148,
7470652003031449706,7470595713697579149,
7470652003031449706,7470595713697579150,
7470652003031449706,7470595713697579151,
7470652003031449706,7470595713697579152,
7470652003031449706,7470595713697579153,
7470652003031449706,7470595713697579154,
7470652003031449706,7470595713697579155,
7470652003031449706,7470595713697579156,
7470652003031449706,7470595713697579157,
7470652003031449706,7470595713697579158,
7470652003031449706,7470595713697579159,
7470652003031449706,7470595713697579160,
7470652003031449706,7470595713697579161,
7470652003031449706,7470595713697579162,
7470652003031449706,7470595713697579163,
7470652003031449706,7470595713697579164,
7470652003031449706,7470595713697579165,
7470652003031449706,7470595713697579166,
7470652003031449706,7470595713697579167,
7470652003031449706,7470595713697579168,
7470652003031449706,7470595713697579169,
7470652003031449706,7470595713697579170,
7470652003031449706,7470595713697579171,
7470652003031449706,7470595713697579172,
7470652003031449706,7470595713697579173,
7470652003031449706,7470595713697579174,
7470652003031449706,7470595713697579175,
7470652003031449706,7470595713697579176,
7470652003031449706,7470595713697579177,
7470652003031449706,7470595713697579178,
7470652003031449706,7470595713697579179,
7470652003031449706,7470595713697579180,
7470652003031449706,7470595713697579181,
7470652003031449706,7470595713697579182,
7470652003031449706,7470595713697579183,
7470652003031449706,7470595713697579184,
7470652003031449706,7470595713697579185,
7470652003031449706,7470595713697579186,
7470652003031449706,7470595713697579187,
7470652003031449706,7470595713697579188,
7470652003031449706,7470595713697579189,
7470652003031449706,7470595713697579190,
7470652003031449706,7470595713697579191,
7470652003031449706,7470595713697579192,
7470652003031449706,7470595713697579193,
7470652003031449706,7470595713697579194,
7470652003031449706,7470595713697579195,
7470652003031449706,7470595713697579196,
7470652003031449706,7470595713697579197,
7470652003031449706,7470595713697579198,
7470652003031449706,7470595713697579199,
7470652003031449706,7470595713697579200,
7470652003031449706,7470595713697579201,
7470652003031449706,7470595713697579202,
7470652003031449706,7470595713697579203,
7470652003031449706,7470595713697579204,
7470652003031449706,7470595713697579205,
7470652003031449706,7470595713697579206,
7470652003031449706,7470595713697579207,
7470652003031449706,7470595713697579208,
7470652003031449706,7470595713697579209,
7470652003031449706,7470595713697579210,
7470652003031449706,7470595713697579211,
7470652003031449706,7470595713697579212,
7470652003031449706,7470595713697579213,
7470652003031449706,7470595713697579214,
7470652003031449706,7470595713697579215,
7470652003031449706,7470595713697579216,
7470652003031449706,7470595713697579217,
7470652003031449706,7470595713697579218,
7470652003031449706,7470595713697579219,
7470652003031449706,7470595713697579220,
7470652003031449706,7470595713697579221,
7470652003031449706,7470595713697579222,
7470652003031449706,7470595713697579223,
7470652003031449706,7470595713697579224,
7470652003031449706,7470595713697579225,
7470652003031449706,7470595713697579226,
7470652003031449706,7470595713697579227,
7470652003031449706,7470595713697579228,
7470652003031449706,7470595713697579229,
7470652003031449706,7470595713697579230,
7470652003031449706,7470595713697579231,
7470652003031449706,7470595713697579232,
7470652003031449706,7470595713697579233,
7470652003031449706,7470595713697579234,
7470652003031449706,7470595713697579235,
7470652003031449706,7470595713697579236,
7470652003031449706,7470595713697579237,
7470652003031449706,7470595713697579238,
7470652003031449706,7470595713697579239,
7470652003031449706,7470595713697579240,
7470652003031449706,7470595713697579241,
7470652003031449706,7470595713697579242,
7470652003031449706,7470595713697579243,
7470652003031449706,7470595713697579244,
7470652003031449706,7470595713697579245,
7470652003031449706,7470595713697579246,
7470652003031449706,7470595713697579247,
7470652003031449706,7470595713697579248,
7470652003031449706,7470595713697579249,
7470652003031449706,7470595713697579250,
7470652003031449706,7470595713697579251,
7470652003031449706,7470595713697579252,
7470652003031449706,7470595713697579253,
7470652003031449706,7470595713701773312,
7470652003031449706,7470595713701773313,
7470652003031449706,7470595713701773314,
7470652003031449706,7470595713701773315,
7470652003031449706,7470595713701773316,
7470652003031449706,7470595713701773317,
7470652003031449706,7470595713701773318,
7470652003031449706,7470595713701773319,
7470652003031449706,7470595713701773320,
7470652003031449706,7470595713701773321,
7470652003031449706,7470595713701773322,
7470652003031449706,7470595713701773323,
7470652003031449706,7470595713701773324,
7470652003031449706,7470595713701773325,
7470652003031449706,7470595713701773326,
7470652003031449706,7470595713701773327,
7470652003031449706,7470595713701773328,
7470652003031449706,7470595713701773329,
7470652003031449706,7470595713701773330,
7470652003031449706,7470595713701773331,
7470652003031449706,7470595713701773332,
7470652003031449706,7470595713701773333,
7470652003031449706,7470595713701773334,
7470652003031449706,7470595713701773335,
7470652003031449706,7470595713701773336,
7470652003031449706,7470595713701773337,
7470652003031449706,7470595713701773338,
7470652003031449706,7470595713701773339,
7470652003031449706,7470595713701773340,
7470652003031449706,7470595713701773341,
7470652003031449706,7470595713701773342,
7470652003031449706,7470595713701773343,
7470652003031449706,7470595713701773344,
7470652003031449706,7470595713701773345,
7470652003031449706,7470595713701773346,
7470652003031449706,7470595713701773347,
7470652003031449706,7470595713701773348,
7470652003031449706,7470595713701773349,
7470652003031449706,7471440810996083084,
7470652003031449706,7471441035499594714,
7470652003031449706,7471441139241556969,
7470652003031449706,7471441298555822045,
7470652003031449706,7471441379409680715,
7470652003031449706,7472313540503148340,
7470652003031449706,7472313540503666649,
7470652003031449706,7472313540503694408,
7470652003031449706,7472313540503811602,
7470652003031449706,7472313540503924695,
7470652003031449706,7472313540504128777,
7470652003031449706,7472313540505338277,
7470652003031449706,7472313540505414664,
7470652003031449706,7472313540505453364,
7470652003031449706,7472313540505515373,
7470652003031449706,7472313540505785041,
7470652003031449706,7472313540505841093,
7470652003031449706,7472313540506311509,
7470652003031449706,7472313540506450964,
7470652003031449706,7472313540506679245,
7470652003031449706,7472313540507416456,
7470652003031449706,7472313540507521668,
7470652003031449706,7472313540509464633,
7470652003031449706,7472313540509603787,
7470652003031449706,7472313540510126011,
7470652003031449706,7472313540515720981,
7470652003031449706,7472371116878147442,
7470652003031449706,7472371116878288292,
7470652003031449706,7472371116878340748,
7470652003031449706,7472371116905221779,
7470652003031449706,7472371116905365717,
7470652003031449706,7472371116905528202,
7470652003031449706,7472371116905835494,
7470652003031449706,7472371116906186083,
7470652003031449706,7472371116907971614,
7470652003031449706,7472762259829035993,
7470652003031449706,7472762259831125250,
7470652003031449706,7472966923936224989,
7470652003031449706,7473208335314345523,
7470652003031449706,7473208335360853004,
7470652003031449706,7473208335361586585,
7470652003031449706,7473208335370024268,
7470652003031449706,7473208335397369633,
7470652003031449706,7473208335398950228,
7470652003031449706,7473208335399109505,
7470652003031449706,7473208335399250415,
7470652003031449706,7473208335399772067,
7470652003031449706,7473208335401632341,
7470652003031449706,7473208335401826763,
7470652003031449706,7473208335402756412,
7470652003031449706,7473208335403530227,
7470652003031449706,7473208335404076183,
7470652003031449706,7473208335430585116,
7470652003031449706,7473208335430716519,
7470652003031449706,7473208335431091076,
7470652003031449706,7473208335433112663,
7470652003031449707,7470595713693384853,
7470652003031449707,7470595713693384855,
7470652003031449707,7470595713693384856,
7470652003031449707,7470595713697579017,
7470652003031449707,7470595713697579018,
7470652003031449707,7470595713697579048,
7470652003031449707,7470595713701773353,
7470652003031449707,7470595713701773354,
7470652003031449707,7470595713701773355,
7470652003031449707,7470595713701773356,
7470652003031449707,7470595713701773357,
7470652003031449707,7470595713701773358,
7470652003031449707,7470595713701773359,
7470652003031449707,7470595713701773360,
7470652003031449707,7470595713701773361,
7470652003031449707,7470595713701773362,
7470652003031449707,7470595713701773363,
7470652003031449707,7470595713701773364,
7470652003031449707,7470595713701773365,
7470652003031449707,7470595713701773366,
7470652003031449707,7470595713701773367,
7470652003031449707,7470595713701773368,
7470652003031449707,7470595713701773369,
7470652003031449707,7470595713701773370,
7470652003031449707,7470595713701773371,
7470652003031449707,7470595713701773372,
7470652003031449707,7470595713701773373,
7470652003031449707,7470595713701773374,
7470652003031449707,7470595713701773375,
7470652003031449707,7470595713701773376,
7470652003031449707,7470595713701773377,
7470652003031449707,7470595713701773378,
7470652003031449707,7470595713701773379,
7470652003031449707,7470595713701773380,
7470652003031449707,7470595713701773381,
7470652003031449707,7470595713701773382,
7470652003031449707,7470595713701773383,
7470652003031449707,7470595713701773384,
7470652003031449707,7470595713701773385,
7470652003031449707,7470595713701773386,
7470652003031449707,7470595713701773387,
7470652003031449707,7470595713701773388,
7470652003031449707,7470595713701773389,
7470652003031449707,7470595713701773390,
7470652003031449707,7470595713701773391,
7470652003031449707,7470595713701773392,
7470652003031449707,7470595713701773393,
7470652003031449707,7470595713701773394,
7470652003031449707,7470595713701773395,
7470652003031449707,7470595713701773396,
7470652003031449707,7470595713701773397,
7470652003031449707,7470595713701773398,
7470652003031449707,7470595713701773399,
7470652003031449707,7470595713701773400,
7470652003031449707,7470595713701773401,
7470652003031449707,7470595713701773459,
7470652003031449707,7470595713701773460,
7470652003031449707,7470595713701773461,
7470652003031449707,7470595713701773462,
7470652003031449707,7470595713701773463,
7470652003031449707,7470595713701773464,
7470652003031449707,7470595713701773465,
7470652003031449707,7470595713701773466,
7470652003031449707,7470595713701773467,
7470652003031449707,7470595713701773468,
7470652003031449707,7470595713701773469,
7470652003031449707,7470595713701773470,
7470652003031449707,7470595713701773471,
7470652003031449707,7470595713701773472,
7470652003031449707,7470595713701773473,
7470652003031449707,7470595713701773474,
7470652003031449707,7470595713701773475,
7470652003031449707,7470595713701773476,
7470652003031449707,7470595713701773477,
7470652003031449707,7470595713701773478,
7470652003031449707,7470595713701773479,
7470652003031449707,7470595713701773480,
7470652003031449707,7470595713701773481,
7470652003031449707,7470595713701773482,
7470652003031449707,7470595713701773483,
7470652003031449707,7470595713701773484,
7470652003031449707,7470595713701773485,
7470652003031449707,7470595713701773486,
7470652003031449707,7470595713701773487,
7470652003031449707,7470595713701773488,
7470652003031449707,7470595713701773489,
7470652003031449707,7470595713701773490,
7470652003031449707,7470595713701773491,
7470652003031449707,7470595713701773492,
7470652003031449707,7470595713701773493,
7470652003031449707,7470595713701773494,
7470652003031449707,7470595713701773495,
7470652003031449707,7470595713701773496,
7470652003031449707,7470595713701773497,
7470652003031449707,7470595713701773498,
7470652003031449707,7470595713701773499,
7470652003031449707,7470595713701773500,
7470652003031449707,7470595713701773501,
7470652003031449707,7470595713701773502,
7470652003031449707,7470595713701773503,
7470652003031449707,7470595713701773504,
7470652003031449707,7470595713701773505,
7470652003031449707,7470595713701773506,
7470652003031449707,7470595713701773507,
7470652003031449707,7470595713701773508,
7470652003031449707,7470595713701773509,
7470652003031449707,7470595713701773510,
7470652003031449707,7470595713701773511,
7470652003031449707,7470595713701773512,
7470652003031449707,7470595713701773513,
7470652003031449707,7470595713701773514,
7470652003031449707,7470595713701773515,
7470652003031449707,7470595713701773516,
7470652003031449707,7470595713701773517,
7470652003031449707,7470595713701773518,
7470652003031449707,7470595713701773519,
7470652003031449707,7470595713701773520,
7470652003031449707,7470595713701773521,
7470652003031449707,7470595713701773522,
7470652003031449707,7470595713701773523,
7470652003031449707,7470595713701773524,
7470652003031449707,7470595713701773525,
7470652003031449707,7470595713701773526,
7470652003031449707,7470595713701773527,
7470652003031449707,7470595713701773528,
7470652003031449707,7470595713701773529,
7470652003031449707,7470595713701773530,
7470652003031449707,7470595713701773531,
7470652003031449707,7470595713701773532,
7470652003031449707,7470595713701773533,
7470652003031449707,7470595713701773534,
7470652003031449707,7470595713701773535,
7470652003031449707,7470595713701773536,
7470652003031449707,7470595713701773537,
7470652003031449707,7470595713701773538,
7470652003031449707,7470595713701773539,
7470652003031449707,7470595713701773540,
7470652003031449707,7470595713701773541,
7470652003031449707,7470595713701773542,
7470652003031449707,7470595713701773543,
7470652003031449707,7470595713701773544,
7470652003031449707,7470595713701773545,
7470652003031449707,7470595713701773546,
7470652003031449707,7470595713705967616,
7470652003031449707,7470595713705967617,
7470652003031449707,7470595713705967618,
7470652003031449707,7470595713705967619,
7470652003031449707,7470595713705967620,
7470652003031449707,7470595713705967621,
7470652003031449707,7470595713705967622,
7470652003031449707,7470595713705967623,
7470652003031449707,7470595713705967624,
7470652003031449707,7470595713705967625,
7470652003031449707,7470595713705967626,
7470652003031449707,7470595713705967627,
7470652003031449707,7470595713705967628,
7470652003031449707,7470595713705967629,
7470652003031449707,7470595713705967630,
7470652003031449707,7470595713705967631,
7470652003031449707,7470595713705967632,
7470652003031449707,7470595713705967633,
7470652003031449707,7470595713705967634,
7470652003031449707,7470595713705967635,
7470652003031449707,7470595713705967636,
7470652003031449707,7470595713705967637,
7470652003031449707,7470595713705967652,
7470652003031449707,7470595713705967653,
7470652003031449707,7470595713705967654,
7470652003031449707,7470595713705967655,
7470652003031449707,7470595713705967678,
7470652003031449707,7470595713705967679,
7470652003031449707,7470595713705967680,
7470652003031449707,7470595713705967681,
7470652003031449707,7470595713705967682,
7470652003031449707,7470595713705967683,
7470652003031449707,7470595713705967684,
7470652003031449707,7470595713705967685,
7470652003031449707,7470595713705967686,
7470652003031449707,7470595713705967687,
7470652003031449707,7470595713705967688,
7470652003031449707,7470595713705967689,
7470652003031449707,7470595713705967690,
7470652003031449707,7470595713705967691,
7470652003031449707,7470595713705967692,
7470652003031449707,7470595713705967693,
7470652003031449707,7470595713705967694,
7470652003031449707,7470595713705967695,
7470652003031449707,7470595713705967696,
7470652003031449707,7470595713705967697,
7470652003031449707,7470595713705967698,
7470652003031449707,7470595713705967706,
7470652003031449707,7470595713705967707,
7470652003031449707,7470595713705967708,
7470652003031449707,7470595713705967709,
7470652003031449707,7470595713705967710,
7470652003031449707,7470595713705967711,
7470652003031449707,7470595713705967712,
7470652003031449707,7470595713705967713,
7470652003031449707,7470595713705967714,
7470652003031449707,7470595713705967715,
7470652003031449707,7470595713705967716,
7470652003031449707,7470595713705967717,
7470652003031449707,7470595713705967718,
7470652003031449707,7470595713705967719,
7470652003031449707,7470595713705967720,
7470652003031449707,7470595713705967721,
7470652003031449707,7470595713705967722,
7470652003031449707,7470595713705967723,
7470652003031449707,7470595713705967740,
7470652003031449707,7470595713705967741,
7470652003031449707,7470595713705967742,
7470652003031449707,7470595713705967743,
7470652003031449707,7470595713705967744,
7470652003031449707,7470595713705967745,
7470652003031449707,7470595713705967746,
7470652003031449707,7470595713705967747,
7470652003031449707,7470595713705967748,
7470652003031449707,7470595713705967749,
7470652003031449707,7470595713773076589,
7470652003031449707,7471645373515153429,
7470652003031449707,7472120337124494389,
7470652003031449707,7472120337125545137,
7470652003031449707,7472120337126708294,
7470652003031449707,7472120337129817841,
7470652003031449707,7472120337161095644,
7470652003031449707,7472120337168102968,
7470652003031449707,7472120337168742410,
7470652003031449707,7472120337170037434,
7470652003031449707,7472120337192994600,
7470652003031449707,7472120337193205550,
7470652003031449707,7472120337194221911,
7470652003031449707,7472120337201576053,
7470652003031449707,7472120337202894245,
7470652003031449707,7472120337203957737,
7470652003031449707,7472120337204371617,
7470652003031449707,7472120337204772609,
7470652003031449707,7472120337206724747,
7470652003031449707,7472120337206800011,
7470652003031449707,7472120337207095532,
7470652003031449707,7472120337207896727,
7470652003031449707,7472120337218589135,
7470652003031449707,7472120337219461213,
7470652003031449707,7472313540465848825,
7470652003031449707,7472313540517843153,
7470652003031449707,7472313540519146216,
7470652003031449707,7472313540528340529,
7470652003031449707,7472313540529291406,
7470652003031449707,7472313540531035468,
7470652003031449707,7472762259834949691,
7470652003031449707,7472762259836225273,
7470652003031449707,7472762259841610504,
7470652003031449707,7472762259842540060,
7470652003031449707,7472966923904972290,
7470652003031449707,7472966923907269726,
7470652003031449707,7472966923924951463,
7470652003031449707,7472966923927122974,
7470652003031449707,7473208335261466356,
7470652003031449707,7473208335284951683,
7470652003031449707,7473208335286142246,
7470652003031449707,7473208335286234136,
7470652003031449707,7473208335348857155,
7470652003031449707,7473208335388465874,
7470652003031449707,7473208335389078051,
7470652003031449707,7473208335389602858,
7470652003031449707,7473208335391204830,
7470652003031449707,7473208335406614087,
7470652003031449708,7470595713701773402,
7470652003031449708,7470595713701773403,
7470652003031449708,7470595713701773404,
7470652003031449708,7470595713701773405,
7470652003031449708,7470595713701773406,
7470652003031449708,7470595713701773407,
7470652003031449708,7470595713701773408,
7470652003031449708,7470595713701773409,
7470652003031449708,7470595713701773410,
7470652003031449708,7470595713701773411,
7470652003031449708,7470595713701773412,
7470652003031449708,7470595713701773413,
7470652003031449708,7470595713701773414,
7470652003031449708,7470595713701773415,
7470652003031449708,7470595713701773416,
7470652003031449708,7470595713701773417,
7470652003031449708,7470595713701773418,
7470652003031449708,7470595713701773419,
7470652003031449708,7470595713701773420,
7470652003031449708,7470595713701773421,
7470652003031449708,7470595713701773422,
7470652003031449708,7470595713701773423,
7470652003031449708,7470595713701773424,
7470652003031449708,7470595713701773425,
7470652003031449708,7470595713701773426,
7470652003031449708,7470595713701773427,
7470652003031449708,7470595713701773428,
7470652003031449708,7470595713701773429,
7470652003031449708,7470595713701773430,
7470652003031449708,7470595713701773431,
7470652003031449708,7470595713701773432,
7470652003031449708,7470595713701773433,
7470652003031449708,7470595713701773434,
7470652003031449708,7470595713701773435,
7470652003031449708,7470595713701773436,
7470652003031449708,7470595713701773437,
7470652003031449708,7470595713701773438,
7470652003031449708,7470595713701773439,
7470652003031449708,7470595713701773440,
7470652003031449708,7470595713701773441,
7470652003031449708,7470595713701773442,
7470652003031449708,7470595713701773443,
7470652003031449708,7470595713701773444,
7470652003031449708,7470595713701773445,
7470652003031449708,7470595713701773446,
7470652003031449708,7470595713701773447,
7470652003031449708,7470595713701773448,
7470652003031449708,7470595713701773449,
7470652003031449708,7470595713701773450,
7470652003031449708,7470595713701773451,
7470652003031449708,7470595713701773452,
7470652003031449708,7470595713701773453,
7470652003031449708,7470595713701773454,
7470652003031449708,7470595713701773455,
7470652003031449708,7470595713701773456,
7470652003031449708,7470595713701773457,
7470652003031449708,7470595713701773458,
7470652003031449708,7472120337162864586,
7470652003031449708,7472313540495295679,
7470652003031449708,7472313540496420735,
7470652003031449708,7472313540497010671,
7470652003031449708,7472313540518532567,
7470652003031449708,7473049686397983507,
7470652003031449708,7473049686399679819,
7470652003031449708,7473049686465974930,
7470652003031449708,7473049686466161144,
7470652003031449709,7470595713701773540,
7470652003031449709,7470595713705967699,
7470652003031449709,7470595713705967700,
7470652003031449709,7470595713705967701,
7470652003031449709,7470595713705967702,
7470652003031449709,7470595713705967703,
7470652003031449709,7470595713705967704,
7470652003031449709,7470595713705967705,
7470652003031449709,7471650089383286442,
7470652003031449709,7471650131751187051,
7470652003031449710,7470595713705967724,
7470652003031449710,7470595713705967725,
7470652003031449710,7470595713705967726,
7470652003031449710,7470595713705967727,
7470652003031449710,7470595713705967728,
7470652003031449710,7470595713705967729,
7470652003031449710,7470595713705967730,
7470652003031449710,7470595713705967731,
7470652003031449710,7470595713705967732,
7470652003031449710,7470595713705967733,
7470652003031449710,7470595713705967734,
7470652003031449710,7470595713705967735,
7470652003031449710,7470595713705967736,
7470652003031449710,7470595713705967737,
7470652003031449710,7470595713705967738,
7470652003031449710,7470595713705967739,
7470652003031449710,7472313540523628471,
7470652003031449710,7472313540523680921,
7470652003031449710,7472313540523884224,
7470652003031449710,7472313540524175999,
7470652003031449710,7472313540524232904,
7470652003031449710,7472313540524565446,
7470652003031449710,7472313540524570249,
7470652003031449710,7472313540524760645,
7470652003031449710,7472313540524771255,
7470652003031449710,7472313540524774668,
7470652003031449710,7472313540525467345,
7470652003031449710,7472313540525649777,
7470652003031449710,7472313540525889337,
7470652003031449710,7472313540526251182,
7470652003031449710,7472313540526440691,
7470652003031449710,7472313540526540081,
7470652003031449710,7472313540526599440,
7470652003031449710,7472313540526691412,
7470652003031449710,7472313540526826142,
7470652003031449710,7472313540527099310,
7470652003031449710,7472313540527325453,
7470652003031449710,7472313540527674565,
7470652003031449710,7472966923925381219,
7470652003031449710,7472966923926869899,
7470652003031449711,7470595713705967638,
7470652003031449711,7470595713705967639,
7470652003031449711,7470595713705967640,
7470652003031449711,7470595713705967641,
7470652003031449711,7470595713705967642,
7470652003031449711,7470595713705967643,
7470652003031449711,7470595713705967644,
7470652003031449711,7470595713705967645,
7470652003031449711,7470595713705967646,
7470652003031449711,7470595713705967647,
7470652003031449711,7470595713705967648,
7470652003031449711,7470595713705967649,
7470652003031449711,7470595713705967650,
7470652003031449711,7470595713705967651,
7470652003031449711,7472966923903338239,
7470652003031449711,7472966923904916910,
7470652003031449711,7472966923906486917,
7470652003031449711,7472966923907004022,
7470652003031449711,7473208335258875377,
7470652003031449712,7470595713705967655,
7470652003031449712,7470595713705967656,
7470652003031449712,7470595713705967657,
7470652003031449712,7470595713705967658,
7470652003031449712,7470595713705967659,
7470652003031449712,7470595713705967660,
7470652003031449712,7470595713705967661,
7470652003031449712,7470595713705967662,
7470652003031449712,7470595713705967663,
7470652003031449712,7470595713705967664,
7470652003031449712,7470595713705967665,
7470652003031449712,7470595713705967666,
7470652003031449712,7470595713705967667,
7470652003031449712,7470595713705967668,
7470652003031449712,7470595713705967669,
7470652003031449712,7470595713705967670,
7470652003031449712,7470595713705967671,
7470652003031449712,7470595713705967672,
7470652003031449712,7470595713705967673,
7470652003031449712,7470595713705967674,
7470652003031449712,7470595713705967675,
7470652003031449712,7470595713705967676,
7470652003031449712,7470595713705967677,
7470652003031449712,7472371116861391586,
7470652003031449713,7470595713777271051,
7470652003031449713,7470595713777271052,
7470652003031449713,7470595713777271053,
7470652003031449713,7470595713777271054,
7470652003031449713,7470595713777271055,
7470652003031449713,7470595713777271056,
7470652003031449713,7470595713777271057,
7470652003031449713,7470595713777271058,
7470652003031449713,7470595713777271059,
7470652003031449713,7470595713777271060,
7470652003031449713,7470595713777271061,
7470652003031449713,7470595713777271062,
7470652003031449713,7470595713777271063,
7470652003031449713,7470595713777271064,
7470652003031449713,7470595713777271065,
7470652003031449713,7470595713777271066,
7470652003031449713,7470595713777271067,
7470652003031449713,7470595713777271068,
7470652003031449713,7470595713777271069,
7470652003031449713,7470595713777271070,
7470652003031449713,7470595713777271071,
7470652003031449713,7470595713777271072,
7470652003031449713,7470595713777271073,
7470652003031449713,7470595713777271074,
7470652003031449713,7470595713777271075,
7470652003031449713,7470595713777271076,
7470652003031449713,7470595713777271077,
7470652003031449713,7470595713777271078,
7470652003031449713,7470595713777271079,
7470652003031449713,7470595713777271080,
7470652003031449713,7470595713777271081,
7470652003031449713,7470595713777271082,
7470652003031449713,7470595713777271083,
7470652003031449713,7470595713777271084,
7470652003031449713,7470595713777271085,
7470652003031449713,7470595713777271086,
7470652003031449713,7470595713777271087,
7470652003031449713,7470595713777271088,
7470652003031449713,7470595713777271089,
7470652003031449713,7470595713777271090,
7470652003031449713,7470595713777271091,
7470652003031449713,7470595713777271092,
7470652003031449713,7470595713781465088,
7470652003031449713,7470595713781465089,
7470652003031449713,7470595713781465090,
7470652003031449713,7470595713781465091,
7470652003031449713,7470595713781465092,
7470652003031449713,7470595713781465093,
7470652003031449713,7470595713781465094,
7470652003031449713,7470595713781465095,
7470652003031449713,7470595713781465096,
7470652003031449713,7470595713781465097,
7470652003031449713,7470595713781465098,
7470652003031449713,7470595713781465099,
7470652003031449713,7470595713781465100,
7470652003031449713,7470595713781465101,
7470652003031449713,7470595713781465102,
7470652003031449713,7470595713781465103,
7470652003031449713,7470595713781465104,
7470652003031449713,7470595713781465105,
7470652003031449713,7470595713781465106,
7470652003031449713,7471642085989500995,
7470652003031449713,7471646645644660265,
7470652003031449713,7471646686539440548,
7470652003031449713,7471646711213460106,
7470652003031449713,7471646734035046539,
7470652003031449713,7472966923912276582,
7470652003031449713,7472966923912891634,
7470652003031449713,7472966923913032169,
7470652003031449713,7472966923913439052,
7470652003031449713,7472966923914748690,
7470652003031449713,7472966923914750017,
7470652003031449713,7472966923915008698,
7470652003031449713,7472966923915498599,
7470652003031449713,7472966923916786326,
7470652003031449713,7472966923918836011,
7470652003031449713,7473049686426358851,
7470652003031449713,7473049686429678163,
7470652003031449714,7470595713672413349,
7470652003031449714,7470595713815019532,
7470652003031449714,7470595713815019533,
7470652003031449714,7470595713815019534,
7470652003031449714,7470595713815019535,
7470652003031449714,7470595713815019536,
7470652003031449714,7470595713815019537,
7470652003031449714,7470595713815019538,
7470652003031449714,7470595713815019539,
7470652003031449714,7470595713815019540,
7470652003031449714,7470595713815019541,
7470652003031449714,7470595713815019542,
7470652003031449714,7470595713815019543,
7470652003031449714,7470595713815019544,
7470652003031449714,7470595713815019545,
7470652003031449714,7470595713815019546,
7470652003031449714,7470595713815019547,
7470652003031449714,7470595713815019548,
7470652003031449714,7470595713815019549,
7470652003031449714,7470595713815019550,
7470652003031449714,7470595713815019551,
7470652003031449714,7470595713815019552,
7470652003031449714,7470595713815019553,
7470652003031449714,7470595713815019554,
7470652003031449714,7470595713815019555,
7470652003031449714,7470595713815019556,
7470652003031449714,7470595713815019557,
7470652003031449714,7470595713815019558,
7470652003031449714,7470595713815019559,
7470652003031449714,7470595713815019560,
7470652003031449714,7470595713815019561,
7470652003031449714,7470595713815019562,
7470652003031449714,7470595713815019563,
7470652003031449714,7470595713815019564,
7470652003031449714,7470595713815019565,
7470652003031449714,7470595713815019566,
7470652003031449714,7470595713815019567,
7470652003031449714,7470595713815019568,
7470652003031449714,7470595713815019569,
7470652003031449714,7470595713815019570,
7470652003031449714,7470595713815019571,
7470652003031449714,7470595713815019572,
7470652003031449714,7470595713815019573,
7470652003031449714,7470595713815019574,
7470652003031449714,7470595713815019575,
7470652003031449714,7470595713815019576,
7470652003031449714,7470595713815019577,
7470652003031449714,7470595713815019578,
7470652003031449714,7470595713815019579,
7470652003031449714,7470595713815019580,
7470652003031449714,7470595713815019581,
7470652003031449714,7470595713815019582,
7470652003031449714,7470595713815019583,
7470652003031449714,7470595713815019584,
7470652003031449714,7470595713815019585,
7470652003031449714,7470595713815019586,
7470652003031449714,7470595713815019587,
7470652003031449714,7470595713815019588,
7470652003031449714,7470595713815019589,
7470652003031449714,7470595713815019590,
7470652003031449714,7470595713815019591,
7470652003031449714,7470595713815019592,
7470652003031449714,7470595713815019593,
7470652003031449714,7470595713815019594,
7470652003031449714,7470595713815019595,
7470652003031449714,7470595713815019596,
7470652003031449714,7470595713815019597,
7470652003031449714,7470595713815019598,
7470652003031449714,7470595713815019599,
7470652003031449714,7470595713815019600,
7470652003031449714,7470595713815019601,
7470652003031449714,7470595713815019602,
7470652003031449714,7470595713815019603,
7470652003031449714,7470595713815019604,
7470652003031449714,7470595713815019605,
7470652003031449714,7470595713815019606,
7470652003031449714,7470595713815019607,
7470652003031449714,7470595713815019608,
7470652003031449714,7470595713815019609,
7470652003031449714,7470595713815019610,
7470652003031449714,7470595713815019611,
7470652003031449714,7470595713815019612,
7470652003031449714,7470595713815019613,
7470652003031449714,7470595713815019614,
7470652003031449714,7470595713815019615,
7470652003031449714,7470595713815019616,
7470652003031449714,7470595713815019617,
7470652003031449714,7470595713815019618,
7470652003031449714,7470595713815019619,
7470652003031449714,7470595713815019620,
7470652003031449714,7470595713815019621,
7470652003031449714,7470595713815019622,
7470652003031449714,7470595713815019623,
7470652003031449714,7470595713815019624,
7470652003031449714,7470595713815019625,
7470652003031449714,7470595713815019626,
7470652003031449714,7470595713815019627,
7470652003031449714,7470595713815019628,
7470652003031449714,7470595713815019629,
7470652003031449714,7470595713815019630,
7470652003031449714,7470595713815019631,
7470652003031449714,7470595713815019632,
7470652003031449714,7470595713815019633,
7470652003031449714,7470595713815019634,
7470652003031449714,7470595713815019635,
7470652003031449714,7470595713815019636,
7470652003031449714,7470595713815019637,
7470652003031449714,7470595713815019638,
7470652003031449714,7470595713815019639,
7470652003031449714,7470595713815019640,
7470652003031449714,7470595713815019641,
7470652003031449714,7470595713815019642,
7470652003031449714,7470595713815019643,
7470652003031449714,7470595713815019644,
7470652003031449714,7470595713815019645,
7470652003031449714,7470595713815019646,
7470652003031449714,7470595713815019647,
7470652003031449714,7470595713815019648,
7470652003031449714,7470595713815019649,
7470652003031449714,7470595713815019650,
7470652003031449714,7470595713815019651,
7470652003031449714,7470595713815019652,
7470652003031449714,7470595713815019653,
7470652003031449714,7470595713815019654,
7470652003031449714,7470595713815019655,
7470652003031449714,7470595713815019656,
7470652003031449714,7470595713815019657,
7470652003031449714,7470595713815019658,
7470652003031449714,7470595713815019659,
7470652003031449714,7470595713815019660,
7470652003031449714,7470595713815019661,
7470652003031449714,7470595713815019662,
7470652003031449714,7470595713815019663,
7470652003031449714,7470595713815019664,
7470652003031449714,7470595713815019665,
7470652003031449714,7470595713815019666,
7470652003031449714,7470595713815019667,
7470652003031449714,7470595713815019668,
7470652003031449714,7470595713815019669,
7470652003031449714,7470595713815019670,
7470652003031449714,7470595713815019671,
7470652003031449714,7470595713815019672,
7470652003031449714,7470595713815019673,
7470652003031449714,7470595713815019674,
7470652003031449714,7470595713815019675,
7470652003031449714,7470595713815019676,
7470652003031449714,7470595713815019677,
7470652003031449714,7470595713815019678,
7470652003031449714,7470595713815019679,
7470652003031449714,7470595713815019680,
7470652003031449714,7470595713815019681,
7470652003031449714,7470595713815019682,
7470652003031449714,7470595713815019683,
7470652003031449714,7470595713815019684,
7470652003031449714,7470595713815019685,
7470652003031449714,7470595713815019686,
7470652003031449714,7470595713815019687,
7470652003031449714,7470595713815019688,
7470652003031449714,7470595713815019689,
7470652003031449714,7470595713815019690,
7470652003031449714,7470595713815019691,
7470652003031449714,7470595713815019692,
7470652003031449714,7470595713815019693,
7470652003031449714,7470595713815019694,
7470652003031449714,7470595713815019695,
7470652003031449714,7470595713815019696,
7470652003031449714,7470595713815019697,
7470652003031449714,7470595713815019698,
7470652003031449714,7470595713815019699,
7470652003031449714,7470595713815019700,
7470652003031449714,7470595713815019701,
7470652003031449714,7470595713815019702,
7470652003031449714,7470595713815019703,
7470652003031449714,7470595713815019704,
7470652003031449714,7470595713815019705,
7470652003031449714,7470595713815019706,
7470652003031449714,7470595713815019707,
7470652003031449714,7470595713815019708,
7470652003031449714,7470595713815019709,
7470652003031449714,7470595713815019710,
7470652003031449714,7470595713815019711,
7470652003031449714,7470595713815019712,
7470652003031449714,7470595713815019713,
7470652003031449714,7470595713815019714,
7470652003031449714,7470595713815019715,
7470652003031449714,7470595713815019716,
7470652003031449714,7470595713815019717,
7470652003031449714,7470595713815019718,
7470652003031449714,7470595713815019719,
7470652003031449714,7470595713815019720,
7470652003031449714,7470595713815019721,
7470652003031449714,7471439862122772196,
7470652003031449714,7471642177475251404,
7470652003031449714,7471642227255387008,
7470652003031449714,7471645785368286488,
7470652003031449714,7471645808276719636,
7470652003031449714,7471645856761834004,
7470652003031449714,7471645886731109938,
7470652003031449714,7471645952514030635,
7470652003031449714,7471645996661888942,
7470652003031449714,7471646029499633876,
7470652003031449714,7471646062873498896,
7470652003031449714,7471646098052374687,
7470652003031449714,7471646129496361370,
7470652003031449714,7471646155942380116,
7470652003031449714,7471646191865531423,
7470652003031449714,7471646282575733003,
7470652003031449714,7471646305169306552,
7470652003031449714,7471646344707207280,
7470652003031449714,7471646376738281962,
7470652003031449714,7471646414899993175,
7470652003031449714,7471646440931893900,
7470652003031449714,7471646463202332858,
7470652003031449714,7471646490790744391,
7470652003031449714,7471646546382477017,
7470652003031449714,7471646572859817894,
7470652003031449714,7472120337133815665,
7470652003031449714,7472120337138607674,
7470652003031449714,7472120337199902911,
7470652003031449714,7472120337205731456,
7470652003031449714,7472120337216137241,
7470652003031449714,7472313540470251868,
7470652003031449714,7472313540500772457,
7470652003031449714,7472313540513873724,
7470652003031449714,7472313540514390266,
7470652003031449714,7472313540520932576,
7470652003031449714,7472762259823991440,
7470652003031449714,7472762259824497518,
7470652003031449714,7472762259824740820,
7470652003031449714,7472762259824816768,
7470652003031449714,7472762259825583509,
7470652003031449714,7472762259825672692,
7470652003031449714,7472762259826861975,
7470652003031449714,7472762259826975593,
7470652003031449714,7472762259826976416,
7470652003031449714,7472762259827290487,
7470652003031449714,7472762259827567777,
7470652003031449714,7472762259827762098,
7470652003031449714,7472762259827908983,
7470652003031449714,7472762259827996252,
7470652003031449714,7472762259828492230,
7470652003031449714,7472762259829230119,
7470652003031449714,7472762259829402777,
7470652003031449714,7472762259829979084,
7470652003031449714,7472762259830077048,
7470652003031449714,7472762259830135224,
7470652003031449714,7472762259831007737,
7470652003031449714,7472762259831073117,
7470652003031449714,7472762259831599968,
7470652003031449714,7472762259831964788,
7470652003031449714,7472762259832174561,
7470652003031449714,7472762259832180420,
7470652003031449714,7472966923928629582,
7470652003031449714,7472966923930006957,
7470652003031449714,7472966923930754680,
7470652003031449714,7472966923931647126,
7470652003031449714,7473049686463995414,
7470652003031449714,7473049686464188619,
7470652003031449714,7473208335387670619,
7470652003031449714,7473208335390412469,
7470652003031449714,7473208335426186846,
7470652003031449715,7470595713651441664,
7470652003031449715,7470595713651441665,
7470652003031449715,7470595713651441666,
7470652003031449715,7470595713651441667,
7470652003031449715,7470595713651441668,
7470652003031449715,7470595713651441669,
7470652003031449715,7470595713651441670,
7470652003031449715,7470595713651441671,
7470652003031449715,7470595713651441672,
7470652003031449715,7470595713651441673,
7470652003031449715,7470595713651441674,
7470652003031449715,7470595713651441675,
7470652003031449715,7470595713651441676,
7470652003031449715,7470595713651441677,
7470652003031449715,7470595713651441678,
7470652003031449715,7470595713651441679,
7470652003031449715,7470595713651441680,
7470652003031449715,7470595713651441681,
7470652003031449715,7470595713651441682,
7470652003031449715,7470595713651441683,
7470652003031449715,7470595713651441684,
7470652003031449715,7470595713651441685,
7470652003031449715,7470595713651441686,
7470652003031449715,7470595713651441687,
7470652003031449715,7470595713651441688,
7470652003031449715,7470595713651441689,
7470652003031449715,7470595713651441690,
7470652003031449715,7470595713651441691,
7470652003031449715,7470595713651441692,
7470652003031449715,7470595713651441693,
7470652003031449715,7470595713651441694,
7470652003031449715,7470595713651441695,
7470652003031449715,7470595713651441696,
7470652003031449715,7470595713651441697,
7470652003031449715,7470595713651441698,
7470652003031449715,7470595713651441699,
7470652003031449715,7470595713651441700,
7470652003031449715,7470595713651441701,
7470652003031449715,7470595713651441702,
7470652003031449715,7470595713651441703,
7470652003031449715,7470595713651441704,
7470652003031449715,7470595713651441705,
7470652003031449715,7470595713651441706,
7470652003031449715,7470595713651441707,
7470652003031449715,7470595713651441708,
7470652003031449715,7470595713651441709,
7470652003031449715,7470595713651441710,
7470652003031449715,7470595713651441711,
7470652003031449715,7470595713651441740,
7470652003031449715,7470595713651441741,
7470652003031449715,7470595713651441742,
7470652003031449715,7470595713651441743,
7470652003031449715,7470595713651441744,
7470652003031449715,7470595713651441745,
7470652003031449715,7470595713651441746,
7470652003031449715,7470595713651441747,
7470652003031449715,7470595713651441748,
7470652003031449715,7470595713651441749,
7470652003031449715,7470595713651441750,
7470652003031449715,7470595713651441751,
7470652003031449715,7470595713651441752,
7470652003031449715,7470595713651441753,
7470652003031449715,7470595713651441754,
7470652003031449715,7470595713651441755,
7470652003031449715,7470595713651441756,
7470652003031449715,7470595713651441770,
7470652003031449715,7470595713651441771,
7470652003031449715,7470595713651441772,
7470652003031449715,7470595713651441773,
7470652003031449715,7470595713651441774,
7470652003031449715,7470595713651441775,
7470652003031449715,7470595713651441776,
7470652003031449715,7470595713651441777,
7470652003031449715,7470595713651441778,
7470652003031449715,7470595713651441779,
7470652003031449715,7470595713651441807,
7470652003031449715,7470595713651441808,
7470652003031449715,7470595713651441809,
7470652003031449715,7470595713651441810,
7470652003031449715,7470595713651441811,
7470652003031449715,7470595713651441812,
7470652003031449715,7470595713651441813,
7470652003031449715,7470595713651441814,
7470652003031449715,7470595713651441815,
7470652003031449715,7470595713651441816,
7470652003031449715,7470595713651441817,
7470652003031449715,7470595713651441818,
7470652003031449715,7470595713651441819,
7470652003031449715,7470595713651441820,
7470652003031449715,7470595713651441821,
7470652003031449715,7470595713651441822,
7470652003031449715,7470595713651441823,
7470652003031449715,7470595713651441824,
7470652003031449715,7470595713651441825,
7470652003031449715,7470595713651441826,
7470652003031449715,7470595713651441827,
7470652003031449715,7470595713651441828,
7470652003031449715,7470595713651441829,
7470652003031449715,7470595713651441830,
7470652003031449715,7470595713651441831,
7470652003031449715,7470595713651441832,
7470652003031449715,7470595713651441833,
7470652003031449715,7470595713651441834,
7470652003031449715,7470595713651441835,
7470652003031449715,7470595713651441836,
7470652003031449715,7470595713651441837,
7470652003031449715,7470595713651441838,
7470652003031449715,7470595713655635968,
7470652003031449715,7470595713655635969,
7470652003031449715,7470595713655635970,
7470652003031449715,7470595713655635971,
7470652003031449715,7470595713655635972,
7470652003031449715,7470595713655635973,
7470652003031449715,7470595713655635974,
7470652003031449715,7470595713655635975,
7470652003031449715,7470595713655635976,
7470652003031449715,7470595713655635977,
7470652003031449715,7470595713655635978,
7470652003031449715,7470595713655635979,
7470652003031449715,7470595713655635980,
7470652003031449715,7470595713655635981,
7470652003031449715,7470595713655635982,
7470652003031449715,7470595713655635983,
7470652003031449715,7470595713655635984,
7470652003031449715,7470595713655635985,
7470652003031449715,7470595713655636159,
7470652003031449715,7470595713655636160,
7470652003031449715,7470595713655636161,
7470652003031449715,7470595713655636162,
7470652003031449715,7470595713655636163,
7470652003031449715,7470595713655636164,
7470652003031449715,7470595713655636165,
7470652003031449715,7470595713655636166,
7470652003031449715,7470595713655636167,
7470652003031449715,7470595713655636168,
7470652003031449715,7470595713655636169,
7470652003031449715,7470595713655636170,
7470652003031449715,7470595713655636171,
7470652003031449715,7470595713655636172,
7470652003031449715,7470595713655636173,
7470652003031449715,7470595713655636174,
7470652003031449715,7470595713655636175,
7470652003031449715,7470595713655636176,
7470652003031449715,7470595713655636177,
7470652003031449715,7470595713655636178,
7470652003031449715,7470595713655636179,
7470652003031449715,7470595713655636180,
7470652003031449715,7470595713655636181,
7470652003031449715,7470595713655636182,
7470652003031449715,7470595713655636183,
7470652003031449715,7470595713655636184,
7470652003031449715,7470595713655636185,
7470652003031449715,7470595713655636186,
7470652003031449715,7470595713655636231,
7470652003031449715,7470595713655636232,
7470652003031449715,7470595713655636233,
7470652003031449715,7470595713655636234,
7470652003031449715,7470595713655636235,
7470652003031449715,7470595713655636236,
7470652003031449715,7470595713655636237,
7470652003031449715,7470595713655636238,
7470652003031449715,7470595713655636239,
7470652003031449715,7470595713655636240,
7470652003031449715,7470595713655636241,
7470652003031449715,7470595713655636242,
7470652003031449715,7470595713655636243,
7470652003031449715,7470595713655636244,
7470652003031449715,7470595713655636245,
7470652003031449715,7470595713659830307,
7470652003031449715,7470595713659830308,
7470652003031449715,7470595713659830309,
7470652003031449715,7470595713659830310,
7470652003031449715,7470595713659830311,
7470652003031449715,7470595713659830312,
7470652003031449715,7470595713659830313,
7470652003031449715,7470595713659830314,
7470652003031449715,7470595713659830315,
7470652003031449715,7470595713659830316,
7470652003031449715,7470595713659830317,
7470652003031449715,7470595713659830318,
7470652003031449715,7470595713659830319,
7470652003031449715,7470595713659830320,
7470652003031449715,7470595713659830321,
7470652003031449715,7470595713659830322,
7470652003031449715,7470595713659830323,
7470652003031449715,7470595713659830324,
7470652003031449715,7470595713659830325,
7470652003031449715,7470595713659830326,
7470652003031449715,7470595713659830327,
7470652003031449715,7470595713659830328,
7470652003031449715,7470595713659830329,
7470652003031449715,7470595713659830330,
7470652003031449715,7470595713659830331,
7470652003031449715,7470595713659830332,
7470652003031449715,7470595713659830333,
7470652003031449715,7470595713659830334,
7470652003031449715,7470595713659830335,
7470652003031449715,7470595713659830336,
7470652003031449715,7470595713659830337,
7470652003031449715,7470595713659830338,
7470652003031449715,7470595713659830339,
7470652003031449715,7470595713659830340,
7470652003031449715,7470595713659830363,
7470652003031449715,7470595713659830364,
7470652003031449715,7470595713659830365,
7470652003031449715,7470595713659830366,
7470652003031449715,7470595713659830367,
7470652003031449715,7470595713659830368,
7470652003031449715,7470595713659830369,
7470652003031449715,7470595713659830370,
7470652003031449715,7470595713659830371,
7470652003031449715,7470595713659830372,
7470652003031449715,7470595713659830373,
7470652003031449715,7470595713659830374,
7470652003031449715,7470595713659830375,
7470652003031449715,7470595713659830376,
7470652003031449715,7470595713659830377,
7470652003031449715,7470595713659830378,
7470652003031449715,7470595713659830379,
7470652003031449715,7470595713659830380,
7470652003031449715,7470595713659830381,
7470652003031449715,7470595713659830382,
7470652003031449715,7470595713659830383,
7470652003031449715,7470595713659830384,
7470652003031449715,7470595713659830385,
7470652003031449715,7470595713659830386,
7470652003031449715,7470595713659830387,
7470652003031449715,7470595713659830388,
7470652003031449715,7470595713659830389,
7470652003031449715,7470595713659830390,
7470652003031449715,7470595713659830391,
7470652003031449715,7470595713659830392,
7470652003031449715,7470595713659830393,
7470652003031449715,7470595713659830394,
7470652003031449715,7470595713659830395,
7470652003031449715,7470595713659830396,
7470652003031449715,7470595713659830397,
7470652003031449715,7470595713659830398,
7470652003031449715,7470595713659830399,
7470652003031449715,7470595713659830400,
7470652003031449715,7470595713659830474,
7470652003031449715,7470595713659830475,
7470652003031449715,7470595713659830476,
7470652003031449715,7470595713659830477,
7470652003031449715,7470595713659830478,
7470652003031449715,7470595713659830479,
7470652003031449715,7470595713659830480,
7470652003031449715,7470595713659830481,
7470652003031449715,7470595713659830482,
7470652003031449715,7470595713659830483,
7470652003031449715,7470595713659830484,
7470652003031449715,7470595713659830485,
7470652003031449715,7470595713659830486,
7470652003031449715,7470595713659830487,
7470652003031449715,7470595713659830488,
7470652003031449715,7470595713659830489,
7470652003031449715,7470595713659830490,
7470652003031449715,7470595713659830491,
7470652003031449715,7470595713659830492,
7470652003031449715,7470595713659830493,
7470652003031449715,7470595713659830494,
7470652003031449715,7470595713659830495,
7470652003031449715,7470595713659830496,
7470652003031449715,7470595713659830497,
7470652003031449715,7470595713659830498,
7470652003031449715,7470595713659830499,
7470652003031449715,7470595713659830500,
7470652003031449715,7470595713659830501,
7470652003031449715,7470595713659830502,
7470652003031449715,7470595713659830503,
7470652003031449715,7470595713659830504,
7470652003031449715,7470595713659830505,
7470652003031449715,7470595713659830506,
7470652003031449715,7471498728277079005,
7470652003031449715,7471498813634925287,
7470652003031449715,7471498875114525678,
7470652003031449715,7471498946930674636,
7470652003031449715,7471499019844664803,
7470652003031449715,7471499193696512012,
7470652003031449715,7471499252382010123,
7470652003031449715,7471499388384924905,
7470652003031449715,7471500473336223934,
7470652003031449715,7471500605515143647,
7470652003031449715,7471500660087941430,
7470652003031449715,7471500716657927533,
7470652003031449715,7471616303676417499,
7470652003031449715,7471616351818756461,
7470652003031449715,7471616384454731923,
7470652003031449715,7471616478863740559,
7470652003031449715,7471616514654751146,
7470652003031449715,7472120337140827291,
7470652003031449715,7472120337142448869,
7470652003031449715,7472120337143160110,
7470652003031449715,7472120337143391577,
7470652003031449715,7472120337144696496,
7470652003031449715,7472120337145211927,
7470652003031449715,7472120337145480948,
7470652003031449715,7472120337146086874,
7470652003031449715,7472120337146945870,
7470652003031449715,7472120337147521680,
7470652003031449715,7472120337147868842,
7470652003031449715,7472120337147946592,
7470652003031449715,7472120337148195867,
7470652003031449715,7472120337148584761,
7470652003031449715,7472120337148938446,
7470652003031449715,7472120337149678554,
7470652003031449715,7472120337152541265,
7470652003031449715,7472120337157976534,
7470652003031449715,7472120337158940289,
7470652003031449715,7472120337159071070,
7470652003031449715,7472120337159091366,
7470652003031449715,7472120337159239522,
7470652003031449715,7472120337160147163,
7470652003031449715,7472120337160957091,
7470652003031449715,7472120337161146439,
7470652003031449715,7472120337161648289,
7470652003031449715,7472120337161988990,
7470652003031449715,7472120337162047349,
7470652003031449715,7472120337162133990,
7470652003031449715,7472120337162287952,
7470652003031449715,7472120337162592176,
7470652003031449715,7472120337162626683,
7470652003031449715,7472120337162639605,
7470652003031449715,7472120337163618026,
7470652003031449715,7472120337164044761,
7470652003031449715,7472120337164160725,
7470652003031449715,7472120337164416029,
7470652003031449715,7472120337164802978,
7470652003031449715,7472120337164889346,
7470652003031449715,7472120337165748065,
7470652003031449715,7472120337168132675,
7470652003031449715,7472120337169441827,
7470652003031449715,7472120337170039307,
7470652003031449715,7472120337174788040,
7470652003031449715,7472120337174895165,
7470652003031449715,7472120337186284711,
7470652003031449715,7472120337187165628,
7470652003031449715,7472120337188134490,
7470652003031449715,7472120337188226541,
7470652003031449715,7472120337192133643,
7470652003031449715,7472120337192288681,
7470652003031449715,7472120337192293723,
7470652003031449715,7472120337192576758,
7470652003031449715,7472120337192620657,
7470652003031449715,7472120337193357359,
7470652003031449715,7472120337193535165,
7470652003031449715,7472120337194094775,
7470652003031449715,7472120337202243442,
7470652003031449715,7472120337204306389,
7470652003031449715,7472120337204527602,
7470652003031449715,7472120337208492613,
7470652003031449715,7472120337208575069,
7470652003031449715,7472120337210074775,
7470652003031449715,7472120337210511820,
7470652003031449715,7472120337211327995,
7470652003031449715,7472120337211873715,
7470652003031449715,7472279014863621892,
7470652003031449715,7472279193470985119,
7470652003031449715,7472313540461510982,
7470652003031449715,7472313540463895147,
7470652003031449715,7472313540479063997,
7470652003031449715,7472815276439679267,
7470652003031449715,7472815276450838260,
7470652003031449715,7472815276476620918,
7470652003031449715,7472815276476994745,
7470652003031449715,7472815276477934024,
7470652003031449715,7472815276477942555,
7470652003031449715,7472815276478092572,
7470652003031449715,7472815276478117921,
7470652003031449715,7472815276478395573,
7470652003031449715,7472815276478927194,
7470652003031449715,7472815276479627741,
7470652003031449715,7472815276479895003,
7470652003031449715,7472815276480543512,
7470652003031449715,7472815276480555587,
7470652003031449715,7472815276480615409,
7470652003031449715,7472815276482565635,
7470652003031449715,7472815276483495243,
7470652003031449715,7472966923897537384,
7470652003031449715,7472966923899115971,
7470652003031449715,7472966923899969783,
7470652003031449715,7472966923900114171,
7470652003031449715,7472966923900826615,
7470652003031449715,7472966923901948001,
7470652003031449715,7472966923902656348,
7470652003031449715,7472966923902931850,
7470652003031449715,7472966923909020553,
7470652003031449715,7472966923909228995,
7470652003031449715,7472966923909668558,
7470652003031449715,7472966923909710601,
7470652003031449715,7472966923910241918,
7470652003031449715,7472966923910365471,
7470652003031449715,7472966923912100114,
7470652003031449715,7472966923914129434,
7470652003031449715,7472966923914638969,
7470652003031449715,7472966923914994674,
7470652003031449715,7472966923918340909,colours folder
7470652003031449715,7472966923934681052,
7470652003031449715,7472966923949578316,
7470652003031449715,7472966923949644602,
7470652003031449715,7472966923949652227,
7470652003031449715,7472966923949859743,
7470652003031449715,7472966923949901112,
7470652003031449715,7472966923949964990,
7470652003031449715,7472966923950271373,
7470652003031449715,7472966923951143773,
7470652003031449715,7472966923951172376,
7470652003031449715,7472966923951421568,
7470652003031449715,7472966923951502811,
7470652003031449715,7472966923951634046,
7470652003031449715,7472966923951669366,
7470652003031449715,7472966923951914116,
7470652003031449715,7472966923951998160,
7470652003031449715,7472966923952199066,
7470652003031449715,7472966923952211318,
7470652003031449715,7472966923952568911,
7470652003031449715,7472966923952582953,
7470652003031449715,7472966923952832519,
7470652003031449715,7472966923952851248,
7470652003031449715,7472966923952918640,
7470652003031449715,7472966923952955324,
7470652003031449715,7472966923953060422,
7470652003031449715,7472966923953075571,
7470652003031449715,7472966923953169773,
7470652003031449715,7472966923953267329,
7470652003031449715,7472966923953312247,
7470652003031449715,7472966923953586359,
7470652003031449715,7472966923953627523,
7470652003031449715,7472966923953655210,
7470652003031449715,7472966923953908243,
7470652003031449715,7472966923954026030,
7470652003031449715,7472966923954060840,
7470652003031449715,7472966923954166461,
7470652003031449715,7472966923954427135,
7470652003031449715,7472966923954876650,
7470652003031449715,7472966923955056582,
7470652003031449715,7472966923955144757,
7470652003031449715,7472966923955258367,
7470652003031449715,7472966923955381576,
7470652003031449715,7472966923955483775,
7470652003031449715,7472966923955666162,
7470652003031449715,7472966923955718168,
7470652003031449715,7472966923956224895,
7470652003031449715,7472966923956933216,
7470652003031449715,7472966923957224804,
7470652003031449715,7472966923957483830,
7470652003031449715,7472966923957737920,
7470652003031449715,7472966923957805564,
7470652003031449715,7472966923958242328,
7470652003031449715,7472966923958498287,
7470652003031449715,7472966923958945598,
7470652003031449715,7472966923959383662,
7470652003031449715,7472966923959652573,
7470652003031449715,7472966923959956450,
7470652003031449715,7472966923960443288,
7470652003031449715,7472966923960800653,
7470652003031449715,7472966923960805551,
7470652003031449715,7472966923961561709,
7470652003031449715,7472966923961855076,
7470652003031449715,7472966923962266272,
7470652003031449715,7472966923963482299,
7470652003031449715,7473049686396732514,
7470652003031449715,7473049686397983172,
7470652003031449715,7473049686398346695,
7470652003031449715,7473049686398353851,
7470652003031449715,7473049686398680921,
7470652003031449715,7473049686398765212,
7470652003031449715,7473049686399848427,
7470652003031449715,7473049686400760761,
7470652003031449715,7473049686401085579,
7470652003031449715,7473049686401727463,
7470652003031449715,7473049686402128656,
7470652003031449715,7473049686402231669,
7470652003031449715,7473049686403609742,
7470652003031449715,7473049686404190709,
7470652003031449715,7473049686465970482,
7470652003031449715,7473049686473014126,
7470652003031449715,7473049686475497870,
7470652003031449715,7473208335307821258,
7470652003031449715,7473208335308241506,
7470652003031449715,7473208335308380132,
7470652003031449715,7473208335308497273,
7470652003031449715,7473208335308630499,
7470652003031449715,7473208335308706727,
7470652003031449715,7473208335308711255,
7470652003031449715,7473208335309579011,
7470652003031449715,7473208335309692201,
7470652003031449715,7473208335309903123,
7470652003031449715,7473208335310200425,
7470652003031449715,7473208335310542201,
7470652003031449715,7473208335310571887,
7470652003031449715,7473208335311225682,
7470652003031449715,7473208335311622688,
7470652003031449715,7473208335311626012,
7470652003031449715,7473208335312114830,
7470652003031449715,7473208335312246064,
7470652003031449715,7473208335312443985,
7470652003031449715,7473208335312581577,
7470652003031449715,7473208335312809925,
7470652003031449715,7473208335313692492,
7470652003031449715,7473208335313784370,
7470652003031449715,7473208335313865320,
7470652003031449715,7473208335314290035,
7470652003031449715,7473208335315333665,
7470652003031449715,7473208335315410763,
7470652003031449715,7473208335315673592,
7470652003031449715,7473208335317640772,
7470652003031449715,7473208335320157480,
7470652003031449715,7473208335320872925,
7470652003031449715,7473208335321512154,
7470652003031449715,7473208335321755968,
7470652003031449715,7473208335322046958,
7470652003031449715,7473208335322237616,
7470652003031449715,7473208335322813750,
7470652003031449715,7473208335322854797,
7470652003031449715,7473208335323002275,
7470652003031449715,7473208335323611430,
7470652003031449715,7473208335324048301,
7470652003031449715,7473208335328855129,
7470652003031449715,7473208335329504985,
7470652003031449715,7473208335329536165,
7470652003031449715,7473208335329560862,
7470652003031449715,7473208335329666857,
7470652003031449715,7473208335329805280,
7470652003031449715,7473208335329817193,
7470652003031449715,7473208335330077722,
7470652003031449715,7473208335330118194,
7470652003031449715,7473208335330144603,
7470652003031449715,7473208335330203652,
7470652003031449715,7473208335330489964,
7470652003031449715,7473208335330741496,
7470652003031449715,7473208335331214550,
7470652003031449715,7473208335331255956,
7470652003031449715,7473208335331260721,
7470652003031449715,7473208335331292425,
7470652003031449715,7473208335331522602,
7470652003031449715,7473208335331973150,
7470652003031449715,7473208335332051232,
7470652003031449715,7473208335332656918,
7470652003031449715,7473208335332861919,
7470652003031449715,7473208335333348359,
7470652003031449715,7473208335334138385,
7470652003031449715,7473208335336188737,
7470652003031449715,7473208335336657684,
7470652003031449715,7473208335338153342,
7470652003031449715,7473208335339057262,
7470652003031449715,7473208335339557621,
7470652003031449715,7473208335340489197,
7470652003031449715,7473208335341375273,
7470652003031449715,7473208335341830277,
7470652003031449715,7473208335341970396,
7470652003031449715,7473208335342757487,
7470652003031449715,7473208335343270225,
7470652003031449715,7473208335343317026,
7470652003031449715,7473208335343719353,
7470652003031449715,7473208335343765181,
7470652003031449715,7473208335343939649,
7470652003031449715,7473208335343941345,
7470652003031449715,7473208335345581505,
7470652003031449715,7473208335345587597,
7470652003031449715,7473208335345609934,
7470652003031449715,7473208335345835834,
7470652003031449715,7473208335346420031,
7470652003031449715,7473208335346569760,
7470652003031449715,7473208335346900952,
7470652003031449715,7473208335347426049,
7470652003031449715,7473208335347433333,
7470652003031449715,7473208335347917785,
7470652003031449715,7473208335348126449,
7470652003031449715,7473208335348200550,
7470652003031449715,7473208335348215978,
7470652003031449715,7473208335348262265,
7470652003031449715,7473208335348433728,
7470652003031449715,7473208335348469761,
7470652003031449715,7473208335348736348,
7470652003031449715,7473208335349342937,
7470652003031449715,7473208335349367455,
7470652003031449715,7473208335349446316,
7470652003031449716,7470595713651441712,
7470652003031449716,7470595713651441713,
7470652003031449716,7470595713651441714,
7470652003031449716,7470595713651441715,
7470652003031449716,7470595713651441716,
7470652003031449716,7470595713651441717,
7470652003031449716,7470595713651441718,
7470652003031449716,7470595713651441719,
7470652003031449716,7470595713651441720,
7470652003031449716,7470595713651441721,
7470652003031449716,7470595713651441722,
7470652003031449716,7470595713651441723,
7470652003031449716,7470595713651441724,
7470652003031449716,7470595713651441725,
7470652003031449716,7470595713651441726,
7470652003031449716,7470595713651441727,
7470652003031449716,7470595713651441728,
7470652003031449716,7470595713651441729,
7470652003031449716,7470595713651441730,
7470652003031449716,7470595713651441731,
7470652003031449716,7470595713651441732,
7470652003031449716,7470595713651441733,
7470652003031449716,7470595713651441734,
7470652003031449716,7470595713651441735,
7470652003031449716,7470595713651441736,
7470652003031449716,7470595713651441737,
7470652003031449716,7470595713651441738,
7470652003031449716,7470595713651441739,
7470652003031449716,7472120337157823439,
7470652003031449716,7472120337158625840,
7470652003031449716,7472120337204904974,
7470652003031449716,7472120337207784942,
7470652003031449716,7472313540456685434,
7470652003031449716,7472313540457176416,
7470652003031449716,7472313540460181356,
7470652003031449716,7472313540460638140,
7470652003031449716,7472313540466262622,
7470652003031449716,7472313540466432728,
7470652003031449716,7472313540467117683,
7470652003031449716,7472313540468170878,
7470652003031449716,7472966923955505418,
7470652003031449716,7472966923955790426,
7470652003031449716,7472966923955841545,
7470652003031449716,7473208335324680519,
7470652003031449716,7473208335325209711,
7470652003031449716,7473208335326328416,
7470652003031449716,7473208335334655448,
7470652003031449716,7473208335335294510,
7470652003031449716,7473208335336781471,
7470652003031449716,7473208335340881361,
7470652003031449716,7473208335341765260,
7470652003031449716,7473208335342084103,
7470652003031449716,7473208335343341745,
7470652003031449716,7473208335345236206,
7470652003031449716,7473208335363163910,
7470652003031449716,7473208335363381824,
7470652003031449716,7473208335366176980,
7470652003031449717,7470595713655636187,
7470652003031449717,7470595713655636188,
7470652003031449717,7470595713655636189,
7470652003031449717,7470595713655636190,
7470652003031449717,7470595713655636191,
7470652003031449717,7470595713655636192,
7470652003031449717,7470595713655636193,
7470652003031449717,7470595713655636194,
7470652003031449717,7470595713655636195,
7470652003031449717,7470595713655636196,
7470652003031449717,7470595713655636197,
7470652003031449717,7470595713655636198,
7470652003031449717,7470595713655636199,
7470652003031449717,7470595713655636200,
7470652003031449717,7470595713655636201,
7470652003031449717,7470595713655636202,
7470652003031449717,7470595713655636203,
7470652003031449717,7470595713655636204,
7470652003031449717,7470595713655636205,
7470652003031449717,7470595713655636206,
7470652003031449717,7470595713655636207,
7470652003031449717,7470595713655636208,
7470652003031449717,7470595713655636209,
7470652003031449717,7470595713655636210,
7470652003031449717,7470595713655636211,
7470652003031449717,7470595713655636212,
7470652003031449717,7470595713655636213,
7470652003031449717,7470595713655636214,
7470652003031449717,7470595713655636215,
7470652003031449717,7470595713655636216,
7470652003031449717,7470595713655636217,
7470652003031449717,7470595713655636218,
7470652003031449717,7470595713655636219,
7470652003031449717,7470595713655636220,
7470652003031449717,7470595713655636221,
7470652003031449717,7470595713655636222,
7470652003031449717,7470595713655636223,
7470652003031449717,7470595713655636224,
7470652003031449717,7470595713655636225,
7470652003031449717,7470595713655636226,
7470652003031449717,7470595713655636227,
7470652003031449717,7470595713655636228,
7470652003031449717,7470595713655636229,
7470652003031449717,7470595713655636230,
7470652003031449717,7472120337144987831,
7470652003031449717,7472120337145504235,
7470652003031449717,7472120337146982813,
7470652003031449717,7472966923954469225,
7470652003031449717,7472966923954867262,
7470652003031449717,7472966923956085182,
7470652003031449717,7473208335333620459,
7470652003031449717,7473208335334337199,
7470652003031449718,7470595713659830341,
7470652003031449718,7470595713659830342,
7470652003031449718,7470595713659830343,
7470652003031449718,7470595713659830344,
7470652003031449718,7470595713659830345,
7470652003031449718,7470595713659830346,
7470652003031449718,7470595713659830347,
7470652003031449718,7470595713659830348,
7470652003031449718,7470595713659830349,
7470652003031449718,7470595713659830350,
7470652003031449718,7470595713659830351,
7470652003031449718,7470595713659830352,
7470652003031449718,7470595713659830353,
7470652003031449718,7470595713659830354,
7470652003031449718,7470595713659830355,
7470652003031449718,7470595713659830356,
7470652003031449718,7470595713659830357,
7470652003031449718,7470595713659830358,
7470652003031449718,7470595713659830359,
7470652003031449718,7470595713659830360,
7470652003031449718,7470595713659830361,
7470652003031449718,7470595713659830362,
7470652003031449718,7472120337191803785,
7470652003031449718,7472966923904667390,
7470652003031449718,7472966923906560207,
7470652003031449718,7472966923907555593,
7470652003031449718,7472966923907768405,
7470652003031449718,7472966923908889903,
7470652003031449718,7472966923909434915,
7470652003031449718,7472966923910223895,
7470652003031449718,7472966923911243593,
7470652003031449718,7472966923911485170,
7470652003031449718,7472966923911586282,
7470652003031449718,7473208335316877777,
7470652003031449718,7473208335317271959,
7470652003031449718,7473208335319465707,
7470652003031449718,7473208335329266300,
7470652003031449719,7470595713655636246,
7470652003031449719,7470595713655636247,
7470652003031449719,7470595713655636248,
7470652003031449719,7470595713655636249,
7470652003031449719,7470595713655636250,
7470652003031449719,7470595713655636251,
7470652003031449719,7470595713655636252,
7470652003031449719,7470595713655636253,
7470652003031449719,7470595713655636254,
7470652003031449719,7470595713655636255,
7470652003031449719,7470595713655636256,
7470652003031449719,7470595713655636257,
7470652003031449719,7470595713655636258,
7470652003031449719,7470595713655636259,
7470652003031449719,7470595713655636260,
7470652003031449719,7470595713655636261,
7470652003031449719,7470595713659830272,
7470652003031449719,7470595713659830273,
7470652003031449719,7470595713659830274,
7470652003031449719,7470595713659830275,
7470652003031449719,7470595713659830276,
7470652003031449719,7470595713659830277,
7470652003031449719,7470595713659830278,
7470652003031449719,7470595713659830279,
7470652003031449719,7470595713659830280,
7470652003031449719,7470595713659830281,
7470652003031449719,7470595713659830282,
7470652003031449719,7470595713659830283,
7470652003031449719,7470595713659830284,
7470652003031449719,7470595713659830285,
7470652003031449719,7470595713659830286,
7470652003031449719,7470595713659830287,
7470652003031449719,7470595713659830288,
7470652003031449719,7470595713659830289,
7470652003031449719,7470595713659830290,
7470652003031449719,7470595713659830291,
7470652003031449719,7470595713659830292,
7470652003031449719,7470595713659830293,
7470652003031449719,7470595713659830294,
7470652003031449719,7470595713659830295,
7470652003031449719,7470595713659830296,
7470652003031449719,7470595713659830297,
7470652003031449719,7470595713659830298,
7470652003031449719,7470595713659830299,
7470652003031449719,7470595713659830300,
7470652003031449719,7470595713659830301,
7470652003031449719,7470595713659830302,
7470652003031449719,7470595713659830303,
7470652003031449719,7470595713659830304,
7470652003031449719,7470595713659830305,
7470652003031449719,7470595713659830306,
7470652003031449719,7470595713659830338,
7470652003031449719,7472120337166169898,
7470652003031449719,7472966923954766165,
7470652003031449719,7472966923957506078,
7470652003031449719,7472966923957769083,
7470652003031449719,7473208335333140612,
7470652003031449719,7473208335333679531,
7470652003031449719,7473208335333858703,
7470652003031449719,7473208335334404214,
7470652003031449720,7470595713651441757,
7470652003031449720,7470595713651441758,
7470652003031449720,7470595713651441759,
7470652003031449720,7470595713651441760,
7470652003031449720,7470595713651441761,
7470652003031449720,7470595713651441762,
7470652003031449720,7470595713651441763,
7470652003031449720,7470595713651441764,
7470652003031449720,7470595713651441765,
7470652003031449720,7470595713651441766,
7470652003031449720,7470595713651441767,
7470652003031449720,7470595713651441768,
7470652003031449720,7470595713651441769,
7470652003031449721,7470595713651441780,
7470652003031449721,7470595713651441781,
7470652003031449721,7470595713651441782,
7470652003031449721,7470595713651441783,
7470652003031449721,7470595713651441784,
7470652003031449721,7470595713651441785,
7470652003031449721,7470595713651441786,
7470652003031449721,7470595713651441787,
7470652003031449721,7470595713651441788,
7470652003031449721,7470595713651441789,
7470652003031449721,7470595713651441790,
7470652003031449721,7470595713651441791,
7470652003031449721,7470595713651441792,
7470652003031449721,7470595713651441793,
7470652003031449721,7470595713651441794,
7470652003031449721,7470595713651441795,
7470652003031449721,7470595713651441796,
7470652003031449721,7470595713651441797,
7470652003031449721,7470595713651441798,
7470652003031449721,7470595713651441799,
7470652003031449721,7470595713651441800,
7470652003031449721,7470595713651441801,
7470652003031449721,7470595713651441802,
7470652003031449721,7470595713651441803,
7470652003031449721,7470595713651441804,
7470652003031449721,7470595713651441805,
7470652003031449721,7470595713651441806,
7470652003031449721,7471499085240527872,
7470652003031449721,7471500539397071841,
7470652003031449721,7472120337159741642,
7470652003031449721,7472313540456493116,
7470652003031449721,7472313540460651415,
7470652003031449721,7472313540462228835,
7470652003031449721,7472313540464211436,
7470652003031449721,7472313540467991809,
7470652003031449721,7472313540468678160,
7470652003031449721,7472966923950114432,
7470652003031449721,7472966923954288398,
7470652003031449721,7472966923957434447,
7470652003031449721,7472966923958027804,
7470652003031449721,7472966923958547648,
7470652003031449721,7472966923958560029,
7470652003031449721,7472966923964079748,
7470652003031449721,7472966923964287267,
7470652003031449721,7473208335320802659,
7470652003031449721,7473208335320874362,
7470652003031449721,7473208335321117090,
7470652003031449721,7473208335321585329,
7470652003031449721,7473208335322194486,
7470652003031449721,7473208335322266746,
7470652003031449721,7473208335322592222,
7470652003031449721,7473208335322610751,
7470652003031449721,7473208335322659019,
7470652003031449721,7473208335324455094,
7470652003031449721,7473208335325569146,
7470652003031449721,7473208335325648418,
7470652003031449721,7473208335325733029,
7470652003031449721,7473208335325938505,
7470652003031449721,7473208335325981029,
7470652003031449721,7473208335326465057,
7470652003031449721,7473208335326961196,
7470652003031449721,7473208335330324894,
7470652003031449721,7473208335330561866,
7470652003031449721,7473208335331811990,
7470652003031449721,7473208335332909615,
7470652003031449721,7473208335333089649,
7470652003031449721,7473208335334035103,
7470652003031449721,7473208335334152424,
7470652003031449721,7473208335334573525,
7470652003031449721,7473208335334671611,
7470652003031449721,7473208335335088318,
7470652003031449721,7473208335335133939,
7470652003031449721,7473208335338456219,
7470652003031449721,7473208335338647059,
7470652003031449721,7473208335339029913,
7470652003031449721,7473208335340639162,
7470652003031449721,7473208335346230190,
7470652003031449721,7473208335346445035,
7470652003031449721,7473208335346828847,
7470652003031449721,7473208335349160419,
7470652003031449722,7470595713659830401,
7470652003031449722,7470595713659830402,
7470652003031449722,7470595713659830403,
7470652003031449722,7470595713659830404,
7470652003031449722,7470595713659830405,
7470652003031449722,7470595713659830406,
7470652003031449722,7470595713659830407,
7470652003031449722,7470595713659830408,
7470652003031449722,7470595713659830409,
7470652003031449722,7470595713659830410,
7470652003031449722,7470595713659830411,
7470652003031449722,7470595713659830412,
7470652003031449722,7470595713659830413,
7470652003031449722,7470595713659830414,
7470652003031449722,7470595713659830415,
7470652003031449722,7470595713659830416,
7470652003031449722,7470595713659830417,
7470652003031449722,7470595713659830418,
7470652003031449722,7470595713659830419,
7470652003031449722,7470595713659830420,
7470652003031449722,7470595713659830421,
7470652003031449722,7470595713659830422,
7470652003031449722,7470595713659830423,
7470652003031449722,7470595713659830424,
7470652003031449722,7470595713659830425,
7470652003031449722,7470595713659830426,
7470652003031449722,7470595713659830427,
7470652003031449722,7470595713659830428,
7470652003031449722,7470595713659830429,
7470652003031449722,7470595713659830430,
7470652003031449722,7470595713659830431,
7470652003031449722,7470595713659830432,
7470652003031449722,7470595713659830433,
7470652003031449722,7470595713659830434,
7470652003031449722,7470595713659830435,
7470652003031449722,7470595713659830436,
7470652003031449722,7470595713659830437,
7470652003031449722,7470595713659830438,
7470652003031449722,7470595713659830439,
7470652003031449722,7470595713659830440,
7470652003031449722,7470595713659830441,
7470652003031449722,7470595713659830442,
7470652003031449722,7470595713659830443,
7470652003031449722,7470595713659830444,
7470652003031449722,7470595713659830445,
7470652003031449722,7470595713659830446,
7470652003031449722,7470595713659830447,
7470652003031449722,7470595713659830448,
7470652003031449722,7470595713659830449,
7470652003031449722,7470595713659830450,
7470652003031449722,7470595713659830451,
7470652003031449722,7470595713659830452,
7470652003031449722,7470595713659830453,
7470652003031449722,7470595713659830454,
7470652003031449722,7470595713659830455,
7470652003031449722,7470595713659830456,
7470652003031449722,7470595713659830457,
7470652003031449722,7470595713659830458,
7470652003031449722,7470595713659830459,
7470652003031449722,7470595713659830460,
7470652003031449722,7470595713659830461,
7470652003031449722,7470595713659830462,
7470652003031449722,7470595713659830463,
7470652003031449722,7470595713659830464,
7470652003031449722,7470595713659830465,
7470652003031449722,7470595713659830466,
7470652003031449722,7470595713659830467,
7470652003031449722,7470595713659830468,
7470652003031449722,7470595713659830469,
7470652003031449722,7470595713659830470,
7470652003031449722,7470595713659830471,
7470652003031449722,7470595713659830472,
7470652003031449722,7470595713659830473,
7470652003031449722,7472120337145089552,
7470652003031449722,7472815276456822372,
7470652003031449722,7472815276465605345,
7470652003031449722,7472815276466890915,
7470652003031449722,7472966923949832532,
7470652003031449722,7473208335309006926,
7470652003031449722,7473208335310659237,
7470652003031449722,7473208335310902340,
7470652003031449722,7473208335342189269,
7470652003031449722,7473208335422027514,
7470652003031449722,7473208335422170809,
7470652003031449722,7473208335424116440,
7470652003031449722,7473208335424513049,
7470652003031449723,7470595713655635986,
7470652003031449723,7470595713655635987,
7470652003031449723,7470595713655635988,
7470652003031449723,7470595713655635989,
7470652003031449723,7470595713655635990,
7470652003031449723,7470595713655635991,
7470652003031449723,7470595713655635992,
7470652003031449723,7470595713655635993,
7470652003031449723,7470595713655635994,
7470652003031449723,7470595713655635995,
7470652003031449723,7470595713655635996,
7470652003031449723,7470595713655635997,
7470652003031449723,7470595713655635998,
7470652003031449723,7470595713655635999,
7470652003031449723,7470595713655636000,
7470652003031449723,7470595713655636001,
7470652003031449723,7470595713655636002,
7470652003031449723,7470595713655636003,
7470652003031449723,7470595713655636004,
7470652003031449723,7470595713655636005,
7470652003031449723,7470595713655636006,
7470652003031449723,7470595713655636007,
7470652003031449723,7470595713655636008,
7470652003031449723,7470595713655636009,
7470652003031449723,7470595713655636010,
7470652003031449723,7470595713655636011,
7470652003031449723,7470595713655636012,
7470652003031449723,7470595713655636013,
7470652003031449723,7470595713655636014,
7470652003031449723,7470595713655636015,
7470652003031449723,7470595713655636016,
7470652003031449723,7470595713655636017,
7470652003031449723,7470595713655636018,
7470652003031449723,7470595713655636019,
7470652003031449723,7470595713655636020,
7470652003031449723,7470595713655636021,
7470652003031449723,7470595713655636022,
7470652003031449723,7470595713655636023,
7470652003031449723,7470595713655636024,
7470652003031449723,7470595713655636025,
7470652003031449723,7470595713655636026,
7470652003031449723,7470595713655636027,
7470652003031449723,7470595713655636028,
7470652003031449723,7470595713655636029,
7470652003031449723,7470595713655636030,
7470652003031449723,7470595713655636031,
7470652003031449723,7470595713655636032,
7470652003031449723,7470595713655636033,
7470652003031449723,7470595713655636034,
7470652003031449723,7470595713655636035,
7470652003031449723,7470595713655636036,
7470652003031449723,7470595713655636037,
7470652003031449723,7470595713655636038,
7470652003031449723,7470595713655636039,
7470652003031449723,7470595713655636040,
7470652003031449723,7470595713655636041,
7470652003031449723,7470595713655636042,
7470652003031449723,7470595713655636043,
7470652003031449723,7470595713655636044,
7470652003031449723,7470595713655636045,
7470652003031449723,7470595713655636046,
7470652003031449723,7470595713655636047,
7470652003031449723,7470595713655636048,
7470652003031449723,7470595713655636049,
7470652003031449723,7470595713655636050,
7470652003031449723,7470595713655636051,
7470652003031449723,7470595713655636052,
7470652003031449723,7470595713655636053,
7470652003031449723,7470595713655636054,
7470652003031449723,7470595713655636055,
7470652003031449723,7470595713655636056,
7470652003031449723,7470595713655636057,
7470652003031449723,7470595713655636058,
7470652003031449723,7470595713655636059,
7470652003031449723,7470595713655636060,
7470652003031449723,7470595713655636061,
7470652003031449723,7470595713655636062,
7470652003031449723,7470595713655636063,
7470652003031449723,7470595713655636064,
7470652003031449723,7470595713655636065,
7470652003031449723,7470595713655636066,
7470652003031449723,7470595713655636067,
7470652003031449723,7470595713655636068,
7470652003031449723,7470595713655636069,
7470652003031449723,7470595713655636070,
7470652003031449723,7470595713655636071,
7470652003031449723,7470595713655636072,
7470652003031449723,7470595713655636073,
7470652003031449723,7470595713655636074,
7470652003031449723,7470595713655636075,
7470652003031449723,7470595713655636076,
7470652003031449723,7470595713655636077,
7470652003031449723,7470595713655636078,
7470652003031449723,7470595713655636079,
7470652003031449723,7470595713655636080,
7470652003031449723,7470595713655636081,
7470652003031449723,7470595713655636082,
7470652003031449723,7470595713655636083,
7470652003031449723,7470595713655636084,
7470652003031449723,7470595713655636085,
7470652003031449723,7470595713655636086,
7470652003031449723,7470595713655636087,
7470652003031449723,7470595713655636088,
7470652003031449723,7470595713655636089,
7470652003031449723,7470595713655636090,
7470652003031449723,7470595713655636091,
7470652003031449723,7470595713655636092,
7470652003031449723,7470595713655636093,
7470652003031449723,7470595713655636094,
7470652003031449723,7470595713655636095,
7470652003031449723,7470595713655636096,
7470652003031449723,7470595713655636097,
7470652003031449723,7470595713655636098,
7470652003031449723,7470595713655636099,
7470652003031449723,7470595713655636100,
7470652003031449723,7470595713655636101,
7470652003031449723,7470595713655636102,
7470652003031449723,7470595713655636103,
7470652003031449723,7470595713655636104,
7470652003031449723,7470595713655636105,
7470652003031449723,7470595713655636106,
7470652003031449723,7470595713655636107,
7470652003031449723,7470595713655636108,
7470652003031449723,7470595713655636109,
7470652003031449723,7470595713655636110,
7470652003031449723,7470595713655636111,
7470652003031449723,7470595713655636112,
7470652003031449723,7470595713655636113,
7470652003031449723,7470595713655636114,
7470652003031449723,7470595713655636115,
7470652003031449723,7470595713655636116,
7470652003031449723,7470595713655636117,
7470652003031449723,7470595713655636118,
7470652003031449723,7470595713655636119,
7470652003031449723,7470595713655636120,
7470652003031449723,7470595713655636121,
7470652003031449723,7470595713655636122,
7470652003031449723,7470595713655636123,
7470652003031449723,7470595713655636124,
7470652003031449723,7470595713655636125,
7470652003031449723,7470595713655636126,
7470652003031449723,7470595713655636127,
7470652003031449723,7470595713655636128,
7470652003031449723,7470595713655636129,
7470652003031449723,7470595713655636130,
7470652003031449723,7470595713655636131,
7470652003031449723,7470595713655636132,
7470652003031449723,7470595713655636133,
7470652003031449723,7470595713655636134,
7470652003031449723,7470595713655636135,
7470652003031449723,7470595713655636136,
7470652003031449723,7470595713655636137,
7470652003031449723,7470595713655636138,
7470652003031449723,7470595713655636139,
7470652003031449723,7470595713655636140,
7470652003031449723,7470595713655636141,
7470652003031449723,7470595713655636142,
7470652003031449723,7470595713655636143,
7470652003031449723,7470595713655636144,
7470652003031449723,7470595713655636145,
7470652003031449723,7470595713655636146,
7470652003031449723,7470595713655636147,
7470652003031449723,7470595713655636148,
7470652003031449723,7470595713655636149,
7470652003031449723,7470595713655636150,
7470652003031449723,7470595713655636151,
7470652003031449723,7470595713655636152,
7470652003031449723,7470595713655636153,
7470652003031449723,7470595713655636154,
7470652003031449723,7470595713655636155,
7470652003031449723,7470595713655636156,
7470652003031449723,7470595713655636157,
7470652003031449723,7470595713655636158,
7470652003031449724,7470595713714356412,
7470652003031449724,7470595713714356413,
7470652003031449724,7470595713714356414,
7470652003031449724,7470595713714356415,
7470652003031449724,7470595713714356416,
7470652003031449724,7470595713714356417,
7470652003031449724,7470595713714356418,
7470652003031449724,7470595713714356419,
7470652003031449724,7470595713714356420,
7470652003031449724,7470595713714356421,
7470652003031449724,7470595713714356422,
7470652003031449724,7470595713714356423,
7470652003031449724,7470595713714356424,
7470652003031449724,7470595713714356425,
7470652003031449724,7470595713714356426,
7470652003031449724,7470595713714356427,
7470652003031449724,7470595713714356428,
7470652003031449724,7470595713714356429,
7470652003031449724,7470595713714356430,
7470652003031449724,7470595713714356431,
7470652003031449724,7470595713714356432,
7470652003031449724,7470595713714356433,
7470652003031449724,7470595713714356434,
7470652003031449724,7470595713714356435,
7470652003031449724,7470595713714356436,
7470652003031449724,7470595713714356437,
7470652003031449724,7470595713714356438,
7470652003031449724,7470595713714356439,
7470652003031449724,7470595713714356440,
7470652003031449724,7470595713714356441,
7470652003031449724,7470595713714356442,
7470652003031449724,7470595713714356443,
7470652003031449724,7470595713714356444,
7470652003031449724,7470595713714356445,
7470652003031449724,7470595713714356446,
7470652003031449724,7470595713714356447,
7470652003031449724,7470595713714356448,
7470652003031449724,7470595713714356449,
7470652003031449724,7470595713714356450,
7470652003031449724,7470595713714356451,
7470652003031449724,7470595713714356452,
7470652003031449724,7470595713714356453,
7470652003031449724,7470595713714356454,
7470652003031449724,7470595713714356455,
7470652003031449724,7470595713714356456,
7470652003031449724,7470595713714356457,
7470652003031449724,7470595713714356458,
7470652003031449724,7470595713714356459,
7470652003031449724,7470595713714356460,
7470652003031449724,7470595713714356461,
7470652003031449724,7470595713714356462,
7470652003031449724,7470595713714356463,
7470652003031449724,7470595713714356464,
7470652003031449724,7470595713714356465,
7470652003031449724,7470595713714356466,
7470652003031449724,7470595713714356467,
7470652003031449724,7470595713714356468,
7470652003031449724,7470595713714356469,
7470652003031449724,7470595713714356470,
7470652003031449724,7470595713714356471,
7470652003031449724,7470595713714356472,
7470652003031449724,7470595713714356473,
7470652003031449724,7470595713714356474,
7470652003031449724,7470595713714356475,
7470652003031449724,7470595713714356476,
7470652003031449724,7470595713714356477,
7470652003031449724,7470595713714356478,
7470652003031449724,7470595713714356479,
7470652003031449724,7470595713714356480,
7470652003031449724,7470595713714356481,
7470652003031449724,7470595713714356482,
7470652003031449724,7470595713714356483,
7470652003031449724,7470595713714356484,
7470652003031449724,7470595713714356485,
7470652003031449724,7470595713714356486,
7470652003031449724,7472966923936909920,
7470652003031449724,7472966923936999937,
7470652003031449724,7472966923937069606,
7470652003031449724,7472966923937545451,
7470652003031449724,7472966923938080073,
7470652003031449724,7472966923938514081,
7470652003031449724,7472966923938675670,
7470652003031449724,7472966923938808350,
7470652003031449724,7472966923938856189,
7470652003031449724,7472966923938914605,
7470652003031449724,7472966923939308374,
7470652003031449724,7472966923939325731,
7470652003031449724,7472966923939449583,
7470652003031449724,7472966923939550720,
7470652003031449724,7472966923939964047,
7470652003031449724,7472966923940211676,
7470652003031449724,7472966923940262674,
7470652003031449724,7472966923940790786,
7470652003031449724,7472966923940847443,
7470652003031449724,7472966923940857185,
7470652003031449724,7472966923940934104,
7470652003031449724,7472966923940978651,
7470652003031449724,7472966923941466669,
7470652003031449724,7472966923941725146,
7470652003031449724,7472966923942093296,
7470652003031449724,7472966923943263129,
7470652003031449724,7472966923943322352,
7470652003031449724,7472966923943540478,
7470652003031449724,7472966923943555749,
7470652003031449724,7472966923943743269,
7470652003031449724,7472966923943769096,
7470652003031449724,7472966923944271159,
7470652003031449724,7472966923944316945,
7470652003031449724,7472966923944385735,
7470652003031449724,7472966923944858378,
7470652003031449724,7472966923944897621,
7470652003031449725,7470595713693384769,
7470652003031449725,7470595713798242312,
7470652003031449725,7470595713798242313,
7470652003031449725,7470595713798242314,
7470652003031449725,7470595713798242315,
7470652003031449725,7470595713798242316,
7470652003031449725,7470595713798242317,
7470652003031449725,7470595713798242318,
7470652003031449725,7470595713798242319,
7470652003031449725,7470595713798242320,
7470652003031449725,7470595713798242321,
7470652003031449725,7470595713798242322,
7470652003031449725,7470595713798242323,
7470652003031449725,7470595713798242324,
7470652003031449725,7470595713798242325,
7470652003031449725,7470595713798242326,
7470652003031449725,7470595713798242327,
7470652003031449725,7470595713798242328,
7470652003031449725,7470595713798242329,
7470652003031449725,7470595713798242330,
7470652003031449725,7470595713798242331,
7470652003031449725,7470595713798242332,
7470652003031449725,7470595713798242333,
7470652003031449725,7470595713798242334,
7470652003031449725,7470595713798242335,
7470652003031449725,7470595713798242336,
7470652003031449725,7470595713798242337,
7470652003031449725,7470595713798242338,
7470652003031449725,7470595713798242339,
7470652003031449725,7470595713798242340,
7470652003031449725,7470595713798242341,
7470652003031449725,7470595713798242342,
7470652003031449725,7470595713798242343,
7470652003031449725,7470595713798242344,
7470652003031449725,7470595713798242345,
7470652003031449725,7470595713798242346,
7470652003031449725,7470595713798242347,
7470652003031449725,7470595713798242348,
7470652003031449725,7470595713798242349,
7470652003031449725,7470595713798242350,
7470652003031449725,7470595713798242351,
7470652003031449725,7470595713798242352,
7470652003031449725,7470595713798242353,
7470652003031449725,7470595713798242354,
7470652003031449725,7470595713798242355,
7470652003031449725,7470595713798242356,
7470652003031449725,7470595713798242357,
7470652003031449725,7470595713798242358,
7470652003031449725,7470595713798242359,
7470652003031449725,7470595713798242360,
7470652003031449725,7470595713798242361,
7470652003031449725,7470595713798242362,
7470652003031449725,7470595713798242363,
7470652003031449725,7470595713798242364,
7470652003031449725,7470595713798242365,
7470652003031449725,7470595713798242366,
7470652003031449725,7470595713798242367,
7470652003031449725,7470595713798242368,
7470652003031449725,7470595713798242369,
7470652003031449725,7470595713798242370,
7470652003031449725,7470595713798242371,
7470652003031449725,7470595713798242372,
7470652003031449725,7470595713798242373,
7470652003031449725,7470595713798242374,
7470652003031449725,7470595713798242375,
7470652003031449725,7470595713798242376,
7470652003031449725,7470595713798242377,
7470652003031449725,7470595713798242378,
7470652003031449725,7470595713798242379,
7470652003031449725,7470595713798242380,
7470652003031449725,7470595713798242381,
7470652003031449725,7470595713798242382,
7470652003031449725,7470595713798242383,
7470652003031449725,7470595713798242384,
7470652003031449725,7470595713798242385,
7470652003031449725,7470595713798242386,
7470652003031449725,7470595713798242387,
7470652003031449725,7470595713798242388,
7470652003031449725,7470595713798242389,
7470652003031449725,7470595713798242390,
7470652003031449725,7470595713798242391,
7470652003031449725,7470595713798242392,
7470652003031449725,7470595713798242393,
7470652003031449725,7470595713798242394,
7470652003031449725,7470595713798242395,
7470652003031449725,7470595713798242396,
7470652003031449725,7470595713798242397,
7470652003031449725,7470595713798242398,
7470652003031449725,7470595713798242399,
7470652003031449725,7470595713798242400,
7470652003031449725,7470595713798242401,
7470652003031449725,7470595713798242402,
7470652003031449725,7470595713798242403,
7470652003031449725,7470595713798242404,
7470652003031449725,7470595713798242405,
7470652003031449725,7470595713798242406,
7470652003031449725,7470595713798242407,
7470652003031449725,7470595713798242408,
7470652003031449725,7470595713798242409,
7470652003031449725,7470595713798242410,
7470652003031449725,7470595713798242411,
7470652003031449725,7470595713798242412,
7470652003031449725,7470595713798242413,
7470652003031449725,7470595713798242414,
7470652003031449725,7470595713798242415,
7470652003031449725,7470595713798242416,
7470652003031449725,7470595713798242417,
7470652003031449725,7470595713798242418,
7470652003031449725,7470595713798242419,
7470652003031449725,7470595713798242420,
7470652003031449725,7470595713798242421,
7470652003031449725,7470595713798242422,
7470652003031449725,7470595713798242423,
7470652003031449725,7470595713798242424,
7470652003031449725,7470595713798242425,
7470652003031449725,7470595713798242426,
7470652003031449725,7470595713798242427,
7470652003031449725,7470595713798242428,
7470652003031449725,7470595713798242429,
7470652003031449725,7470595713798242430,
7470652003031449725,7470595713798242431,
7470652003031449725,7470595713798242432,
7470652003031449725,7470595713798242433,
7470652003031449725,7470595713798242434,
7470652003031449725,7470595713798242435,
7470652003031449725,7470595713798242436,
7470652003031449725,7470595713798242437,
7470652003031449725,7470595713798242438,
7470652003031449725,7470595713798242439,
7470652003031449725,7470595713798242440,
7470652003031449725,7470595713798242441,
7470652003031449725,7470595713798242442,
7470652003031449725,7470595713798242443,
7470652003031449725,7470595713798242444,
7470652003031449725,7470595713798242445,
7470652003031449725,7470595713798242446,
7470652003031449725,7470595713798242447,
7470652003031449725,7470595713798242448,
7470652003031449725,7470595713798242449,
7470652003031449725,7470595713798242450,
7470652003031449725,7470595713798242451,
7470652003031449725,7470595713798242452,
7470652003031449725,7470595713798242453,
7470652003031449725,7470595713798242454,
7470652003031449725,7470595713798242455,
7470652003031449725,7470595713798242456,
7470652003031449725,7470595713798242457,
7470652003031449725,7470595713798242458,
7470652003031449725,7470595713798242459,
7470652003031449725,7470595713798242460,
7470652003031449725,7470595713798242461,
7470652003031449725,7470595713798242462,
7470652003031449725,7470595713798242463,
7470652003031449725,7470595713798242464,
7470652003031449725,7470595713798242465,
7470652003031449725,7470595713798242466,
7470652003031449725,7470595713798242467,
7470652003031449725,7470595713798242468,
7470652003031449725,7470595713798242469,
7470652003031449725,7470595713798242470,
7470652003031449725,7470595713798242471,
7470652003031449725,7470595713798242472,
7470652003031449725,7470595713798242473,
7470652003031449725,7470595713798242474,
7470652003031449725,7470595713798242475,
7470652003031449725,7470595713798242476,
7470652003031449725,7470595713798242477,
7470652003031449725,7470595713798242478,
7470652003031449725,7470595713798242479,
7470652003031449725,7470595713798242480,
7470652003031449725,7470595713798242481,
7470652003031449725,7470595713798242482,
7470652003031449725,7470595713798242483,
7470652003031449725,7470595713798242484,
7470652003031449725,7470595713798242485,
7470652003031449725,7470595713798242486,
7470652003031449725,7470595713798242487,
7470652003031449725,7470595713798242488,
7470652003031449725,7470595713798242489,
7470652003031449725,7470595713798242490,
7470652003031449725,7470595713798242491,
7470652003031449725,7470595713798242492,
7470652003031449725,7470595713798242493,
7470652003031449725,7470595713798242494,
7470652003031449725,7470595713798242495,
7470652003031449725,7470595713798242496,
7470652003031449725,7470595713798242497,
7470652003031449725,7470595713798242498,
7470652003031449725,7470595713798242499,
7470652003031449725,7470595713798242500,
7470652003031449725,7470595713798242501,
7470652003031449725,7470595713798242502,
7470652003031449725,7470595713798242503,
7470652003031449725,7470595713798242504,
7470652003031449725,7470595713798242505,
7470652003031449725,7470595713798242506,
7470652003031449725,7470595713798242507,
7470652003031449725,7470595713798242508,
7470652003031449725,7470595713798242509,
7470652003031449725,7470595713798242535,
7470652003031449725,7470595713802436795,
7470652003031449725,7470595713802436796,
7470652003031449725,7470595713802436797,
7470652003031449725,7470595713802436798,
7470652003031449725,7470595713802436799,
7470652003031449725,7470595713802436800,
7470652003031449725,7470595713802436817,
7470652003031449725,7470595713802436818,
7470652003031449725,7470595713802436819,
7470652003031449725,7470595713802436820,
7470652003031449725,7470595713802436821,
7470652003031449725,7470595713802436822,
7470652003031449725,7470595713802436823,
7470652003031449725,7470595713802436824,
7470652003031449725,7470595713802436825,
7470652003031449725,7470595713802436826,
7470652003031449725,7470595713802436827,
7470652003031449725,7470595713802436828,
7470652003031449725,7470595713802436829,
7470652003031449725,7470595713802436830,
7470652003031449725,7470595713802436831,
7470652003031449725,7470595713802436832,
7470652003031449725,7470595713802436833,
7470652003031449725,7470595713802436834,
7470652003031449725,7470595713802436835,
7470652003031449725,7470595713802436836,
7470652003031449725,7470595713802436837,
7470652003031449725,7470595713802436838,
7470652003031449725,7470595713802436839,
7470652003031449725,7470595713802436840,
7470652003031449725,7470595713802436841,
7470652003031449725,7470595713802436842,
7470652003031449725,7470595713802436843,
7470652003031449725,7470595713802436844,
7470652003031449725,7470595713802436845,
7470652003031449725,7470595713802436846,
7470652003031449725,7470595713802436847,
7470652003031449725,7470595713802436848,
7470652003031449725,7470595713802436849,
7470652003031449725,7470595713802436850,
7470652003031449725,7470595713802436851,
7470652003031449725,7470595713802436852,
7470652003031449725,7470595713802436853,
7470652003031449725,7470595713802436854,
7470652003031449725,7470595713802436855,
7470652003031449725,7470595713802436856,
7470652003031449725,7470595713802436857,
7470652003031449725,7470595713802436858,
7470652003031449725,7470595713802436859,
7470652003031449725,7470595713802436860,
7470652003031449725,7470595713802436861,
7470652003031449725,7470595713802436862,
7470652003031449725,7470595713802436863,
7470652003031449725,7470595713802436864,
7470652003031449725,7470595713802436865,
7470652003031449725,7470595713802436866,
7470652003031449725,7470595713802436867,
7470652003031449725,7470595713802436868,
7470652003031449725,7470595713802436869,
7470652003031449725,7470595713802436870,
7470652003031449725,7470595713802436871,
7470652003031449725,7470595713802436872,
7470652003031449725,7470595713802436873,
7470652003031449725,7470595713802436874,
7470652003031449725,7470595713802436875,
7470652003031449725,7470595713802436876,
7470652003031449725,7470595713802436877,
7470652003031449725,7470595713802436878,
7470652003031449725,7470595713802436879,
7470652003031449725,7470595713802436880,
7470652003031449725,7470595713802436881,
7470652003031449725,7470595713802436882,
7470652003031449725,7470595713802436883,
7470652003031449725,7470595713802436884,
7470652003031449725,7470595713802436885,
7470652003031449725,7470595713802436886,
7470652003031449725,7470595713802436887,
7470652003031449725,7470595713802436888,
7470652003031449725,7470595713802436889,
7470652003031449725,7470595713802436890,
7470652003031449725,7470595713802436891,
7470652003031449725,7471493912912847449,
7470652003031449725,7471493964599690460,
7470652003031449725,7471499517496203746,
7470652003031449725,7471506966713370257,
7470652003031449725,7471506999059021423,
7470652003031449725,7471601065519575485,
7470652003031449725,7471601098029335220,
7470652003031449725,7471601132735981756,
7470652003031449725,7471601175742412598,
7470652003031449725,7471612735559037186,
7470652003031449725,7471614705743779002,
7470652003031449725,7471614727026948972,
7470652003031449725,7471616925701502642,
7470652003031449725,7471616955643528938,
7470652003031449725,7471642672507014177,
7470652003031449725,7471642705984950331,
7470652003031449725,7471642755964611379,
7470652003031449725,7471642791245315049,
7470652003031449725,7471642818943717797,
7470652003031449725,7471642840368276291,
7470652003031449725,7471642902187235530,
7470652003031449725,7471642932099670726,
7470652003031449725,7471642956780774965,
7470652003031449725,7471643038017857826,
7470652003031449725,7471643063242301596,
7470652003031449725,7471643090503992230,
7470652003031449725,7472120337204645071,
7470652003031449725,7472120337206087906,
7470652003031449725,7472313540460081673,
7470652003031449725,7472313540496317284,
7470652003031449725,7472313540507276986,
7470652003031449725,7472313540507412876,
7470652003031449725,7472313540508302958,
7470652003031449725,7472313540508370464,
7470652003031449725,7472313540509144752,
7470652003031449725,7472313540510444496,
7470652003031449725,7472313540510618142,
7470652003031449725,7472371116856312147,
7470652003031449725,7472371116858317842,
7470652003031449725,7472371116860083030,
7470652003031449725,7472371116860254989,
7470652003031449725,7472371116872918542,
7470652003031449725,7472371116874938229,
7470652003031449725,7472371116874999692,
7470652003031449725,7472371116878327975,
7470652003031449725,7472371116878357022,
7470652003031449725,7472371116879254396,
7470652003031449725,7472371116889318768,
7470652003031449725,7472371116890500337,
7470652003031449725,7472371116890566272,
7470652003031449725,7472371116890601408,
7470652003031449725,7472371116891029529,
7470652003031449725,7472371116891094359,
7470652003031449725,7472371116892226064,
7470652003031449725,7472371116892353157,
7470652003031449725,7472371116892587917,
7470652003031449725,7472371116892672242,
7470652003031449725,7472371116893093201,
7470652003031449725,7472371116893250259,
7470652003031449725,7472371116893253524,
7470652003031449725,7472371116893282407,
7470652003031449725,7472371116893528245,
7470652003031449725,7472371116893548423,
7470652003031449725,7472371116894161964,
7470652003031449725,7472371116894188647,
7470652003031449725,7472371116894278100,
7470652003031449725,7472371116895203559,
7470652003031449725,7472371116895262746,
7470652003031449725,7472371116895322481,
7470652003031449725,7472371116896261513,
7470652003031449725,7472371116896563600,
7470652003031449725,7472371116896827686,
7470652003031449725,7472371116896834903,
7470652003031449725,7472371116897199528,
7470652003031449725,7472371116897280082,
7470652003031449725,7472371116897399785,
7470652003031449725,7472371116897440569,
7470652003031449725,7472371116898385442,
7470652003031449725,7472371116898845234,
7470652003031449725,7472371116899090177,
7470652003031449725,7472371116899152054,
7470652003031449725,7472371116899326912,
7470652003031449725,7472371116899508778,
7470652003031449725,7472371116899890156,
7470652003031449725,7472371116901060353,
7470652003031449725,7472371116901547126,
7470652003031449725,7472371116901598690,
7470652003031449725,7472371116901633545,
7470652003031449725,7472371116902743585,
7470652003031449725,7472371116902917104,
7470652003031449725,7472371116903211474,
7470652003031449725,7472371116903227270,
7470652003031449725,7472371116903737418,
7470652003031449725,7472371116904481278,
7470652003031449725,7472371116904553254,
7470652003031449725,7472371116904736129,
7470652003031449725,7472371116904778834,
7470652003031449725,7472371116906617763,
7470652003031449725,7472371116906637040,
7470652003031449725,7472371116906887537,
7470652003031449725,7472371116907215379,
7470652003031449725,7472371116907486997,
7470652003031449725,7472762259816421301,
7470652003031449725,7472762259820662747,
7470652003031449725,7472762259823752806,
7470652003031449725,7472762259829946438,
7470652003031449725,7472762259831239697,
7470652003031449725,7472762259834603353,
7470652003031449725,7472762259834729443,
7470652003031449725,7472762259837388060,
7470652003031449725,7472762259837582959,
7470652003031449725,7472762259838652717,
7470652003031449725,7472762259839158537,
7470652003031449725,7472762259839391685,
7470652003031449725,7472762259839861769,
7470652003031449725,7472762259840632213,
7470652003031449725,7472815276451530578,
7470652003031449725,7472815276451668202,
7470652003031449725,7472815276452126009,
7470652003031449725,7472815276452642284,
7470652003031449725,7472815276452791943,
7470652003031449725,7472815276453016149,
7470652003031449725,7472815276454272819,
7470652003031449725,7472815276454967232,
7470652003031449725,7472815276457616870,
7470652003031449725,7472815276458264086,
7470652003031449725,7472815276466810820,
7470652003031449725,7472815276469281155,
7470652003031449725,7472815276471846265,
7470652003031449725,7472815276472440535,
7470652003031449725,7472815276472455402,
7470652003031449725,7472815276472566597,
7470652003031449725,7472815276472573872,
7470652003031449725,7472815276473123499,
7470652003031449725,7472815276473211159,
7470652003031449725,7472815276473587407,
7470652003031449725,7472815276473808337,
7470652003031449725,7472815276473977784,
7470652003031449725,7472815276474338801,
7470652003031449725,7472815276474399780,
7470652003031449725,7472815276474424329,
7470652003031449725,7472815276474786035,
7470652003031449725,7472815276474921486,
7470652003031449725,7472815276475051994,
7470652003031449725,7472815276475142405,
7470652003031449725,7472815276475316817,
7470652003031449725,7472815276475692610,
7470652003031449725,7472815276475763547,
7470652003031449725,7472815276475800163,
7470652003031449725,7472815276475982499,
7470652003031449725,7472815276476009948,
7470652003031449725,7472815276481493339,
7470652003031449725,7472815276481589670,
7470652003031449725,7472815276482010329,
7470652003031449725,7472815276482892587,
7470652003031449725,7472815276484231588,
7470652003031449725,7472815276485091530,
7470652003031449725,7472815276485329975,
7470652003031449725,7472815276485456053,
7470652003031449725,7472815276485500723,
7470652003031449725,7472815276485611745,
7470652003031449725,7472815276485642978,
7470652003031449725,7472815276485643461,
7470652003031449725,7472815276485771817,
7470652003031449725,7472815276485982966,
7470652003031449725,7472815276486005605,
7470652003031449725,7472815276486642594,
7470652003031449725,7472815276487107849,
7470652003031449725,7472815276487377052,
7470652003031449725,7472815276487489940,
7470652003031449725,7472815276488377387,
7470652003031449725,7472815276488574890,
7470652003031449725,7472815276488970137,
7470652003031449725,7472815276489303390,
7470652003031449725,7472815276489553639,
7470652003031449725,7472815276489561365,
7470652003031449725,7472815276489894090,
7470652003031449725,7472815276489959473,
7470652003031449725,7472815276490000743,
7470652003031449725,7472815276490185980,
7470652003031449725,7472815276490297093,
7470652003031449725,7472815276490500695,
7470652003031449725,7472815276490585940,
7470652003031449725,7472815276490655156,
7470652003031449725,7472815276490956297,
7470652003031449725,7472815276491454228,
7470652003031449725,7472815276491572261,
7470652003031449725,7472815276491633911,
7470652003031449725,7472815276491908532,
7470652003031449725,7472815276491972541,
7470652003031449725,7472815276492157934,
7470652003031449725,7472815276492225052,
7470652003031449725,7472815276492232753,
7470652003031449725,7472815276492817382,
7470652003031449725,7472815276492958359,
7470652003031449725,7472815276495649192,
7470652003031449725,7472966923920371852,
7470652003031449725,7472966923920437017,
7470652003031449725,7472966923920684835,
7470652003031449725,7472966923921086399,
7470652003031449725,7472966923921286813,
7470652003031449725,7472966923921629071,
7470652003031449725,7472966923921854656,
7470652003031449725,7472966923922360948,
7470652003031449725,7472966923922389510,
7470652003031449725,7472966923923162705,
7470652003031449725,7472966923923288790,
7470652003031449725,7472966923923383776,
7470652003031449725,7472966923964181070,
7470652003031449725,7472966923965573192,
7470652003031449725,7472966923965972848,
7470652003031449725,7472968447447802918,
7470652003031449725,7472968447468853376,
7470652003031449725,7472968447481906981,
7470652003031449725,7472968447482639642,
7470652003031449725,7472968447483049038,
7470652003031449725,7473049686399783889,
7470652003031449725,7473049686421590447,
7470652003031449725,7473049686424062260,
7470652003031449725,7473049686424255348,
7470652003031449725,7473049686424502346,
7470652003031449725,7473049686426019213,
7470652003031449725,7473049686426853048,
7470652003031449725,7473049686427053380,
7470652003031449725,7473049686427832922,
7470652003031449725,7473049686429239696,
7470652003031449725,7473049686432535499,
7470652003031449725,7473049686432928399,
7470652003031449725,7473049686435830840,
7470652003031449725,7473049686438663589,
7470652003031449725,7473049686440644408,
7470652003031449725,7473049686441210429,
7470652003031449725,7473049686441870751,
7470652003031449725,7473049686442165092,
7470652003031449725,7473049686442302397,
7470652003031449725,7473049686455914072,
7470652003031449725,7473049686456187743,
7470652003031449725,7473049686456373782,
7470652003031449725,7473049686457760803,
7470652003031449725,7473049686458207354,
7470652003031449725,7473049686458671225,
7470652003031449725,7473208335252407313,
7470652003031449725,7473208335258045257,
7470652003031449725,7473208335260723863,
7470652003031449725,7473208335287112244,
7470652003031449725,7473208335288239232,
7470652003031449725,7473208335289242564,
7470652003031449725,7473208335290201414,
7470652003031449725,7473208335290234068,
7470652003031449725,7473208335312313474,
7470652003031449725,7473208335351571364,
7470652003031449725,7473208335353765557,
7470652003031449725,7473208335384832492,
7470652003031449725,7473208335385176740,
7470652003031449725,7473208335388770457,
7470652003031449725,7473208335389153002,
7470652003031449725,7473208335405228065,
7470652003031449725,7473208335405433611,
7470652003031449725,7473208335405599643,
7470652003031449725,7473208335406464365,
7470652003031449725,7473208335407537061,
7470652003031449725,7473208335408404116,
7470652003031449725,7473208335408911626,
7470652003031449725,7473208335409073519,
7470652003031449725,7473208335409083488,
7470652003031449725,7473208335409307644,
7470652003031449725,7473208335409336133,
7470652003031449725,7473208335409627293,
7470652003031449725,7473208335409943436,
7470652003031449725,7473208335409984947,
7470652003031449725,7473208335410000256,
7470652003031449725,7473208335410112744,
7470652003031449725,7473208335410449250,
7470652003031449725,7473208335410663740,
7470652003031449725,7473208335410681538,
7470652003031449725,7473208335410929918,
7470652003031449725,7473208335411106889,
7470652003031449725,7473208335411167685,
7470652003031449725,7473208335411246934,
7470652003031449725,7473208335411380172,
7470652003031449725,7473208335411648005,
7470652003031449725,7473208335411871501,
7470652003031449725,7473208335412326308,
7470652003031449725,7473208335412374516,
7470652003031449725,7473208335419369399,
7470652003031449725,7473208335419761245,
7470652003031449725,7473208335419925547,
7470652003031449725,7473208335424161128,
7470652003031449726,7470595713802436801,
7470652003031449726,7470595713802436802,
7470652003031449726,7470595713802436803,
7470652003031449726,7470595713802436804,
7470652003031449726,7470595713802436805,
7470652003031449726,7470595713802436806,
7470652003031449726,7470595713802436807,
7470652003031449726,7470595713802436808,
7470652003031449726,7470595713802436809,
7470652003031449726,7470595713802436810,
7470652003031449726,7470595713802436811,
7470652003031449726,7470595713802436812,
7470652003031449726,7470595713802436813,
7470652003031449726,7470595713802436814,
7470652003031449726,7470595713802436815,
7470652003031449726,7470595713802436816,
7470652003031449726,7472815276493080635,
7470652003031449727,7470595713798242510,
7470652003031449727,7470595713798242511,
7470652003031449727,7470595713798242512,
7470652003031449727,7470595713798242513,
7470652003031449727,7470595713798242514,
7470652003031449727,7470595713798242515,
7470652003031449727,7470595713798242516,
7470652003031449727,7470595713798242517,
7470652003031449727,7470595713798242518,
7470652003031449727,7470595713798242519,
7470652003031449727,7470595713798242520,
7470652003031449727,7470595713798242521,
7470652003031449727,7470595713798242522,
7470652003031449727,7470595713798242523,
7470652003031449727,7470595713798242524,
7470652003031449727,7470595713798242525,
7470652003031449727,7470595713798242526,
7470652003031449727,7470595713798242527,
7470652003031449727,7470595713798242528,
7470652003031449727,7470595713798242529,
7470652003031449727,7470595713798242530,
7470652003031449727,7470595713798242531,
7470652003031449727,7470595713798242532,
7470652003031449727,7470595713798242533,
7470652003031449727,7470595713798242534,
7470652003031449727,7470595713798242536,
7470652003031449727,7470595713798242537,
7470652003031449727,7470595713798242538,
7470652003031449727,7470595713798242539,
7470652003031449727,7470595713798242540,
7470652003031449727,7470595713798242541,
7470652003031449727,7470595713798242542,
7470652003031449727,7470595713798242543,
7470652003031449727,7470595713798242544,
7470652003031449727,7470595713798242545,
7470652003031449727,7470595713798242546,
7470652003031449727,7470595713798242547,
7470652003031449727,7470595713798242548,
7470652003031449727,7470595713798242549,
7470652003031449727,7470595713798242550,
7470652003031449727,7470595713798242551,
7470652003031449727,7470595713798242552,
7470652003031449727,7470595713798242553,
7470652003031449727,7470595713798242554,
7470652003031449727,7470595713798242555,
7470652003031449727,7470595713798242556,
7470652003031449727,7470595713798242557,
7470652003031449727,7470595713798242558,
7470652003031449727,7470595713798242559,
7470652003031449727,7470595713798242560,
7470652003031449727,7470595713798242561,
7470652003031449727,7470595713798242562,
7470652003031449727,7470595713798242563,
7470652003031449727,7470595713798242564,
7470652003031449727,7470595713798242565,
7470652003031449727,7470595713798242566,
7470652003031449727,7470595713798242567,
7470652003031449727,7470595713798242568,
7470652003031449727,7470595713798242569,
7470652003031449727,7470595713798242570,
7470652003031449727,7470595713798242571,
7470652003031449727,7470595713798242572,
7470652003031449727,7470595713798242573,
7470652003031449727,7470595713798242574,
7470652003031449727,7470595713798242575,
7470652003031449727,7470595713798242576,
7470652003031449727,7470595713798242577,
7470652003031449727,7470595713798242578,
7470652003031449727,7470595713798242579,
7470652003031449727,7470595713798242580,
7470652003031449727,7470595713798242581,
7470652003031449727,7470595713798242582,
7470652003031449727,7470595713798242583,
7470652003031449727,7470595713798242584,
7470652003031449727,7470595713798242585,
7470652003031449727,7470595713798242586,
7470652003031449727,7470595713798242587,
7470652003031449727,7470595713798242588,
7470652003031449727,7470595713798242589,
7470652003031449727,7470595713798242590,
7470652003031449727,7470595713798242591,
7470652003031449727,7470595713798242592,
7470652003031449727,7470595713798242593,
7470652003031449727,7470595713798242594,
7470652003031449727,7470595713798242595,
7470652003031449727,7470595713798242596,
7470652003031449727,7470595713798242597,
7470652003031449727,7470595713798242598,
7470652003031449727,7470595713798242599,
7470652003031449727,7470595713798242600,
7470652003031449727,7470595713798242601,
7470652003031449727,7470595713798242602,
7470652003031449727,7470595713798242603,
7470652003031449727,7470595713798242604,
7470652003031449727,7470595713798242605,
7470652003031449727,7470595713798242606,
7470652003031449727,7470595713802436608,
7470652003031449727,7470595713802436609,
7470652003031449727,7470595713802436610,
7470652003031449727,7470595713802436611,
7470652003031449727,7470595713802436612,
7470652003031449727,7470595713802436613,
7470652003031449727,7470595713802436614,
7470652003031449727,7470595713802436615,
7470652003031449727,7470595713802436616,
7470652003031449727,7470595713802436617,
7470652003031449727,7470595713802436618,
7470652003031449727,7470595713802436619,
7470652003031449727,7470595713802436620,
7470652003031449727,7470595713802436711,
7470652003031449727,7470595713802436712,
7470652003031449727,7470595713802436713,
7470652003031449727,7470595713802436714,
7470652003031449727,7470595713802436715,
7470652003031449727,7470595713802436716,
7470652003031449727,7470595713802436717,
7470652003031449727,7470595713802436718,
7470652003031449727,7470595713802436719,
7470652003031449727,7470595713802436720,
7470652003031449727,7470595713802436721,
7470652003031449727,7470595713802436722,
7470652003031449727,7470595713802436723,
7470652003031449727,7470595713802436724,
7470652003031449727,7470595713802436725,
7470652003031449727,7470595713802436726,
7470652003031449727,7470595713802436727,
7470652003031449727,7470595713802436728,
7470652003031449727,7470595713802436729,
7470652003031449727,7470595713802436730,
7470652003031449727,7470595713802436731,
7470652003031449727,7470595713802436732,
7470652003031449727,7470595713802436733,
7470652003031449727,7470595713802436734,
7470652003031449727,7470595713802436735,
7470652003031449727,7470595713802436736,
7470652003031449727,7470595713802436737,
7470652003031449727,7470595713802436738,
7470652003031449727,7470595713802436739,
7470652003031449727,7470595713802436740,
7470652003031449727,7470595713802436741,
7470652003031449727,7470595713802436742,
7470652003031449727,7470595713802436743,
7470652003031449727,7470595713802436744,
7470652003031449727,7470595713802436745,
7470652003031449727,7470595713802436746,
7470652003031449727,7470595713802436747,
7470652003031449727,7470595713802436748,
7470652003031449727,7470595713802436749,
7470652003031449727,7470595713802436750,
7470652003031449727,7470595713802436751,
7470652003031449727,7470595713802436752,
7470652003031449727,7470595713802436753,
7470652003031449727,7470595713802436754,
7470652003031449727,7470595713802436755,
7470652003031449727,7470595713802436756,
7470652003031449727,7470595713802436757,
7470652003031449727,7470595713802436758,
7470652003031449727,7470595713802436759,
7470652003031449727,7470595713802436760,
7470652003031449727,7470595713802436761,
7470652003031449727,7470595713802436762,
7470652003031449727,7470595713802436763,
7470652003031449727,7470595713802436764,
7470652003031449727,7470595713802436765,
7470652003031449727,7470595713802436766,
7470652003031449727,7470595713802436767,
7470652003031449727,7470595713802436768,
7470652003031449727,7470595713802436769,
7470652003031449727,7470595713802436770,
7470652003031449727,7470595713802436771,
7470652003031449727,7470595713802436772,
7470652003031449727,7470595713802436773,
7470652003031449727,7470595713802436774,
7470652003031449727,7470595713802436775,
7470652003031449727,7470595713802436776,
7470652003031449727,7470595713802436777,
7470652003031449727,7470595713802436778,
7470652003031449727,7470595713802436779,
7470652003031449727,7470595713802436780,
7470652003031449727,7470595713802436781,
7470652003031449727,7470595713802436782,
7470652003031449727,7470595713802436783,
7470652003031449727,7470595713802436784,
7470652003031449727,7470595713802436785,
7470652003031449727,7470595713802436786,
7470652003031449727,7470595713802436787,
7470652003031449727,7470595713802436788,
7470652003031449727,7470595713802436789,
7470652003031449727,7470595713802436790,
7470652003031449727,7470595713802436791,
7470652003031449727,7470595713802436792,
7470652003031449727,7470595713802436793,
7470652003031449727,7470595713802436794,
7470652003031449727,7471616829569701684,
7470652003031449727,7471616867497623734,
7470652003031449727,7472313540473391927,
7470652003031449727,7472313540473997542,
7470652003031449727,7472313540474220568,
7470652003031449727,7472313540474413622,
7470652003031449727,7472313540474820787,
7470652003031449727,7472313540476245090,
7470652003031449727,7472313540477420408,
7470652003031449727,7472371116865313789,
7470652003031449727,7472371116865542281,
7470652003031449727,7472371116866032040,
7470652003031449727,7472371116871541450,
7470652003031449727,7472371116873744317,
7470652003031449727,7472371116876758832,
7470652003031449727,7472371116877145919,
7470652003031449727,7472371116879678721,
7470652003031449727,7472371116879679495,
7470652003031449727,7472371116879769677,
7470652003031449727,7472371116879786093,
7470652003031449727,7472371116880365480,
7470652003031449727,7472371116880489630,
7470652003031449727,7472371116881359452,
7470652003031449727,7472371116881537746,
7470652003031449727,7472371116881572893,
7470652003031449727,7472371116881675157,
7470652003031449727,7472371116881888080,
7470652003031449727,7472371116881960049,
7470652003031449727,7472371116881970313,
7470652003031449727,7472371116882004929,
7470652003031449727,7472371116882149867,
7470652003031449727,7472371116882432811,
7470652003031449727,7472371116882585058,
7470652003031449727,7472371116883109941,
7470652003031449727,7472371116883297887,
7470652003031449727,7472371116883395993,
7470652003031449727,7472371116883565872,
7470652003031449727,7472371116883568928,
7470652003031449727,7472371116883581016,
7470652003031449727,7472371116883862932,
7470652003031449727,7472371116885652304,
7470652003031449727,7472371116885726727,
7470652003031449727,7472371116885736919,
7470652003031449727,7472371116886045861,
7470652003031449727,7472371116886392374,
7470652003031449727,7472371116886836545,
7470652003031449727,7472371116887607903,
7470652003031449727,7472371116887705043,
7470652003031449727,7472371116888428050,
7470652003031449727,7472371116888770853,
7470652003031449727,7472371116889547965,
7470652003031449727,7472371116889601177,
7470652003031449727,7472371116889838636,
7470652003031449727,7472371116889869990,
7470652003031449727,7472371116890010382,
7470652003031449727,7472371116890977273,
7470652003031449727,7472371116891512136,
7470652003031449727,7472371116891600343,
7470652003031449727,7472371116892188403,
7470652003031449727,7472371116905775126,
7470652003031449727,7472762259805408213,
7470652003031449727,7472762259811151537,
7470652003031449727,7472762259814574070,
7470652003031449727,7472762259817013503,
7470652003031449727,7472762259817030522,
7470652003031449727,7472762259817333211,
7470652003031449727,7472762259818446153,
7470652003031449727,7472762259818493614,
7470652003031449727,7472762259819167207,
7470652003031449727,7472762259819478019,
7470652003031449727,7472762259819891200,
7470652003031449727,7472762259821130187,
7470652003031449727,7472762259822942254,
7470652003031449727,7472762259823449087,
7470652003031449727,7472762259823824688,
7470652003031449727,7472762259832408220,
7470652003031449727,7472762259832502985,
7470652003031449727,7472762259833441272,
7470652003031449727,7472762259833791258,
7470652003031449727,7472762259833942935,
7470652003031449727,7472762259834033634,
7470652003031449727,7472762259834127926,
7470652003031449727,7472762259835028135,
7470652003031449727,7472762259837711409,
7470652003031449727,7472762259838664432,
7470652003031449727,7472762259840829823,
7470652003031449727,7472762259841154946,
7470652003031449727,7472762259841381837,
7470652003031449727,7472762259841587453,
7470652003031449727,7472762259842041382,
7470652003031449727,7472762259842254314,
7470652003031449727,7472762259842306538,
7470652003031449727,7472762259842362268,
7470652003031449727,7472762259842370808,
7470652003031449727,7472762259842588955,
7470652003031449727,7472762259843471486,
7470652003031449727,7472762259843491647,
7470652003031449727,7472762259843730214,
7470652003031449727,7472762259844085629,
7470652003031449727,7472762259844107148,
7470652003031449727,7472762259844764993,
7470652003031449727,7472762259844957020,
7470652003031449727,7472762259844957726,
7470652003031449727,7472762259845237418,
7470652003031449727,7472762259845409972,
7470652003031449727,7472762259845425883,
7470652003031449727,7472762259845466125,
7470652003031449727,7472762259845518554,
7470652003031449727,7472762259845591153,
7470652003031449727,7472762259845679957,
7470652003031449727,7472762259845890164,
7470652003031449727,7472762259845935832,
7470652003031449727,7472762259846069918,
7470652003031449727,7472762259846156798,
7470652003031449727,7472762259846362062,
7470652003031449727,7472762259846366896,
7470652003031449727,7472762259846660204,
7470652003031449727,7472762259846921564,
7470652003031449727,7472762259847068505,
7470652003031449727,7472762259848013886,
7470652003031449727,7472762259848127985,
7470652003031449727,7472762259848284599,
7470652003031449727,7472762259848377164,
7470652003031449727,7472762259848498339,
7470652003031449727,7472762259848536616,
7470652003031449727,7472762259849044127,
7470652003031449727,7472762259850967199,
7470652003031449727,7472768887998412100,
7470652003031449727,7472768888008558107,
7470652003031449727,7472815276482755356,
7470652003031449727,7472815276484513749,
7470652003031449727,7472815276484964413,
7470652003031449727,7473049686445777587,
7470652003031449727,7473049686446962374,
7470652003031449727,7473049686447712197,
7470652003031449727,7473049686447918250,
7470652003031449727,7473049686448975700,
7470652003031449727,7473049686449238029,
7470652003031449727,7473049686449831065,
7470652003031449727,7473049686449931702,
7470652003031449727,7473049686450528232,
7470652003031449727,7473049686451233325,
7470652003031449727,7473049686453212637,
7470652003031449727,7473049686453569060,
7470652003031449727,7473049686455671210,
7470652003031449727,7473049686456110292,
7470652003031449727,7473049686458597446,
7470652003031449727,7473208335376131061,
7470652003031449727,7473208335376683481,
7470652003031449727,7473208335379269130,
7470652003031449727,7473208335379842527,
7470652003031449727,7473208335379858678,
7470652003031449727,7473208335380260505,
7470652003031449727,7473208335380786088,
7470652003031449727,7473208335380793702,
7470652003031449727,7473208335380935721,
7470652003031449727,7473208335381090992,
7470652003031449727,7473208335381575834,
7470652003031449727,7473208335381638817,
7470652003031449727,7473208335382852128,
7470652003031449727,7473208335409642961,
7470652003031449727,7473208335410057277,
7470652003031449727,7473208335410808848,
7470652003031449727,7473208335412224772,
7470652003031449727,7473208335421519556,
7470652003031449727,7473208335421852473,
7470652003031449727,7473208335422594900,
7470652003031449727,7473208335423012344,
7470652003031449727,7473208335423862259,
7470652003031449727,7473208335424357457,
7470652003031449727,7473208335424997861,
7470652003031449727,7473208335426438002,
7470652003031449727,7473208335426449899,
7470652003031449727,7473208335427188858,
7470652003031449727,7473208335428756630,
7470652003031449727,7473208335428996857,
7470652003031449727,7473208335432933304,
7470652003031449728,7470595713802436621,
7470652003031449728,7470595713802436622,
7470652003031449728,7470595713802436623,
7470652003031449728,7470595713802436624,
7470652003031449728,7470595713802436625,
7470652003031449728,7470595713802436626,
7470652003031449728,7470595713802436627,
7470652003031449728,7470595713802436628,
7470652003031449728,7470595713802436629,
7470652003031449728,7470595713802436630,
7470652003031449728,7470595713802436631,
7470652003031449728,7470595713802436632,
7470652003031449728,7470595713802436633,
7470652003031449728,7470595713802436634,
7470652003031449728,7470595713802436635,
7470652003031449728,7470595713802436636,
7470652003031449728,7470595713802436637,
7470652003031449728,7470595713802436638,
7470652003031449728,7470595713802436639,
7470652003031449728,7470595713802436640,
7470652003031449728,7470595713802436641,
7470652003031449728,7470595713802436642,
7470652003031449728,7470595713802436643,
7470652003031449728,7470595713802436644,
7470652003031449728,7470595713802436645,
7470652003031449728,7470595713802436646,
7470652003031449728,7470595713802436647,
7470652003031449728,7470595713802436648,
7470652003031449728,7470595713802436649,
7470652003031449728,7470595713802436650,
7470652003031449728,7470595713802436651,
7470652003031449728,7470595713802436652,
7470652003031449728,7470595713802436653,
7470652003031449728,7470595713802436654,
7470652003031449728,7470595713802436655,
7470652003031449728,7470595713802436656,
7470652003031449728,7470595713802436657,
7470652003031449728,7470595713802436658,
7470652003031449728,7470595713802436659,
7470652003031449728,7470595713802436660,
7470652003031449728,7470595713802436661,
7470652003031449728,7470595713802436662,
7470652003031449728,7470595713802436663,
7470652003031449728,7470595713802436664,
7470652003031449728,7470595713802436665,
7470652003031449728,7470595713802436666,
7470652003031449728,7470595713802436667,
7470652003031449728,7470595713802436668,
7470652003031449728,7470595713802436669,
7470652003031449728,7470595713802436670,
7470652003031449728,7470595713802436671,
7470652003031449728,7470595713802436672,
7470652003031449728,7470595713802436673,
7470652003031449728,7470595713802436674,
7470652003031449728,7470595713802436675,
7470652003031449728,7470595713802436676,
7470652003031449728,7470595713802436677,
7470652003031449728,7470595713802436678,
7470652003031449728,7470595713802436679,
7470652003031449728,7470595713802436680,
7470652003031449728,7470595713802436681,
7470652003031449728,7470595713802436682,
7470652003031449728,7470595713802436683,
7470652003031449728,7470595713802436684,
7470652003031449728,7470595713802436685,
7470652003031449728,7470595713802436686,
7470652003031449728,7470595713802436687,
7470652003031449728,7470595713802436688,
7470652003031449728,7470595713802436689,
7470652003031449728,7470595713802436690,
7470652003031449728,7470595713802436691,
7470652003031449728,7470595713802436692,
7470652003031449728,7470595713802436693,
7470652003031449728,7470595713802436694,
7470652003031449728,7470595713802436695,
7470652003031449728,7470595713802436696,
7470652003031449728,7470595713802436697,
7470652003031449728,7470595713802436698,
7470652003031449728,7470595713802436699,
7470652003031449728,7470595713802436700,
7470652003031449728,7470595713802436701,
7470652003031449728,7470595713802436702,
7470652003031449728,7470595713802436703,
7470652003031449728,7470595713802436704,
7470652003031449728,7470595713802436705,
7470652003031449728,7470595713802436706,
7470652003031449728,7470595713802436707,
7470652003031449728,7470595713802436708,
7470652003031449728,7470595713802436709,
7470652003031449728,7470595713802436710,
7470652003031449728,7472371116884635515,
7470652003031449728,7472371116884902095,
7470652003031449728,7472371116885323914,
7470652003031449728,7472371116885408000,
7470652003031449728,7472371116885438671,
7470652003031449728,7472371116885543446,
7470652003031449728,7472371116885656680,
7470652003031449728,7472371116885968934,
7470652003031449728,7472371116885978271,
7470652003031449728,7472371116886057840,
7470652003031449728,7472371116886166364,
7470652003031449728,7472371116886354265,
7470652003031449728,7472371116886697487,
7470652003031449728,7472371116887085627,
7470652003031449728,7472371116887412165,
7470652003031449728,7472371116887609481,
7470652003031449728,7472371116887639915,
7470652003031449728,7472371116887863921,
7470652003031449728,7472371116888506999,
7470652003031449728,7472371116889456660,
7470652003031449728,7472371116889628659,
7470652003031449728,7472762259844962573,
7470652003031449728,7472762259846377359,
7470652003031449728,7472762259848834034,
7470652003031449728,7473049686451202416,
7470652003031449728,7473049686451365746,
7470652003031449728,7473049686451558736,
7470652003031449728,7473049686451867570,
7470652003031449728,7473049686451993345,
7470652003031449728,7473049686452393525,
7470652003031449728,7473049686452500012,
7470652003031449728,7473049686452556874,
7470652003031449728,7473049686453076381,
7470652003031449728,7473049686453124663,
7470652003031449728,7473049686453490309,
7470652003031449728,7473049686454353910,
7470652003031449728,7473049686454543624,
7470652003031449728,7473049686454563079,
7470652003031449728,7473049686454929624,
7470652003031449728,7473049686455054861,
7470652003031449728,7473208335379283063,
7470652003031449728,7473208335381631554,
7470652003031449728,7473208335381733622,
7470652003031449728,7473208335381861851,
7470652003031449728,7473208335382054671,
7470652003031449728,7473208335382405444,
7470652003031449728,7473208335382506010,
7470652003031449729,7470595713739522164,
7470652003031449729,7470595713739522165,
7470652003031449729,7470595713739522166,
7470652003031449729,7470595713739522167,
7470652003031449729,7470595713739522168,
7470652003031449729,7470595713739522169,
7470652003031449729,7470595713739522170,
7470652003031449729,7470595713739522171,
7470652003031449729,7470595713739522172,
7470652003031449729,7470595713739522173,
7470652003031449729,7470595713739522174,
7470652003031449729,7470595713739522175,
7470652003031449729,7470595713739522176,
7470652003031449729,7470595713739522177,
7470652003031449729,7470595713739522178,
7470652003031449729,7470595713739522179,
7470652003031449729,7470595713739522180,
7470652003031449729,7470595713739522181,
7470652003031449729,7470595713739522182,
7470652003031449729,7470595713739522183,
7470652003031449729,7470595713739522184,
7470652003031449729,7470595713739522185,
7470652003031449729,7470595713739522186,
7470652003031449729,7470595713739522187,
7470652003031449729,7470595713739522188,
7470652003031449729,7470595713739522189,
7470652003031449729,7470595713739522190,
7470652003031449729,7470595713739522191,
7470652003031449729,7470595713739522192,
7470652003031449729,7470595713739522193,
7470652003031449729,7470595713739522194,
7470652003031449729,7470595713739522195,
7470652003031449729,7470595713739522196,
7470652003031449729,7470595713739522197,
7470652003031449729,7470595713739522198,
7470652003031449729,7470595713739522199,
7470652003031449729,7470595713739522200,
7470652003031449729,7470595713739522201,
7470652003031449729,7470595713739522202,
7470652003031449729,7470595713739522203,
7470652003031449729,7470595713739522204,
7470652003031449729,7470595713739522205,
7470652003031449729,7470595713739522206,
7470652003031449729,7470595713739522207,
7470652003031449729,7470595713739522208,
7470652003031449729,7470595713739522209,
7470652003031449729,7470595713739522210,
7470652003031449729,7470595713739522211,
7470652003031449729,7470595713739522212,
7470652003031449729,7470595713739522213,
7470652003031449729,7470595713739522214,
7470652003031449729,7470595713739522215,
7470652003031449729,7470595713739522216,
7470652003031449729,7470595713739522217,
7470652003031449729,7470595713739522218,
7470652003031449729,7470595713739522219,
7470652003031449729,7470595713739522220,
7470652003031449729,7470595713739522221,
7470652003031449729,7470595713739522222,
7470652003031449729,7470595713739522223,
7470652003031449729,7470595713739522224,
7470652003031449729,7470595713739522225,
7470652003031449729,7470595713739522226,
7470652003031449729,7470595713739522227,
7470652003031449729,7470595713739522228,
7470652003031449729,7470595713739522229,
7470652003031449729,7470595713739522230,
7470652003031449729,7470595713739522231,
7470652003031449729,7470595713739522232,
7470652003031449729,7470595713739522233,
7470652003031449729,7470595713739522234,
7470652003031449729,7470595713739522235,
7470652003031449729,7470595713739522236,
7470652003031449729,7470595713739522237,
7470652003031449729,7470595713739522238,
7470652003031449729,7470595713739522239,
7470652003031449729,7472966923930556508,
7470652003031449729,7473208335392815925,
7470652003031449729,7473208335392954679,
7470652003031449729,7473208335393089950,
7470652003031449729,7473208335393157402,
7470652003031449729,7473208335393973375,
7470652003031449729,7473208335394066889,
7470652003031449729,7473208335394527824,
7470652003031449729,7473208335395550776,
7470652003031449730,7470595713710161968,
7470652003031449730,7470595713710161969,
7470652003031449730,7470595713710161970,
7470652003031449730,7470595713710161971,
7470652003031449730,7470595713710161972,
7470652003031449730,7470595713710161973,
7470652003031449730,7470595713710161974,
7470652003031449730,7470595713710161975,
7470652003031449730,7470595713710161976,
7470652003031449730,7470595713710161977,
7470652003031449730,7470595713710161978,
7470652003031449730,7470595713710161979,
7470652003031449730,7470595713710161980,
7470652003031449730,7470595713710161981,
7470652003031449730,7470595713710161982,
7470652003031449730,7470595713710161983,
7470652003031449730,7470595713710161984,
7470652003031449730,7470595713710161985,
7470652003031449730,7470595713710161986,
7470652003031449730,7470595713710161987,
7470652003031449730,7470595713710161988,
7470652003031449730,7470595713710161989,
7470652003031449730,7470595713710161990,
7470652003031449730,7470595713710161991,
7470652003031449730,7470595713710161992,
7470652003031449730,7470595713710162017,
7470652003031449730,7470595713710162018,
7470652003031449730,7470595713710162019,
7470652003031449730,7470595713710162020,
7470652003031449730,7470595713710162021,
7470652003031449730,7470595713710162022,
7470652003031449730,7470595713710162023,
7470652003031449730,7470595713710162024,
7470652003031449730,7470595713710162025,
7470652003031449730,7470595713710162026,
7470652003031449730,7470595713710162027,
7470652003031449730,7470595713710162028,
7470652003031449730,7470595713710162029,
7470652003031449730,7470595713710162030,
7470652003031449730,7470595713710162031,
7470652003031449730,7470595713710162032,
7470652003031449730,7470595713710162033,
7470652003031449730,7470595713710162034,
7470652003031449730,7470595713710162035,
7470652003031449730,7470595713710162036,
7470652003031449730,7470595713710162037,
7470652003031449730,7470595713710162038,
7470652003031449730,7470595713710162039,
7470652003031449730,7470595713710162040,
7470652003031449730,7470595713710162041,
7470652003031449730,7470595713710162042,
7470652003031449730,7470595713710162043,
7470652003031449730,7470595713710162044,
7470652003031449730,7470595713710162045,
7470652003031449730,7470595713710162046,
7470652003031449730,7470595713710162047,
7470652003031449730,7470595713710162048,
7470652003031449730,7470595713710162049,
7470652003031449730,7470595713710162050,
7470652003031449730,7470595713710162051,
7470652003031449730,7470595713710162052,
7470652003031449730,7470595713710162053,
7470652003031449730,7470595713710162054,
7470652003031449730,7470595713710162074,
7470652003031449730,7470595713710162075,
7470652003031449730,7470595713710162076,
7470652003031449730,7470595713710162077,
7470652003031449730,7470595713710162078,
7470652003031449730,7470595713710162079,
7470652003031449730,7470595713710162080,
7470652003031449730,7470595713710162081,
7470652003031449730,7470595713710162082,
7470652003031449730,7470595713710162083,
7470652003031449730,7470595713710162084,
7470652003031449730,7470595713710162085,
7470652003031449730,7470595713710162086,
7470652003031449730,7470595713710162087,
7470652003031449730,7470595713710162088,
7470652003031449730,7470595713710162089,
7470652003031449730,7470595713710162090,
7470652003031449730,7470595713710162091,
7470652003031449730,7470595713710162092,
7470652003031449730,7470595713710162093,
7470652003031449730,7470595713710162094,
7470652003031449730,7470595713710162095,
7470652003031449730,7470595713710162096,
7470652003031449730,7470595713710162097,
7470652003031449730,7470595713710162098,
7470652003031449730,7470595713710162099,
7470652003031449730,7470595713710162100,
7470652003031449730,7470595713710162101,
7470652003031449730,7470595713710162102,
7470652003031449730,7470595713710162103,
7470652003031449730,7470595713710162104,
7470652003031449730,7470595713710162105,
7470652003031449730,7470595713710162106,
7470652003031449730,7470595713710162107,
7470652003031449730,7470595713710162108,
7470652003031449730,7470595713710162109,
7470652003031449730,7470595713710162110,
7470652003031449730,7470595713710162111,
7470652003031449730,7470595713710162112,
7470652003031449730,7470595713710162113,
7470652003031449730,7470595713710162114,
7470652003031449730,7470595713710162115,
7470652003031449730,7470595713710162116,
7470652003031449730,7470595713710162117,
7470652003031449730,7470595713710162118,
7470652003031449730,7470595713710162119,
7470652003031449730,7470595713710162120,
7470652003031449730,7470595713710162121,
7470652003031449730,7470595713710162122,
7470652003031449730,7470595713710162123,
7470652003031449730,7470595713710162124,
7470652003031449730,7470595713710162125,
7470652003031449730,7470595713710162126,
7470652003031449730,7470595713710162127,
7470652003031449730,7470595713710162128,
7470652003031449730,7470595713710162129,
7470652003031449730,7470595713710162130,
7470652003031449730,7470595713710162131,
7470652003031449730,7470595713710162132,
7470652003031449730,7470595713710162133,
7470652003031449730,7470595713710162134,
7470652003031449730,7470595713710162135,
7470652003031449730,7470595713710162136,
7470652003031449730,7470595713710162137,
7470652003031449730,7470595713710162138,
7470652003031449730,7470595713710162139,
7470652003031449730,7470595713710162140,
7470652003031449730,7470595713710162141,
7470652003031449730,7470595713710162142,
7470652003031449730,7470595713710162143,
7470652003031449730,7470595713710162144,
7470652003031449730,7470595713710162145,
7470652003031449730,7470595713710162146,
7470652003031449730,7470595713710162147,
7470652003031449730,7470595713710162148,
7470652003031449730,7470595713710162149,
7470652003031449730,7470595713710162150,
7470652003031449730,7470595713710162151,
7470652003031449730,7470595713710162152,
7470652003031449730,7470595713710162153,
7470652003031449730,7470595713710162154,
7470652003031449730,7470595713710162155,
7470652003031449730,7470595713710162156,
7470652003031449730,7470595713710162157,
7470652003031449730,7470595713710162158,
7470652003031449730,7470595713710162159,
7470652003031449730,7470595713710162160,
7470652003031449730,7470595713710162161,
7470652003031449730,7470595713710162162,
7470652003031449730,7470595713710162163,
7470652003031449730,7470595713710162164,
7470652003031449730,7470595713710162165,
7470652003031449730,7470595713710162166,
7470652003031449730,7470595713710162167,
7470652003031449730,7470595713710162168,
7470652003031449730,7470595713710162169,
7470652003031449730,7470595713710162170,
7470652003031449730,7470595713710162171,
7470652003031449730,7470595713710162172,
7470652003031449730,7470595713710162173,
7470652003031449730,7470595713710162174,
7470652003031449730,7470595713710162175,
7470652003031449730,7470595713710162176,
7470652003031449730,7470595713710162177,
7470652003031449730,7470595713710162178,
7470652003031449730,7470595713710162179,
7470652003031449730,7470595713710162180,
7470652003031449730,7470595713710162181,
7470652003031449730,7470595713710162182,
7470652003031449730,7470595713710162183,
7470652003031449730,7470595713710162184,
7470652003031449730,7470595713710162185,
7470652003031449730,7470595713710162186,
7470652003031449730,7470595713710162187,
7470652003031449730,7470595713710162188,
7470652003031449730,7470595713710162189,
7470652003031449730,7470595713710162190,
7470652003031449730,7470595713710162191,
7470652003031449730,7470595713710162192,
7470652003031449730,7470595713710162193,
7470652003031449730,7470595713710162194,
7470652003031449730,7470595713710162195,
7470652003031449730,7470595713714356224,
7470652003031449730,7470595713714356225,
7470652003031449730,7470595713714356226,
7470652003031449730,7470595713714356227,
7470652003031449730,7470595713714356228,
7470652003031449730,7470595713714356229,
7470652003031449730,7470595713714356230,
7470652003031449730,7470595713714356231,
7470652003031449730,7470595713714356232,
7470652003031449730,7470595713714356233,
7470652003031449730,7470595713714356234,
7470652003031449730,7470595713714356235,
7470652003031449730,7470595713714356236,
7470652003031449730,7470595713714356237,
7470652003031449730,7470595713714356238,
7470652003031449730,7470595713714356239,
7470652003031449730,7470595713714356240,
7470652003031449730,7470595713714356241,
7470652003031449730,7470595713714356242,
7470652003031449730,7470595713714356243,
7470652003031449730,7470595713714356244,
7470652003031449730,7470595713714356245,
7470652003031449730,7470595713714356246,
7470652003031449730,7470595713714356247,
7470652003031449730,7470595713714356248,
7470652003031449730,7470595713714356249,
7470652003031449730,7470595713714356250,
7470652003031449730,7470595713714356251,
7470652003031449730,7470595713714356252,
7470652003031449730,7470595713714356253,
7470652003031449730,7470595713714356254,
7470652003031449730,7470595713714356255,
7470652003031449730,7470595713714356256,
7470652003031449730,7470595713714356257,
7470652003031449730,7470595713714356258,
7470652003031449730,7470595713714356259,
7470652003031449730,7471486902686069057,
7470652003031449730,7471505788745700964,
7470652003031449730,7471505838519122645,
7470652003031449730,7471505926636354686,
7470652003031449730,7471614971733693903,
7470652003031449730,7471614999112483092,
7470652003031449730,7472313540481627009,
7470652003031449730,7472966923922839698,
7470652003031449730,7472966923952396061,
7470652003031449730,7472966923952686170,
7470652003031449730,7472966923953448701,
7470652003031449730,7472966923964828508,
7470652003031449730,7473049686400618938,
7470652003031449730,7473049686402048486,
7470652003031449730,7473049686438986725,
7470652003031449730,7473049686441383619,
7470652003031449730,7473208335284207833,
7470652003031449730,7473208335288193439,
7470652003031449730,7473208335325094273,
7470652003031449730,7473208335325132993,
7470652003031449730,7473208335326394976,
7470652003031449730,7473208335326598316,
7470652003031449730,7473208335328363263,
7470652003031449730,7473208335354191727,
7470652003031449730,7473208335360655790,
7470652003031449730,7473208335376152543,
7470652003031449730,7473208335413676929,
7470652003031449730,7473208335414058659,
7470652003031449731,7470595713710162055,
7470652003031449731,7470595713710162056,
7470652003031449731,7470595713710162057,
7470652003031449731,7470595713710162058,
7470652003031449731,7470595713710162059,
7470652003031449731,7470595713710162060,
7470652003031449731,7470595713710162061,
7470652003031449731,7470595713710162062,
7470652003031449731,7470595713710162063,
7470652003031449731,7470595713710162064,
7470652003031449731,7470595713710162065,
7470652003031449731,7470595713710162066,
7470652003031449731,7470595713710162067,
7470652003031449731,7470595713710162068,
7470652003031449731,7470595713710162069,
7470652003031449731,7470595713710162070,
7470652003031449731,7470595713710162071,
7470652003031449731,7470595713710162072,
7470652003031449731,7470595713710162073,
7470652003031449732,7470595713710161993,
7470652003031449732,7470595713710161994,
7470652003031449732,7470595713710161995,
7470652003031449732,7470595713710161996,
7470652003031449732,7470595713710161997,
7470652003031449732,7470595713710161998,
7470652003031449732,7470595713710161999,
7470652003031449732,7470595713710162000,
7470652003031449732,7470595713710162001,
7470652003031449732,7470595713710162002,
7470652003031449732,7470595713710162003,
7470652003031449732,7470595713710162004,
7470652003031449732,7470595713710162005,
7470652003031449732,7470595713710162006,
7470652003031449732,7470595713710162007,
7470652003031449732,7470595713710162008,
7470652003031449732,7470595713710162009,
7470652003031449732,7470595713710162010,
7470652003031449732,7470595713710162011,
7470652003031449732,7470595713710162012,
7470652003031449732,7470595713710162013,
7470652003031449732,7470595713710162014,
7470652003031449732,7470595713710162015,
7470652003031449732,7470595713710162016,
7470652003031449732,7473208335362281061,
7470652003031449732,7473208335362586007,
7470652003031449732,7473208335362819357,
7470652003031449732,7473208335362859580,
7470652003031449732,7473208335362990968,
7470652003031449732,7473208335363780924,
7470652003031449732,7473208335364159818,
7470652003031449732,7473208335364318489,
7470652003031449732,7473208335364701223,
7470652003031449732,7473208335365089465,
7470652003031449732,7473208335365737776,
7470652003031449732,7473208335366215102,
7470652003031449733,7470595713760493749,
7470652003031449733,7470595713760493750,
7470652003031449733,7470595713760493751,
7470652003031449733,7470595713760493752,
7470652003031449733,7470595713760493753,
7470652003031449733,7470595713760493754,
7470652003031449733,7470595713760493755,
7470652003031449733,7470595713760493756,
7470652003031449733,7470595713760493757,
7470652003031449733,7470595713760493758,
7470652003031449733,7470595713760493759,
7470652003031449733,7470595713760493760,
7470652003031449733,7470595713760493761,
7470652003031449733,7470595713760493762,
7470652003031449733,7470595713760493763,
7470652003031449733,7470595713760493764,
7470652003031449733,7470595713760493765,
7470652003031449733,7470595713760493766,
7470652003031449733,7470595713760493767,
7470652003031449733,7470595713760493768,
7470652003031449733,7470595713760493769,
7470652003031449733,7470595713760493770,
7470652003031449733,7470595713760493771,
7470652003031449733,7470595713760493772,
7470652003031449733,7470595713760493773,
7470652003031449733,7470595713760493774,
7470652003031449733,7470595713760493775,
7470652003031449733,7470595713760493776,
7470652003031449733,7470595713760493777,
7470652003031449733,7470595713760493778,
7470652003031449733,7470595713760493779,
7470652003031449733,7470595713760493780,
7470652003031449733,7470595713760493781,
7470652003031449733,7470595713760493782,
7470652003031449733,7470595713760493783,
7470652003031449733,7470595713760493784,
7470652003031449733,7470595713760493785,
7470652003031449733,7470595713760493786,
7470652003031449733,7470595713760493787,
7470652003031449733,7470595713760493788,
7470652003031449733,7470595713760493789,
7470652003031449733,7470595713760493790,
7470652003031449733,7470595713760493791,
7470652003031449733,7470595713760493792,
7470652003031449733,7470595713760493793,
7470652003031449733,7470595713760493794,
7470652003031449733,7470595713760493795,
7470652003031449733,7470595713760493796,
7470652003031449733,7470595713760493797,
7470652003031449733,7470595713760493798,
7470652003031449733,7470595713760493799,
7470652003031449733,7470595713760493800,
7470652003031449733,7470595713760493801,
7470652003031449733,7470595713760493802,
7470652003031449733,7470595713760493803,
7470652003031449733,7470595713760493804,
7470652003031449733,7470595713760493805,
7470652003031449733,7470595713760493806,
7470652003031449733,7470595713760493807,
7470652003031449733,7470595713760493808,
7470652003031449733,7470595713760493809,
7470652003031449733,7470595713760493810,
7470652003031449733,7470595713760493811,
7470652003031449733,7470595713760493812,
7470652003031449733,7470595713760493813,
7470652003031449733,7470595713760493814,
7470652003031449733,7470595713760493815,
7470652003031449733,7470595713760493816,
7470652003031449733,7470595713760493817,
7470652003031449733,7470595713760493818,
7470652003031449733,7470595713760493819,
7470652003031449733,7470595713760493820,
7470652003031449733,7470595713760493821,
7470652003031449733,7470595713760493822,
7470652003031449733,7470595713760493823,
7470652003031449733,7470595713760493824,
7470652003031449733,7470595713760493825,
7470652003031449733,7470595713760493826,
7470652003031449733,7470595713760493827,
7470652003031449733,7470595713760493828,
7470652003031449733,7470595713760493829,
7470652003031449733,7470595713760493830,
7470652003031449733,7470595713764687886,
7470652003031449733,7470595713764687887,
7470652003031449733,7470595713764687888,
7470652003031449733,7470595713764687889,
7470652003031449733,7470595713764687890,
7470652003031449733,7470595713764687891,
7470652003031449733,7470595713764687892,
7470652003031449733,7470595713764687893,
7470652003031449733,7470595713764687894,
7470652003031449733,7470595713764687895,
7470652003031449733,7470595713764687896,
7470652003031449733,7470595713764687897,
7470652003031449733,7470595713764687975,
7470652003031449733,7470595713764687976,
7470652003031449733,7470595713764687977,
7470652003031449733,7470595713764687978,
7470652003031449733,7470595713764687979,
7470652003031449733,7470595713764687980,
7470652003031449733,7470595713764687981,
7470652003031449733,7470595713764687982,
7470652003031449733,7470595713764687983,
7470652003031449733,7470595713764687984,
7470652003031449733,7470595713764687985,
7470652003031449733,7470595713764687986,
7470652003031449733,7470595713764687987,
7470652003031449733,7470595713764687988,
7470652003031449733,7470595713764687989,
7470652003031449733,7470595713764687990,
7470652003031449733,7470595713764687991,
7470652003031449733,7470595713764687992,
7470652003031449733,7470595713764687993,
7470652003031449733,7470595713764687994,
7470652003031449733,7470595713764687995,
7470652003031449733,7470595713764687996,
7470652003031449733,7470595713764687997,
7470652003031449733,7470595713764687998,
7470652003031449733,7470595713764687999,
7470652003031449733,7470595713764688000,
7470652003031449733,7470595713764688001,
7470652003031449733,7470595713764688002,
7470652003031449733,7470595713764688003,
7470652003031449733,7470595713764688004,
7470652003031449733,7470595713764688005,
7470652003031449733,7470595713764688006,
7470652003031449733,7470595713764688007,
7470652003031449733,7470595713764688008,
7470652003031449733,7470595713764688009,
7470652003031449733,7470595713764688010,
7470652003031449733,7470595713764688011,
7470652003031449733,7470595713764688012,
7470652003031449733,7470595713764688013,
7470652003031449733,7470595713764688014,
7470652003031449733,7470595713764688015,
7470652003031449733,7470595713764688016,
7470652003031449733,7470595713764688017,
7470652003031449733,7470595713764688018,
7470652003031449733,7470595713764688019,
7470652003031449733,7470595713764688020,
7470652003031449733,7470595713764688021,
7470652003031449733,7470595713764688022,
7470652003031449733,7470595713764688023,
7470652003031449733,7470595713764688024,
7470652003031449733,7470595713764688025,
7470652003031449733,7470595713764688026,
7470652003031449733,7470595713764688027,
7470652003031449733,7470595713764688028,
7470652003031449733,7470595713764688029,
7470652003031449733,7470595713764688030,
7470652003031449733,7470595713764688031,
7470652003031449733,7470595713764688032,
7470652003031449733,7470595713764688033,
7470652003031449733,7470595713764688034,
7470652003031449733,7470595713764688035,
7470652003031449733,7470595713764688036,
7470652003031449733,7470595713764688037,
7470652003031449733,7470595713764688038,
7470652003031449733,7470595713764688039,
7470652003031449733,7470595713764688040,
7470652003031449733,7470595713764688041,
7470652003031449733,7470595713764688042,
7470652003031449733,7472313540504675507,
7470652003031449733,7472313540505075313,
7470652003031449733,7473208335337532101,
7470652003031449734,7470595713760493831,
7470652003031449734,7470595713760493832,
7470652003031449734,7470595713760493833,
7470652003031449734,7470595713760493834,
7470652003031449734,7470595713760493835,
7470652003031449734,7470595713760493836,
7470652003031449734,7470595713760493837,
7470652003031449734,7470595713760493838,
7470652003031449734,7470595713760493839,
7470652003031449734,7470595713760493840,
7470652003031449734,7470595713760493841,
7470652003031449734,7470595713760493842,
7470652003031449734,7470595713760493843,
7470652003031449734,7470595713760493844,
7470652003031449734,7470595713760493845,
7470652003031449734,7470595713760493846,
7470652003031449734,7470595713760493847,
7470652003031449734,7470595713760493848,
7470652003031449734,7470595713760493849,
7470652003031449734,7470595713764687872,
7470652003031449734,7470595713764687873,
7470652003031449734,7470595713764687874,
7470652003031449734,7470595713764687875,
7470652003031449734,7470595713764687876,
7470652003031449734,7470595713764687877,
7470652003031449734,7470595713764687878,
7470652003031449734,7470595713764687879,
7470652003031449734,7470595713764687880,
7470652003031449734,7470595713764687881,
7470652003031449734,7470595713764687882,
7470652003031449734,7470595713764687883,
7470652003031449734,7470595713764687884,
7470652003031449734,7470595713764687885,
7470652003031449735,7470595713764687898,
7470652003031449735,7470595713764687899,
7470652003031449735,7470595713764687900,
7470652003031449735,7470595713764687901,
7470652003031449735,7470595713764687902,
7470652003031449735,7470595713764687903,
7470652003031449735,7470595713764687904,
7470652003031449735,7470595713764687905,
7470652003031449735,7470595713764687906,
7470652003031449735,7470595713764687907,
7470652003031449735,7470595713764687908,
7470652003031449735,7470595713764687909,
7470652003031449735,7470595713764687910,
7470652003031449735,7470595713764687911,
7470652003031449735,7470595713764687912,
7470652003031449735,7470595713764687913,
7470652003031449735,7470595713764687914,
7470652003031449735,7470595713764687915,
7470652003031449735,7470595713764687916,
7470652003031449735,7470595713764687917,
7470652003031449735,7470595713764687918,
7470652003031449735,7470595713764687919,
7470652003031449735,7470595713764687920,
7470652003031449735,7470595713764687921,
7470652003031449735,7470595713764687922,
7470652003031449735,7470595713764687923,
7470652003031449735,7470595713764687924,
7470652003031449735,7470595713764687925,
7470652003031449735,7470595713764687926,
7470652003031449735,7470595713764687927,
7470652003031449735,7470595713764687928,
7470652003031449735,7470595713764687929,
7470652003031449735,7470595713764687930,
7470652003031449735,7470595713764687931,
7470652003031449735,7470595713764687932,
7470652003031449735,7470595713764687933,
7470652003031449735,7470595713764687934,
7470652003031449735,7470595713764687935,
7470652003031449735,7470595713764687936,
7470652003031449735,7470595713764687937,
7470652003031449735,7470595713764687938,
7470652003031449735,7470595713764687939,
7470652003031449735,7470595713764687940,
7470652003031449735,7470595713764687941,
7470652003031449735,7470595713764687942,
7470652003031449735,7470595713764687943,
7470652003031449735,7470595713764687944,
7470652003031449735,7470595713764687945,
7470652003031449735,7470595713764687946,
7470652003031449735,7470595713764687947,
7470652003031449735,7470595713764687948,
7470652003031449735,7470595713764687949,
7470652003031449735,7470595713764687950,
7470652003031449735,7470595713764687951,
7470652003031449735,7470595713764687952,
7470652003031449735,7470595713764687953,
7470652003031449735,7470595713764687954,
7470652003031449735,7470595713764687955,
7470652003031449735,7470595713764687956,
7470652003031449735,7470595713764687957,
7470652003031449735,7470595713764687958,
7470652003031449735,7470595713764687959,
7470652003031449735,7470595713764687960,
7470652003031449735,7470595713764687961,
7470652003031449735,7470595713764687962,
7470652003031449735,7470595713764687963,
7470652003031449735,7470595713764687964,
7470652003031449735,7470595713764687965,
7470652003031449735,7470595713764687966,
7470652003031449735,7470595713764687967,
7470652003031449735,7470595713764687968,
7470652003031449735,7470595713764687969,
7470652003031449735,7470595713764687970,
7470652003031449735,7470595713764687971,
7470652003031449735,7470595713764687972,
7470652003031449735,7470595713764687973,
7470652003031449735,7470595713764687974,
7470652003031449735,7470595713764688031,
7470652003031449735,7472313540507415557,
7470652003031449735,7472966923929275075,
7470652003031449735,7472966923929324298,
7470652003031449735,7472966923929380418,
7470652003031449735,7472966923929580687,
7470652003031449735,7472966923930300920,
7470652003031449735,7472966923931088364,
7470652003031449736,7470595713714356487,
7470652003031449736,7470595713714356488,
7470652003031449736,7470595713714356489,
7470652003031449736,7470595713714356490,
7470652003031449736,7470595713714356491,
7470652003031449736,7470595713714356492,
7470652003031449736,7470595713714356493,
7470652003031449736,7470595713714356494,
7470652003031449736,7470595713714356495,
7470652003031449736,7470595713714356496,
7470652003031449736,7470595713714356497,
7470652003031449736,7470595713714356498,
7470652003031449736,7470595713714356499,
7470652003031449736,7470595713714356500,
7470652003031449736,7470595713714356501,
7470652003031449736,7470595713714356502,
7470652003031449736,7470595713714356503,
7470652003031449736,7470595713714356504,
7470652003031449736,7470595713714356505,
7470652003031449736,7470595713714356506,
7470652003031449736,7470595713714356507,
7470652003031449736,7470595713714356508,
7470652003031449736,7470595713714356509,
7470652003031449736,7470595713714356510,
7470652003031449736,7470595713714356511,
7470652003031449736,7470595713714356512,
7470652003031449736,7470595713714356513,
7470652003031449736,7470595713718550528,
7470652003031449736,7470595713718550529,
7470652003031449736,7470595713718550530,
7470652003031449736,7470595713718550531,
7470652003031449736,7470595713718550532,
7470652003031449736,7470595713718550533,
7470652003031449736,7470595713718550534,
7470652003031449736,7470595713718550535,
7470652003031449736,7470595713718550536,
7470652003031449736,7470595713718550537,
7470652003031449736,7470595713718550538,
7470652003031449736,7470595713718550539,
7470652003031449736,7470595713718550540,
7470652003031449736,7470595713718550541,
7470652003031449736,7470595713718550542,
7470652003031449736,7470595713718550543,
7470652003031449736,7470595713718550544,
7470652003031449736,7470595713718550545,
7470652003031449736,7470595713718550546,
7470652003031449736,7470595713718550547,
7470652003031449736,7470595713718550548,
7470652003031449736,7470595713718550549,
7470652003031449736,7470595713718550550,
7470652003031449736,7470595713718550551,
7470652003031449736,7470595713718550552,
7470652003031449736,7470595713718550553,
7470652003031449736,7470595713718550554,
7470652003031449736,7470595713718550555,
7470652003031449736,7470595713718550556,
7470652003031449736,7470595713718550557,
7470652003031449736,7470595713718550558,
7470652003031449736,7470595713718550559,
7470652003031449736,7470595713718550560,
7470652003031449736,7470595713718550561,
7470652003031449736,7470595713718550562,
7470652003031449736,7470595713718550563,
7470652003031449736,7470595713718550564,
7470652003031449736,7470595713718550565,
7470652003031449736,7470595713718550566,
7470652003031449736,7470595713718550567,
7470652003031449736,7470595713718550568,
7470652003031449736,7470595713718550569,
7470652003031449736,7470595713718550570,
7470652003031449736,7470595713718550571,
7470652003031449736,7470595713718550572,
7470652003031449736,7470595713718550573,
7470652003031449736,7470595713718550574,
7470652003031449736,7470595713718550575,
7470652003031449736,7470595713718550576,
7470652003031449736,7470595713718550577,
7470652003031449736,7470595713718550578,
7470652003031449736,7470595713718550579,
7470652003031449736,7470595713718550580,
7470652003031449736,7470595713718550581,
7470652003031449736,7470595713718550582,
7470652003031449736,7470595713718550583,
7470652003031449736,7470595713718550584,
7470652003031449736,7470595713718550585,
7470652003031449736,7470595713718550586,
7470652003031449736,7470595713718550587,
7470652003031449736,7470595713718550588,
7470652003031449736,7470595713718550589,
7470652003031449736,7470595713718550590,
7470652003031449736,7470595713718550591,
7470652003031449736,7470595713718550592,
7470652003031449736,7470595713718550593,
7470652003031449736,7470595713718550594,
7470652003031449736,7470595713718550595,
7470652003031449736,7470595713718550596,
7470652003031449736,7470595713718550597,
7470652003031449736,7470595713718550598,
7470652003031449736,7470595713718550599,
7470652003031449736,7470595713718550600,
7470652003031449736,7470595713718550601,
7470652003031449736,7470595713718550602,
7470652003031449736,7470595713718550603,
7470652003031449736,7470595713718550604,
7470652003031449736,7470595713718550605,
7470652003031449736,7470595713718550606,
7470652003031449736,7470595713718550607,
7470652003031449736,7470595713718550608,
7470652003031449736,7470595713718550609,
7470652003031449736,7470595713718550610,
7470652003031449736,7470595713718550654,
7470652003031449736,7470595713718550655,
7470652003031449736,7470595713718550656,
7470652003031449736,7470595713718550657,
7470652003031449736,7470595713718550658,
7470652003031449736,7470595713718550659,
7470652003031449736,7470595713718550660,
7470652003031449736,7470595713718550661,
7470652003031449736,7470595713718550662,
7470652003031449736,7470595713718550663,
7470652003031449736,7470595713718550664,
7470652003031449736,7470595713718550665,
7470652003031449736,7470595713718550666,
7470652003031449736,7470595713718550667,
7470652003031449736,7470595713718550668,
7470652003031449736,7470595713718550669,
7470652003031449736,7470595713718550670,
7470652003031449736,7470595713718550671,
7470652003031449736,7470595713718550672,
7470652003031449736,7470595713718550673,
7470652003031449736,7470595713718550674,
7470652003031449736,7470595713718550675,
7470652003031449736,7470595713718550676,
7470652003031449736,7470595713718550677,
7470652003031449736,7470595713718550678,
7470652003031449736,7470595713718550679,
7470652003031449736,7470595713718550680,
7470652003031449736,7470595713718550681,
7470652003031449736,7470595713718550682,
7470652003031449736,7470595713718550683,
7470652003031449736,7470595713718550684,
7470652003031449736,7470595713718550685,
7470652003031449736,7470595713718550686,
7470652003031449736,7470595713718550687,
7470652003031449736,7470595713718550688,
7470652003031449736,7470595713718550689,
7470652003031449736,7470595713718550690,
7470652003031449736,7470595713718550691,
7470652003031449736,7470595713718550692,
7470652003031449736,7470595713718550693,
7470652003031449736,7470595713718550694,
7470652003031449736,7470595713718550695,
7470652003031449736,7470595713718550696,
7470652003031449736,7470595713718550697,
7470652003031449736,7470595713718550698,
7470652003031449736,7470595713718550699,
7470652003031449736,7470595713718550700,
7470652003031449736,7470595713718550701,
7470652003031449736,7470595713718550702,
7470652003031449736,7470595713718550703,
7470652003031449736,7470595713718550704,
7470652003031449736,7470595713718550705,
7470652003031449736,7470595713718550706,
7470652003031449736,7470595713718550707,
7470652003031449736,7470595713718550708,
7470652003031449736,7470595713718550709,
7470652003031449736,7470595713718550710,
7470652003031449736,7470595713718550711,
7470652003031449736,7470595713718550712,
7470652003031449736,7470595713718550713,
7470652003031449736,7470595713718550714,
7470652003031449736,7470595713718550715,
7470652003031449736,7470595713718550716,
7470652003031449736,7470595713718550717,
7470652003031449736,7470595713718550718,
7470652003031449736,7470595713718550719,
7470652003031449736,7470595713718550720,
7470652003031449736,7470595713718550721,
7470652003031449736,7470595713718550722,
7470652003031449736,7470595713718550723,
7470652003031449736,7470595713718550724,
7470652003031449736,7470595713718550725,
7470652003031449736,7470595713718550726,
7470652003031449736,7470595713718550727,
7470652003031449736,7470595713718550728,
7470652003031449736,7470595713718550729,
7470652003031449736,7470595713718550730,
7470652003031449736,7470595713718550731,
7470652003031449736,7470595713718550732,
7470652003031449736,7470595713718550733,
7470652003031449736,7470595713718550734,
7470652003031449736,7470595713718550735,
7470652003031449736,7470595713718550736,
7470652003031449736,7470595713718550737,
7470652003031449736,7470595713718550738,
7470652003031449736,7470595713718550739,
7470652003031449736,7470595713718550740,
7470652003031449736,7470595713718550741,
7470652003031449736,7470595713735327925,
7470652003031449736,7470595713768882274,
7470652003031449736,7471434169822446728,
7470652003031449736,7471434271135479220,
7470652003031449736,7471434361109350322,
7470652003031449736,7471600329355534952,
7470652003031449736,7471600371273150856,
7470652003031449736,7471614321237282924,
7470652003031449736,7471614361073117394,
7470652003031449736,7471614571349014355,
7470652003031449736,7471616148327678074,
7470652003031449736,7472120337145527374,
7470652003031449736,7472120337217320619,
7470652003031449736,7472120337218919165,
7470652003031449736,7472120337218994293,
7470652003031449736,7472120337220471531,
7470652003031449736,7472313540499222540,
7470652003031449736,7472313540513002183,
7470652003031449736,7472313540516114461,
7470652003031449736,7472313540516574429,
7470652003031449736,7472313540517007987,
7470652003031449736,7472313540528971969,
7470652003031449736,7472313540529006803,
7470652003031449736,7472313540529152758,
7470652003031449736,7472313540529344710,
7470652003031449736,7472313540529739243,
7470652003031449736,7472313540530233016,
7470652003031449736,7472313540530635434,
7470652003031449736,7472313540530716830,
7470652003031449736,7472313540531476014,
7470652003031449736,7472313540531834005,
7470652003031449736,7472313540531896853,
7470652003031449736,7472815276475974166,
7470652003031449736,7472815276477726715,
7470652003031449736,7472815276493616508,
7470652003031449736,7472815276495622478,
7470652003031449736,7472815276496350682,
7470652003031449736,7472815276501823515,
7470652003031449736,7472966923930056456,
7470652003031449736,7472966923932347179,
7470652003031449736,7472966923936243759,
7470652003031449736,7472966923936441333,
7470652003031449736,7472966923936492900,
7470652003031449736,7472966923949905049,
7470652003031449736,7473049686385267572,
7470652003031449736,7473049686391219237,
7470652003031449736,7473049686391349845,
7470652003031449736,7473049686392603640,
7470652003031449736,7473049686393308648,
7470652003031449736,7473049686393628753,
7470652003031449736,7473049686393749974,
7470652003031449736,7473049686394775621,
7470652003031449736,7473049686395172441,
7470652003031449736,7473049686395635151,
7470652003031449736,7473049686395650158,
7470652003031449736,7473049686398014138,
7470652003031449736,7473049686426038865,
7470652003031449736,7473049686426060747,
7470652003031449736,7473049686426908228,
7470652003031449736,7473049686427595650,
7470652003031449736,7473049686427926599,
7470652003031449736,7473049686429369959,
7470652003031449736,7473049686429611550,
7470652003031449736,7473049686429834280,
7470652003031449736,7473049686429844205,
7470652003031449736,7473049686459875997,
7470652003031449736,7473049686459971410,
7470652003031449736,7473049686460047558,
7470652003031449736,7473049686462236355,
7470652003031449736,7473049686464759388,
7470652003031449736,7473049686466557323,
7470652003031449736,7473208335288202927,
7470652003031449736,7473208335294488371,
7470652003031449736,7473208335295130654,
7470652003031449736,7473208335295272845,
7470652003031449736,7473208335295887899,
7470652003031449736,7473208335296762849,
7470652003031449736,7473208335296782937,
7470652003031449736,7473208335298606403,
7470652003031449736,7473208335299221172,
7470652003031449736,7473208335313731524,
7470652003031449736,7473208335314727088,
7470652003031449736,7473208335360842281,
7470652003031449736,7473208335361410230,
7470652003031449736,7473208335376837211,
7470652003031449736,7473208335377251614,
7470652003031449736,7473208335377648461,
7470652003031449736,7473208335423354296,
7470652003031449737,7470595713718550605,
7470652003031449737,7470595713718550606,
7470652003031449737,7470595713718550610,
7470652003031449737,7470595713718550611,
7470652003031449737,7470595713718550612,
7470652003031449737,7470595713718550613,
7470652003031449737,7470595713718550614,
7470652003031449737,7470595713718550615,
7470652003031449737,7470595713718550616,
7470652003031449737,7470595713718550617,
7470652003031449737,7470595713718550618,
7470652003031449737,7470595713718550619,
7470652003031449737,7470595713718550620,
7470652003031449737,7470595713718550621,
7470652003031449737,7470595713718550622,
7470652003031449737,7470595713718550623,
7470652003031449737,7470595713718550624,
7470652003031449737,7470595713718550625,
7470652003031449737,7470595713718550626,
7470652003031449737,7470595713718550627,
7470652003031449737,7470595713718550628,
7470652003031449737,7470595713718550629,
7470652003031449737,7470595713718550630,
7470652003031449737,7470595713718550631,
7470652003031449737,7470595713718550632,
7470652003031449737,7470595713718550633,
7470652003031449737,7470595713718550634,
7470652003031449737,7470595713718550635,
7470652003031449737,7470595713718550636,
7470652003031449737,7470595713718550637,
7470652003031449737,7470595713718550638,
7470652003031449737,7470595713718550639,
7470652003031449737,7470595713718550640,
7470652003031449737,7470595713718550641,
7470652003031449737,7470595713718550642,
7470652003031449737,7470595713718550643,
7470652003031449737,7470595713718550644,
7470652003031449737,7470595713718550645,
7470652003031449737,7470595713718550646,
7470652003031449737,7470595713718550647,
7470652003031449737,7470595713718550648,
7470652003031449737,7470595713718550649,
7470652003031449737,7470595713718550650,
7470652003031449737,7470595713718550651,
7470652003031449737,7470595713718550652,
7470652003031449737,7470595713718550653,
7470652003031449737,7470595713773076625,
7470652003031449737,7470595713785659587,
7470652003031449737,7470595713785659588,
7470652003031449737,7470595713785659593,
7470652003031449737,7470595713785659600,
7470652003031449737,7470595713785659603,
7470652003031449737,7470595713785659604,
7470652003031449737,7470595713785659605,
7470652003031449737,7470595713785659606,
7470652003031449737,7470595713785659607,
7470652003031449737,7470595713789853699,
7470652003031449737,7470595713819214033,
7470652003031449737,7470595713819214034,
7470652003031449737,7470595713819214035,
7470652003031449737,7470595713823408154,
7470652003031449737,7472313540529925592,
7470652003031449737,7472815276478751714,
7470652003031449737,7472815276479125245,
7470652003031449738,7470595713726939221,
7470652003031449738,7470595713726939266,
7470652003031449738,7470595713731133642,
7470652003031449738,7470595713731133643,
7470652003031449738,7470595713731133644,
7470652003031449738,7470595713731133645,
7470652003031449738,7470595713731133646,
7470652003031449738,7470595713731133647,
7470652003031449738,7470595713731133648,
7470652003031449738,7470595713731133649,
7470652003031449738,7470595713731133650,
7470652003031449738,7470595713731133651,
7470652003031449738,7470595713731133652,
7470652003031449738,7470595713731133653,
7470652003031449738,7470595713731133654,
7470652003031449738,7470595713731133655,
7470652003031449738,7470595713731133656,
7470652003031449738,7470595713731133657,
7470652003031449738,7470595713731133658,
7470652003031449738,7470595713731133659,
7470652003031449738,7470595713731133660,
7470652003031449738,7470595713731133661,
7470652003031449738,7470595713731133662,
7470652003031449738,7470595713731133663,
7470652003031449738,7470595713731133664,
7470652003031449738,7470595713731133665,
7470652003031449738,7470595713731133666,
7470652003031449738,7470595713731133667,
7470652003031449738,7470595713731133668,
7470652003031449738,7470595713731133669,
7470652003031449738,7470595713731133670,
7470652003031449738,7470595713731133671,
7470652003031449738,7470595713731133672,
7470652003031449738,7470595713731133673,
7470652003031449738,7470595713731133674,
7470652003031449738,7470595713731133675,
7470652003031449738,7470595713731133676,
7470652003031449738,7470595713731133677,
7470652003031449738,7470595713731133678,
7470652003031449738,7470595713731133679,
7470652003031449738,7470595713731133680,
7470652003031449738,7470595713731133681,
7470652003031449738,7470595713731133682,
7470652003031449738,7470595713731133683,
7470652003031449738,7470595713731133684,
7470652003031449738,7470595713731133685,
7470652003031449738,7470595713731133686,
7470652003031449738,7470595713731133687,
7470652003031449738,7470595713731133688,
7470652003031449738,7470595713731133689,
7470652003031449738,7470595713731133690,
7470652003031449738,7470595713731133691,
7470652003031449738,7470595713731133692,
7470652003031449738,7470595713731133693,
7470652003031449738,7470595713731133694,
7470652003031449738,7470595713731133695,
7470652003031449738,7470595713731133696,
7470652003031449738,7470595713731133697,
7470652003031449738,7470595713731133698,
7470652003031449738,7470595713731133699,
7470652003031449738,7470595713731133700,
7470652003031449738,7470595713731133701,
7470652003031449738,7470595713731133702,
7470652003031449738,7470595713731133703,
7470652003031449738,7470595713731133704,
7470652003031449738,7470595713731133705,
7470652003031449738,7470595713731133706,
7470652003031449738,7470595713731133707,
7470652003031449738,7470595713731133708,
7470652003031449738,7470595713731133709,
7470652003031449738,7470595713731133710,
7470652003031449738,7470595713731133711,
7470652003031449738,7470595713731133712,
7470652003031449738,7470595713731133713,
7470652003031449738,7470595713823408238,
7470652003031449738,7471641994505757821,
7470652003031449738,7472120337121450413,
7470652003031449738,7472120337122793304,
7470652003031449738,7472313540465288978,
7470652003031449738,7472313540465653366,
7470652003031449738,7472313540474049935,
7470652003031449738,7472313540475362545,
7470652003031449738,7472313540475860742,
7470652003031449738,7472313540476932228,
7470652003031449738,7472313540479034641,
7470652003031449738,7472313540479708341,
7470652003031449738,7472313540516606954,
7470652003031449738,7472313540530041807,
7470652003031449738,7472371116907925349,
7470652003031449738,7472762259833501336,
7470652003031449738,7472762259833871695,
7470652003031449738,7472815276461032868,
7470652003031449738,7473049686455738608,
7470652003031449738,7473049686456384364,
7470652003031449738,7473049686456643032,
7470652003031449738,7473049686457556323,
7470652003031449738,7473049686458454929,
7470652003031449738,7473208335400092086,
7470652003031449739,7470595713726939406,
7470652003031449739,7470595713726939407,
7470652003031449739,7470595713726939408,
7470652003031449739,7470595713726939409,
7470652003031449739,7470595713726939410,
7470652003031449739,7470595713726939411,
7470652003031449739,7470595713726939412,
7470652003031449740,7470595713726939413,
7470652003031449740,7470595713726939414,
7470652003031449740,7470595713726939415,
7470652003031449740,7470595713726939416,
7470652003031449740,7470595713726939417,
7470652003031449740,7470595713726939418,
7470652003031449740,7470595713726939419,
7470652003031449740,7470595713726939420,
7470652003031449740,7470595713726939421,
7470652003031449740,7470595713726939422,
7470652003031449740,7470595713726939423,
7470652003031449740,7470595713726939424,
7470652003031449740,7470595713726939425,
7470652003031449740,7470595713726939426,
7470652003031449740,7470595713726939427,
7470652003031449740,7470595713726939428,
7470652003031449740,7470595713726939429,
7470652003031449740,7470595713726939430,
7470652003031449740,7470595713726939431,
7470652003031449740,7470595713726939432,
7470652003031449740,7470595713726939433,
7470652003031449740,7470595713726939434,
7470652003031449740,7470595713726939435,
7470652003031449740,7470595713726939436,
7470652003031449740,7470595713726939437,
7470652003031449740,7470595713726939438,
7470652003031449740,7470595713726939439,
7470652003031449740,7470595713726939440,
7470652003031449740,7470595713726939441,
7470652003031449740,7470595713726939442,
7470652003031449740,7470595713726939443,
7470652003031449740,7470595713726939444,
7470652003031449740,7470595713731133440,
7470652003031449740,7470595713731133441,
7470652003031449740,7470595713731133442,
7470652003031449740,7470595713731133443,
7470652003031449740,7470595713731133444,
7470652003031449740,7470595713731133445,
7470652003031449740,7470595713731133446,
7470652003031449740,7470595713731133447,
7470652003031449740,7470595713731133448,
7470652003031449740,7470595713731133449,
7470652003031449740,7470595713731133450,
7470652003031449740,7470595713731133451,
7470652003031449740,7470595713731133452,
7470652003031449740,7470595713731133453,
7470652003031449740,7470595713731133454,
7470652003031449740,7470595713731133455,
7470652003031449740,7470595713731133456,
7470652003031449740,7470595713731133457,
7470652003031449740,7470595713731133458,
7470652003031449740,7470595713731133459,
7470652003031449740,7470595713731133460,
7470652003031449740,7470595713731133461,
7470652003031449740,7472313540495023997,
7470652003031449740,7472313540495957241,
7470652003031449740,7472313540498365559,
7470652003031449740,7472815276459211076,
7470652003031449740,7473049686459322899,
7470652003031449740,7473049686460190081,
7470652003031449740,7473049686462841789,
7470652003031449741,7470595713731133462,
7470652003031449741,7470595713731133463,
7470652003031449741,7470595713731133464,
7470652003031449741,7470595713731133465,
7470652003031449741,7470595713731133466,
7470652003031449741,7470595713731133467,
7470652003031449741,7470595713731133468,
7470652003031449741,7470595713731133469,
7470652003031449741,7470595713731133470,
7470652003031449741,7470595713731133471,
7470652003031449741,7470595713731133472,
7470652003031449741,7470595713731133473,
7470652003031449741,7470595713731133474,
7470652003031449741,7470595713731133475,
7470652003031449741,7470595713731133476,
7470652003031449741,7470595713731133477,
7470652003031449741,7470595713773076569,
7470652003031449741,7472966923916919509,
7470652003031449742,7470595713731133632,
7470652003031449742,7470595713731133633,
7470652003031449742,7470595713731133634,
7470652003031449742,7470595713731133635,
7470652003031449742,7470595713731133636,
7470652003031449742,7470595713731133637,
7470652003031449742,7470595713731133638,
7470652003031449742,7470595713731133639,
7470652003031449742,7470595713731133640,
7470652003031449742,7470595713731133641,
7470652003031449743,7470595713689190410,
7470652003031449743,7470595713689190411,
7470652003031449743,7470595713689190412,
7470652003031449743,7470595713731133587,
7470652003031449743,7470595713731133588,
7470652003031449743,7470595713731133589,
7470652003031449743,7470595713731133590,
7470652003031449743,7470595713731133591,
7470652003031449743,7470595713731133592,
7470652003031449743,7470595713731133593,
7470652003031449743,7470595713731133594,
7470652003031449743,7470595713731133595,
7470652003031449743,7470595713731133596,
7470652003031449743,7470595713731133597,
7470652003031449743,7470595713731133598,
7470652003031449743,7470595713731133599,
7470652003031449743,7470595713731133600,
7470652003031449743,7470595713731133601,
7470652003031449743,7470595713731133602,
7470652003031449743,7470595713731133603,
7470652003031449743,7470595713731133604,
7470652003031449743,7470595713731133605,
7470652003031449743,7470595713731133606,
7470652003031449743,7470595713731133607,
7470652003031449743,7470595713731133608,
7470652003031449743,7470595713731133609,
7470652003031449743,7470595713731133610,
7470652003031449743,7470595713731133611,
7470652003031449743,7470595713731133612,
7470652003031449743,7470595713731133613,
7470652003031449743,7470595713756299456,
7470652003031449744,7470595713731133531,
7470652003031449744,7470595713731133532,
7470652003031449744,7470595713731133533,
7470652003031449744,7470595713731133534,
7470652003031449744,7470595713731133535,
7470652003031449744,7470595713731133536,
7470652003031449744,7470595713731133537,
7470652003031449744,7470595713731133538,
7470652003031449744,7470595713731133539,
7470652003031449744,7470595713731133540,
7470652003031449744,7470595713731133541,
7470652003031449744,7470595713731133542,
7470652003031449744,7470595713731133543,
7470652003031449744,7470595713731133544,
7470652003031449744,7470595713731133545,
7470652003031449744,7470595713731133546,
7470652003031449744,7470595713731133547,
7470652003031449744,7470595713731133548,
7470652003031449744,7470595713731133549,
7470652003031449744,7470595713731133550,
7470652003031449744,7470595713731133551,
7470652003031449744,7470595713731133552,
7470652003031449744,7470595713731133553,
7470652003031449744,7470595713731133554,
7470652003031449744,7470595713731133555,
7470652003031449744,7470595713731133556,
7470652003031449744,7470595713731133557,
7470652003031449744,7470595713731133558,
7470652003031449744,7470595713731133559,
7470652003031449744,7470595713731133560,
7470652003031449744,7470595713731133561,
7470652003031449744,7470595713731133562,
7470652003031449744,7470595713731133563,
7470652003031449744,7470595713731133564,
7470652003031449744,7470595713731133565,
7470652003031449744,7470595713731133566,
7470652003031449744,7470595713731133567,
7470652003031449744,7470595713731133568,
7470652003031449744,7470595713731133569,
7470652003031449744,7470595713731133570,
7470652003031449744,7470595713731133571,
7470652003031449744,7470595713731133572,
7470652003031449744,7470595713731133573,
7470652003031449744,7470595713731133574,
7470652003031449744,7470595713731133575,
7470652003031449744,7470595713731133576,
7470652003031449744,7470595713731133577,
7470652003031449744,7470595713731133578,
7470652003031449744,7470595713731133579,
7470652003031449744,7470595713731133580,
7470652003031449744,7470595713731133581,
7470652003031449744,7470595713731133582,
7470652003031449744,7470595713731133583,
7470652003031449744,7470595713731133584,
7470652003031449744,7470595713731133585,
7470652003031449744,7470595713731133586,
7470652003031449744,7471487374006773032,
7470652003031449745,7470595713731133614,
7470652003031449745,7470595713731133615,
7470652003031449745,7470595713731133616,
7470652003031449745,7470595713731133617,
7470652003031449745,7470595713731133618,
7470652003031449745,7470595713731133619,
7470652003031449745,7470595713731133620,
7470652003031449745,7470595713731133621,
7470652003031449745,7470595713731133622,
7470652003031449745,7470595713731133623,
7470652003031449746,7470595713731133624,
7470652003031449746,7470595713731133625,
7470652003031449746,7470595713731133626,
7470652003031449746,7470595713731133627,
7470652003031449746,7470595713731133628,
7470652003031449746,7470595713731133629,
7470652003031449746,7470595713731133630,
7470652003031449746,7470595713731133631,
7470652003031449747,7470595713726939267,
7470652003031449747,7470595713726939268,
7470652003031449747,7470595713726939269,
7470652003031449747,7470595713726939270,
7470652003031449747,7470595713726939271,
7470652003031449747,7470595713726939272,
7470652003031449747,7470595713726939273,
7470652003031449747,7470595713726939274,
7470652003031449747,7470595713726939275,
7470652003031449747,7470595713726939276,
7470652003031449747,7470595713726939277,
7470652003031449747,7470595713726939278,
7470652003031449747,7470595713726939279,
7470652003031449747,7470595713726939280,
7470652003031449747,7470595713726939281,
7470652003031449747,7470595713726939282,
7470652003031449747,7470595713726939283,
7470652003031449747,7470595713726939284,
7470652003031449748,7470595713731133478,
7470652003031449748,7470595713731133479,
7470652003031449748,7470595713731133480,
7470652003031449748,7470595713731133481,
7470652003031449748,7470595713731133482,
7470652003031449748,7470595713731133483,
7470652003031449748,7470595713731133484,
7470652003031449748,7470595713731133485,
7470652003031449748,7470595713731133486,
7470652003031449748,7470595713731133487,
7470652003031449748,7470595713731133488,
7470652003031449748,7470595713731133489,
7470652003031449748,7470595713731133490,
7470652003031449748,7470595713731133491,
7470652003031449748,7470595713731133492,
7470652003031449748,7470595713731133493,
7470652003031449748,7470595713731133494,
7470652003031449748,7470595713731133495,
7470652003031449748,7470595713731133496,
7470652003031449748,7470595713731133497,
7470652003031449748,7470595713731133498,
7470652003031449748,7470595713731133499,
7470652003031449748,7470595713731133500,
7470652003031449748,7470595713731133501,
7470652003031449748,7470595713731133502,
7470652003031449748,7470595713731133503,
7470652003031449748,7470595713731133504,
7470652003031449748,7470595713731133505,
7470652003031449748,7470595713731133506,
7470652003031449748,7470595713731133507,
7470652003031449748,7470595713731133508,
7470652003031449748,7470595713731133509,
7470652003031449748,7470595713731133510,
7470652003031449748,7470595713731133511,
7470652003031449748,7470595713731133512,
7470652003031449748,7470595713731133513,
7470652003031449748,7470595713731133514,
7470652003031449748,7470595713731133515,
7470652003031449748,7470595713731133516,
7470652003031449748,7470595713731133517,
7470652003031449748,7470595713731133518,
7470652003031449748,7470595713731133519,
7470652003031449748,7470595713731133520,
7470652003031449748,7470595713731133521,
7470652003031449748,7470595713731133522,
7470652003031449748,7470595713731133523,
7470652003031449748,7470595713731133524,
7470652003031449748,7470595713731133525,
7470652003031449748,7470595713731133526,
7470652003031449748,7470595713731133527,
7470652003031449748,7470595713731133528,
7470652003031449748,7470595713731133529,
7470652003031449748,7470595713731133530,
7470652003031449749,7470595713726939262,
7470652003031449749,7470595713726939263,
7470652003031449749,7470595713726939264,
7470652003031449749,7470595713726939265,
7470652003031449750,7470595713726939285,
7470652003031449750,7470595713726939286,
7470652003031449750,7470595713726939287,
7470652003031449750,7470595713726939288,
7470652003031449750,7470595713726939289,
7470652003031449750,7470595713726939290,
7470652003031449750,7470595713726939291,
7470652003031449750,7470595713726939292,
7470652003031449750,7470595713726939293,
7470652003031449750,7470595713726939294,
7470652003031449750,7470595713726939295,
7470652003031449750,7470595713726939296,
7470652003031449750,7470595713726939308,
7470652003031449750,7470595713726939309,
7470652003031449750,7470595713726939310,
7470652003031449750,7470595713726939311,
7470652003031449750,7470595713726939312,
7470652003031449750,7470595713726939313,
7470652003031449750,7470595713726939314,
7470652003031449750,7470595713726939315,
7470652003031449750,7470595713726939316,
7470652003031449750,7470595713726939317,
7470652003031449750,7470595713726939318,
7470652003031449750,7470595713726939319,
7470652003031449750,7470595713726939320,
7470652003031449750,7470595713726939321,
7470652003031449750,7470595713726939322,
7470652003031449750,7470595713726939323,
7470652003031449750,7470595713726939324,
7470652003031449750,7470595713726939325,
7470652003031449750,7470595713726939326,
7470652003031449750,7470595713726939327,
7470652003031449750,7470595713726939328,
7470652003031449750,7470595713726939329,
7470652003031449750,7470595713726939330,
7470652003031449750,7470595713726939331,
7470652003031449750,7470595713726939332,
7470652003031449750,7470595713726939333,
7470652003031449750,7470595713726939334,
7470652003031449750,7470595713726939335,
7470652003031449750,7470595713726939336,
7470652003031449750,7470595713726939337,
7470652003031449750,7470595713726939338,
7470652003031449750,7470595713726939339,
7470652003031449750,7470595713726939340,
7470652003031449750,7470595713726939341,
7470652003031449750,7470595713726939342,
7470652003031449750,7470595713726939343,
7470652003031449750,7470595713726939344,
7470652003031449750,7470595713726939345,
7470652003031449750,7470595713726939346,
7470652003031449750,7470595713726939347,
7470652003031449750,7470595713726939348,
7470652003031449750,7470595713726939349,
7470652003031449750,7470595713726939350,
7470652003031449750,7470595713726939351,
7470652003031449750,7470595713726939352,
7470652003031449750,7470595713726939353,
7470652003031449750,7470595713726939354,
7470652003031449750,7470595713726939355,
7470652003031449750,7470595713726939356,
7470652003031449750,7470595713726939357,
7470652003031449750,7470595713726939358,
7470652003031449750,7470595713726939359,
7470652003031449750,7470595713726939360,
7470652003031449750,7470595713726939361,
7470652003031449750,7470595713726939362,
7470652003031449750,7470595713726939363,
7470652003031449750,7470595713726939364,
7470652003031449750,7470595713726939365,
7470652003031449750,7470595713726939366,
7470652003031449750,7470595713726939367,
7470652003031449750,7470595713726939368,
7470652003031449750,7470595713726939369,
7470652003031449750,7470595713726939370,
7470652003031449750,7470595713726939371,
7470652003031449750,7470595713726939372,
7470652003031449750,7470595713726939373,
7470652003031449750,7470595713726939374,
7470652003031449750,7470595713726939375,
7470652003031449750,7470595713726939376,
7470652003031449750,7470595713726939377,
7470652003031449750,7470595713726939378,
7470652003031449750,7470595713726939379,
7470652003031449750,7470595713726939380,
7470652003031449750,7470595713726939381,
7470652003031449750,7470595713726939382,
7470652003031449750,7470595713726939383,
7470652003031449750,7470595713726939384,
7470652003031449750,7470595713726939385,
7470652003031449750,7470595713726939386,
7470652003031449750,7470595713726939387,
7470652003031449750,7470595713726939388,
7470652003031449750,7470595713726939389,
7470652003031449750,7470595713726939390,
7470652003031449750,7470595713726939391,
7470652003031449750,7470595713726939392,
7470652003031449750,7470595713726939393,
7470652003031449750,7470595713726939394,
7470652003031449750,7470595713726939395,
7470652003031449750,7470595713726939396,
7470652003031449750,7470595713726939397,
7470652003031449750,7470595713726939398,
7470652003031449750,7470595713726939399,
7470652003031449750,7470595713726939400,
7470652003031449750,7470595713726939401,
7470652003031449750,7470595713726939402,
7470652003031449750,7470595713726939403,
7470652003031449750,7470595713726939404,
7470652003031449750,7470595713726939405,
7470652003031449750,7472762259824286613,
7470652003031449750,7472762259825957586,
7470652003031449750,7472762259825990316,
7470652003031449750,7472762259826000678,
7470652003031449750,7472762259827140040,
7470652003031449750,7472762259827729091,
7470652003031449750,7472762259827836677,
7470652003031449750,7472815276456031057,
7470652003031449750,7472815276456608610,
7470652003031449750,7472815276457889934,
7470652003031449750,7472966923899388689,
7470652003031449750,7472966923900041280,
7470652003031449750,7472966923904980616,
7470652003031449750,7472966923923946416,
7470652003031449750,7473208335416963532,
7470652003031449750,7473208335417120089,
7470652003031449750,7473208335417495636,
7470652003031449750,7473208335417883515,
7470652003031449750,7473208335418454463,
7470652003031449750,7473208335418818220,
7470652003031449750,7473208335419286510,
7470652003031449750,7473208335419922167,
7470652003031449750,7473208335419940983,
7470652003031449751,7470595713726939297,
7470652003031449751,7470595713726939298,
7470652003031449751,7470595713726939299,
7470652003031449751,7470595713726939300,
7470652003031449751,7470595713726939301,
7470652003031449751,7470595713726939302,
7470652003031449751,7470595713726939303,
7470652003031449751,7470595713726939304,
7470652003031449751,7470595713726939305,
7470652003031449751,7470595713726939306,
7470652003031449751,7470595713726939307,
7470652003031449752,7470595713726939222,
7470652003031449752,7470595713726939223,
7470652003031449752,7470595713726939224,
7470652003031449752,7470595713726939225,
7470652003031449752,7470595713726939226,
7470652003031449752,7470595713726939227,
7470652003031449752,7470595713726939228,
7470652003031449752,7470595713726939229,
7470652003031449752,7470595713726939230,
7470652003031449752,7470595713726939231,
7470652003031449752,7470595713726939232,
7470652003031449752,7470595713726939233,
7470652003031449752,7470595713726939234,
7470652003031449752,7470595713726939235,
7470652003031449752,7470595713726939236,
7470652003031449752,7470595713726939237,
7470652003031449752,7470595713726939238,
7470652003031449752,7470595713726939239,
7470652003031449752,7470595713726939240,
7470652003031449752,7470595713726939241,
7470652003031449752,7470595713726939242,
7470652003031449752,7470595713726939243,
7470652003031449752,7470595713726939244,
7470652003031449752,7470595713726939245,
7470652003031449752,7470595713726939246,
7470652003031449752,7470595713726939247,
7470652003031449752,7470595713726939248,
7470652003031449752,7470595713726939249,
7470652003031449752,7470595713726939250,
7470652003031449752,7470595713726939251,
7470652003031449752,7470595713726939252,
7470652003031449752,7470595713726939253,
7470652003031449752,7470595713726939254,
7470652003031449752,7470595713726939255,
7470652003031449752,7470595713726939256,
7470652003031449752,7470595713726939257,
7470652003031449752,7470595713726939258,
7470652003031449752,7470595713726939259,
7470652003031449752,7470595713726939260,
7470652003031449752,7470595713726939261,
7470652003031449752,7472815276458476245,
7470652003031449752,7473049686455226514,
7470652003031449752,7473049686455318211,
7470652003031449752,7473049686456996314,
7470652003031449752,7473049686457613479,
7470652003031449752,7473049686458500005,
7470652003031449752,7473049686458809138,
7472293589232990503,7472313540486206831,
7472293589232990503,7472313540486294474,
7472293589232990503,7472313540486416340,
7472293589232990503,7472313540486419542,
7472293589232990503,7472313540486567222,
7472293589232990503,7472313540486655193,
7472293589232990503,7472313540486990932,
7472293589232990503,7472313540487151584,
7472293589232990503,7472313540487210822,
7472293589232990503,7472313540487214696,
7472293589232990503,7472313540487298939,
7472293589232990503,7472313540487567869,
7472293589232990503,7472313540487684333,
7472293589232990503,7472313540488019478,
7472293589232990503,7472313540488568839,
7472293589232990503,7472313540488730379,
7472293589232990503,7472313540489139985,
7472293589232990503,7472313540489254119,
7472293589232990503,7472313540489260447,
7472293589232990503,7472313540489819050,
7472293589232990503,7472313540489939553,
7472293589232990503,7472313540490572188,
7472293589232990503,7472313540491610432,
7472293589232990503,7472313540492908252,
7472293589232990503,7472313540493935041,
7472293589232990503,7472313540494168752,
